STDR_YYQU_CD,ADSTRD_CD,ADSTRD_CD_NM,SVC_INDUTY_CD,SVC_INDUTY_CD_NM,TRDAR_CHNGE_IX,TRDAR_CHNGE_IX_NM,SIMILR_INDUTY_STOR_CO,CLTHS_FTWR_EXPNDTR_TOTAMT,CLS_SALE_MT_AVRG,ETC_EXPNDTR_TOTAMT,OPR_SALE_MT_AVRG,OPBIZ_STOR_CO,CLSBIZ_STOR_CO,SU_OPR_SALE_MT_AVRG,SU_CLS_SALE_MT_AVRG,LVSPL_EXPNDTR_TOTAMT,FDSTFFS_EXPNDTR_TOTAMT,MAG_50_REPOP_CO,AGRDE_40_REPOP_CO,AGRDE_60_ABOVE_REPOP_CO,FD_EXPNDTR_TOTAMT
20233,11110615,종로1·2·3·4가동,CS100001,한식음식점,HH,정체,1089.5473674851828,2229331265.0787315,68.06410112945305,45175784808.35968,152.60584586849424,30.686267227906345,38.78352011590439,107.29418567691927,51.97776192433717,816654503.0019308,5018960979.579606,670.7078528212166,597.2530236953888,3502.3306863754,20919241396.415787
20234,11110615,종로1·2·3·4가동,CS100001,한식음식점,HH,정체,1083.3457641950602,-997195614.2346039,68.11887859974154,47472460556.83358,155.10485280155228,22.318325728499048,30.669595109328768,109.6266244972278,52.69131572027656,854932130.4698079,5253766890.975085,670.4559772967247,597.4363395727809,3502.3121389872026,21390795232.261017
20241,11110615,종로1·2·3·4가동,CS100001,한식음식점,HH,정체,1090.4935182647837,-2270199394.5690837,68.21199705748342,49735847014.078156,157.41032111289076,22.435637719634435,23.109251340902826,112.22258744583144,52.76576021139123,791308628.8168843,5493796508.12069,671.5510034817431,596.3982211551906,3502.3207919362826,22148519992.242004
20242,11110615,종로1·2·3·4가동,CS100001,한식음식점,HH,정체,1079.0043769290894,-2568755845.0542507,68.33040136224206,51664430587.10754,159.65212800981166,31.42393152479832,36.86377786250719,114.50829223046213,52.83624740966744,650080728.8836685,5227460489.131006,671.5509990477726,596.3982232392427,3502.3207922385027,21593878777.385292
20243,11110615,종로1·2·3·4가동,CS100001,한식음식점,HH,정체,1078.381194635268,-2257457808.9947686,69.22150893477111,53130443651.85784,161.29202663038262,31.1375120615592,35.95577642714491,116.72298717047481,52.81923223653176,755171409.5740649,5321079521.966641,500.69730545693903,359.53951482465425,3883.0659273332603,23347136026.321014
20233,11110615,종로1·2·3·4가동,CS100002,중식음식점,HH,정체,75.86312840281981,2229331265.0787315,68.06410112945305,45175784808.35968,152.60584586849424,2.73293941324717,6.1101279945790665,107.29418567691927,51.97776192433717,816654503.0019308,5018960979.579606,670.7078528212166,597.2530236953888,3502.3306863754,20919241396.415787
20234,11110615,종로1·2·3·4가동,CS100002,중식음식점,HH,정체,78.05053289835001,-997195614.2346039,68.11887859974154,47472460556.83358,155.10485280155228,0.8518036200264054,-1.1397838301408423,109.6266244972278,52.69131572027656,854932130.4698079,5253766890.975085,670.4559772967247,597.4363395727809,3502.3121389872026,21390795232.261017
20241,11110615,종로1·2·3·4가동,CS100002,중식음식점,HH,정체,77.18379084492894,-2270199394.5690837,68.21199705748342,49735847014.078156,157.41032111289076,1.7734131538873408,3.3830914991226155,112.22258744583144,52.76576021139123,791308628.8168843,5493796508.12069,671.5510034817431,596.3982211551906,3502.3207919362826,22148519992.242004
20242,11110615,종로1·2·3·4가동,CS100002,중식음식점,HH,정체,78.71436467123975,-2568755845.0542507,68.33040136224206,51664430587.10754,159.65212800981166,1.5725755539358914,0.6532632254983809,114.50829223046213,52.83624740966744,650080728.8836685,5227460489.131006,671.5509990477726,596.3982232392427,3502.3207922385027,21593878777.385292
20243,11110615,종로1·2·3·4가동,CS100002,중식음식점,HH,정체,76.68792238003627,-2257457808.9947686,69.22150893477111,53130443651.85784,161.29202663038262,2.4937173800652888,5.936066965469473,116.72298717047481,52.81923223653176,755171409.5740649,5321079521.966641,500.69730545693903,359.53951482465425,3883.0659273332603,23347136026.321014
20233,11110615,종로1·2·3·4가동,CS100003,일식음식점,HH,정체,112.94285485674187,2229331265.0787315,68.06410112945305,45175784808.35968,152.60584586849424,3.8859674322915314,2.635861652840794,107.29418567691927,51.97776192433717,816654503.0019308,5018960979.579606,670.7078528212166,597.2530236953888,3502.3306863754,20919241396.415787
20234,11110615,종로1·2·3·4가동,CS100003,일식음식점,HH,정체,112.61977186395814,-997195614.2346039,68.11887859974154,47472460556.83358,155.10485280155228,3.1515687321473598,4.003401801166309,109.6266244972278,52.69131572027656,854932130.4698079,5253766890.975085,670.4559772967247,597.4363395727809,3502.3121389872026,21390795232.261017
20241,11110615,종로1·2·3·4가동,CS100003,일식음식점,HH,정체,114.10135326879106,-2270199394.5690837,68.21199705748342,49735847014.078156,157.41032111289076,4.85718460193287,3.608094812787477,112.22258744583144,52.76576021139123,791308628.8168843,5493796508.12069,671.5510034817431,596.3982211551906,3502.3207919362826,22148519992.242004
20242,11110615,종로1·2·3·4가동,CS100003,일식음식점,HH,정체,112.75859607390107,-2568755845.0542507,68.33040136224206,51664430587.10754,159.65212800981166,3.1918078048033918,5.07533674685481,114.50829223046213,52.83624740966744,650080728.8836685,5227460489.131006,671.5509990477726,596.3982232392427,3502.3207922385027,21593878777.385292
20243,11110615,종로1·2·3·4가동,CS100003,일식음식점,HH,정체,114.79006326310368,-2257457808.9947686,69.22150893477111,53130443651.85784,161.29202663038262,4.347723426425845,2.7377863241603984,116.72298717047481,52.81923223653176,755171409.5740649,5321079521.966641,500.69730545693903,359.53951482465425,3883.0659273332603,23347136026.321014
20233,11110615,종로1·2·3·4가동,CS100004,양식음식점,HH,정체,175.59789499518925,2229331265.0787315,68.06410112945305,45175784808.35968,152.60584586849424,5.575224403741394,4.803482454504654,107.29418567691927,51.97776192433717,816654503.0019308,5018960979.579606,670.7078528212166,597.2530236953888,3502.3306863754,20919241396.415787
20234,11110615,종로1·2·3·4가동,CS100004,양식음식점,HH,정체,177.71607677928344,-997195614.2346039,68.11887859974154,47472460556.83358,155.10485280155228,4.704642469249671,2.0075580581714867,109.6266244972278,52.69131572027656,854932130.4698079,5253766890.975085,670.4559772967247,597.4363395727809,3502.3121389872026,21390795232.261017
20241,11110615,종로1·2·3·4가동,CS100004,양식음식점,HH,정체,177.79896534918723,-2270199394.5690837,68.21199705748342,49735847014.078156,157.41032111289076,2.6452208192360587,1.8931471333636627,112.22258744583144,52.76576021139123,791308628.8168843,5493796508.12069,671.5510034817431,596.3982211551906,3502.3207919362826,22148519992.242004
20242,11110615,종로1·2·3·4가동,CS100004,양식음식점,HH,정체,185.32004421468233,-2568755845.0542507,68.33040136224206,51664430587.10754,159.65212800981166,7.755232804393679,0.6408436178585275,114.50829223046213,52.83624740966744,650080728.8836685,5227460489.131006,671.5509990477726,596.3982232392427,3502.3207922385027,21593878777.385292
20243,11110615,종로1·2·3·4가동,CS100004,양식음식점,HH,정체,184.81414564353446,-2257457808.9947686,69.22150893477111,53130443651.85784,161.29202663038262,3.706110833538526,4.058141147025659,116.72298717047481,52.81923223653176,755171409.5740649,5321079521.966641,500.69730545693903,359.53951482465425,3883.0659273332603,23347136026.321014
20233,11110615,종로1·2·3·4가동,CS100005,제과점,HH,정체,67.82320561449423,2229331265.0787315,68.06410112945305,45175784808.35968,152.60584586849424,7.72532790837389,2.3748612531191444,107.29418567691927,51.97776192433717,816654503.0019308,5018960979.579606,670.7078528212166,597.2530236953888,3502.3306863754,20919241396.415787
20234,11110615,종로1·2·3·4가동,CS100005,제과점,HH,정체,67.72600467155277,-997195614.2346039,68.11887859974154,47472460556.83358,155.10485280155228,1.8453963327246692,1.3331890391519792,109.6266244972278,52.69131572027656,854932130.4698079,5253766890.975085,670.4559772967247,597.4363395727809,3502.3121389872026,21390795232.261017
20241,11110615,종로1·2·3·4가동,CS100005,제과점,HH,정체,67.71759057239139,-2270199394.5690837,68.21199705748342,49735847014.078156,157.41032111289076,6.110955137753167,1.1179291091497585,112.22258744583144,52.76576021139123,791308628.8168843,5493796508.12069,671.5510034817431,596.3982211551906,3502.3207919362826,22148519992.242004
20242,11110615,종로1·2·3·4가동,CS100005,제과점,HH,정체,69.20307011139721,-2568755845.0542507,68.33040136224206,51664430587.10754,159.65212800981166,9.688734209166537,3.615497062447421,114.50829223046213,52.83624740966744,650080728.8836685,5227460489.131006,671.5509990477726,596.3982232392427,3502.3207922385027,21593878777.385292
20243,11110615,종로1·2·3·4가동,CS100005,제과점,HH,정체,70.81814852410692,-2257457808.9947686,69.22150893477111,53130443651.85784,161.29202663038262,10.941778287203515,2.505764866819304,116.72298717047481,52.81923223653176,755171409.5740649,5321079521.966641,500.69730545693903,359.53951482465425,3883.0659273332603,23347136026.321014
20233,11110615,종로1·2·3·4가동,CS100006,패스트푸드점,HH,정체,66.46658499253738,2229331265.0787315,68.06410112945305,45175784808.35968,152.60584586849424,0.07271315899928242,2.35538559026921,107.29418567691927,51.97776192433717,816654503.0019308,5018960979.579606,670.7078528212166,597.2530236953888,3502.3306863754,20919241396.415787
20234,11110615,종로1·2·3·4가동,CS100006,패스트푸드점,HH,정체,65.518071520433,-997195614.2346039,68.11887859974154,47472460556.83358,155.10485280155228,-1.440119605810239,0.25390456436565323,109.6266244972278,52.69131572027656,854932130.4698079,5253766890.975085,670.4559772967247,597.4363395727809,3502.3121389872026,21390795232.261017
20241,11110615,종로1·2·3·4가동,CS100006,패스트푸드점,HH,정체,66.61628471960272,-2270199394.5690837,68.21199705748342,49735847014.078156,157.41032111289076,-1.511460785600814,-0.9940970424498085,112.22258744583144,52.76576021139123,791308628.8168843,5493796508.12069,671.5510034817431,596.3982211551906,3502.3207919362826,22148519992.242004
20242,11110615,종로1·2·3·4가동,CS100006,패스트푸드점,HH,정체,64.45680847181386,-2568755845.0542507,68.33040136224206,51664430587.10754,159.65212800981166,-1.7450036349445006,2.5220298404707586,114.50829223046213,52.83624740966744,650080728.8836685,5227460489.131006,671.5509990477726,596.3982232392427,3502.3207922385027,21593878777.385292
20243,11110615,종로1·2·3·4가동,CS100006,패스트푸드점,HH,정체,65.75070873293956,-2257457808.9947686,69.22150893477111,53130443651.85784,161.29202663038262,-1.6296978899766086,-0.3740756707915307,116.72298717047481,52.81923223653176,755171409.5740649,5321079521.966641,500.69730545693903,359.53951482465425,3883.0659273332603,23347136026.321014
20233,11110615,종로1·2·3·4가동,CS100007,치킨전문점,HH,정체,33.584121052547786,2229331265.0787315,68.06410112945305,45175784808.35968,152.60584586849424,1.206818780112049,1.2972894924602967,107.29418567691927,51.97776192433717,816654503.0019308,5018960979.579606,670.7078528212166,597.2530236953888,3502.3306863754,20919241396.415787
20234,11110615,종로1·2·3·4가동,CS100007,치킨전문점,HH,정체,32.77669139754128,-997195614.2346039,68.11887859974154,47472460556.83358,155.10485280155228,0.9429200861411117,0.08955408838734114,109.6266244972278,52.69131572027656,854932130.4698079,5253766890.975085,670.4559772967247,597.4363395727809,3502.3121389872026,21390795232.261017
20241,11110615,종로1·2·3·4가동,CS100007,치킨전문점,HH,정체,33.03590406470961,-2270199394.5690837,68.21199705748342,49735847014.078156,157.41032111289076,2.0117299180893746,1.5020533331441444,112.22258744583144,52.76576021139123,791308628.8168843,5493796508.12069,671.5510034817431,596.3982211551906,3502.3207919362826,22148519992.242004
20242,11110615,종로1·2·3·4가동,CS100007,치킨전문점,HH,정체,33.85350347599917,-2568755845.0542507,68.33040136224206,51664430587.10754,159.65212800981166,0.06815557259279836,1.0661467051545905,114.50829223046213,52.83624740966744,650080728.8836685,5227460489.131006,671.5509990477726,596.3982232392427,3502.3207922385027,21593878777.385292
20243,11110615,종로1·2·3·4가동,CS100007,치킨전문점,HH,정체,34.26884803170819,-2257457808.9947686,69.22150893477111,53130443651.85784,161.29202663038262,1.7958555171379795,0.9229377082196982,116.72298717047481,52.81923223653176,755171409.5740649,5321079521.966641,500.69730545693903,359.53951482465425,3883.0659273332603,23347136026.321014
20233,11110615,종로1·2·3·4가동,CS100008,분식전문점,HH,정체,292.4792163558495,2229331265.0787315,68.06410112945305,45175784808.35968,152.60584586849424,8.611978125821182,8.799508942334072,107.29418567691927,51.97776192433717,816654503.0019308,5018960979.579606,670.7078528212166,597.2530236953888,3502.3306863754,20919241396.415787
20234,11110615,종로1·2·3·4가동,CS100008,분식전문점,HH,정체,294.6721959626847,-997195614.2346039,68.11887859974154,47472460556.83358,155.10485280155228,8.675062765272946,6.501834244330233,109.6266244972278,52.69131572027656,854932130.4698079,5253766890.975085,670.4559772967247,597.4363395727809,3502.3121389872026,21390795232.261017
20241,11110615,종로1·2·3·4가동,CS100008,분식전문점,HH,정체,297.8746758275702,-2270199394.5690837,68.21199705748342,49735847014.078156,157.41032111289076,10.471229638320924,7.687708464548497,112.22258744583144,52.76576021139123,791308628.8168843,5493796508.12069,671.5510034817431,596.3982211551906,3502.3207919362826,22148519992.242004
20242,11110615,종로1·2·3·4가동,CS100008,분식전문점,HH,정체,300.6419019202051,-2568755845.0542507,68.33040136224206,51664430587.10754,159.65212800981166,9.982850244472385,8.46148938344539,114.50829223046213,52.83624740966744,650080728.8836685,5227460489.131006,671.5509990477726,596.3982232392427,3502.3207922385027,21593878777.385292
20243,11110615,종로1·2·3·4가동,CS100008,분식전문점,HH,정체,302.3605560427976,-2257457808.9947686,69.22150893477111,53130443651.85784,161.29202663038262,9.105782865250958,7.746569961257162,116.72298717047481,52.81923223653176,755171409.5740649,5321079521.966641,500.69730545693903,359.53951482465425,3883.0659273332603,23347136026.321014
20233,11110615,종로1·2·3·4가동,CS100009,호프-간이주점,HH,정체,161.80533527638983,2229331265.0787315,68.06410112945305,45175784808.35968,152.60584586849424,0.9885293941627951,4.057604826291371,107.29418567691927,51.97776192433717,816654503.0019308,5018960979.579606,670.7078528212166,597.2530236953888,3502.3306863754,20919241396.415787
20234,11110615,종로1·2·3·4가동,CS100009,호프-간이주점,HH,정체,155.000214589412,-997195614.2346039,68.11887859974154,47472460556.83358,155.10485280155228,0.8239004674134054,2.911983211689741,109.6266244972278,52.69131572027656,854932130.4698079,5253766890.975085,670.4559772967247,597.4363395727809,3502.3121389872026,21390795232.261017
20241,11110615,종로1·2·3·4가동,CS100009,호프-간이주점,HH,정체,150.29840819191608,-2270199394.5690837,68.21199705748342,49735847014.078156,157.41032111289076,3.9516567476919304,2.596288874770023,112.22258744583144,52.76576021139123,791308628.8168843,5493796508.12069,671.5510034817431,596.3982211551906,3502.3207919362826,22148519992.242004
20242,11110615,종로1·2·3·4가동,CS100009,호프-간이주점,HH,정체,143.91117447269758,-2568755845.0542507,68.33040136224206,51664430587.10754,159.65212800981166,2.4829543200246413,5.792380641546625,114.50829223046213,52.83624740966744,650080728.8836685,5227460489.131006,671.5509990477726,596.3982232392427,3502.3207922385027,21593878777.385292
20243,11110615,종로1·2·3·4가동,CS100009,호프-간이주점,HH,정체,139.0821773934647,-2257457808.9947686,69.22150893477111,53130443651.85784,161.29202663038262,1.0969808619245005,4.591171262098692,116.72298717047481,52.81923223653176,755171409.5740649,5321079521.966641,500.69730545693903,359.53951482465425,3883.0659273332603,23347136026.321014
20233,11110615,종로1·2·3·4가동,CS100010,커피-음료,HH,정체,382.187029551415,2229331265.0787315,68.06410112945305,45175784808.35968,152.60584586849424,12.498461186197309,14.952354885460764,107.29418567691927,51.97776192433717,816654503.0019308,5018960979.579606,670.7078528212166,597.2530236953888,3502.3306863754,20919241396.415787
20234,11110615,종로1·2·3·4가동,CS100010,커피-음료,HH,정체,381.544487397537,-997195614.2346039,68.11887859974154,47472460556.83358,155.10485280155228,6.320927577519857,12.938439232806948,109.6266244972278,52.69131572027656,854932130.4698079,5253766890.975085,670.4559772967247,597.4363395727809,3502.3121389872026,21390795232.261017
20241,11110615,종로1·2·3·4가동,CS100010,커피-음료,HH,정체,387.11307977426156,-2270199394.5690837,68.21199705748342,49735847014.078156,157.41032111289076,10.776743723392924,11.646640010966383,112.22258744583144,52.76576021139123,791308628.8168843,5493796508.12069,671.5510034817431,596.3982211551906,3502.3207919362826,22148519992.242004
20242,11110615,종로1·2·3·4가동,CS100010,커피-음료,HH,정체,384.5492322821095,-2568755845.0542507,68.33040136224206,51664430587.10754,159.65212800981166,13.46050351817618,16.70052888823179,114.50829223046213,52.83624740966744,650080728.8836685,5227460489.131006,671.5509990477726,596.3982232392427,3502.3207922385027,21593878777.385292
20243,11110615,종로1·2·3·4가동,CS100010,커피-음료,HH,정체,387.626607068984,-2257457808.9947686,69.22150893477111,53130443651.85784,161.29202663038262,15.015056902240076,15.12027330408417,116.72298717047481,52.81923223653176,755171409.5740649,5321079521.966641,500.69730545693903,359.53951482465425,3883.0659273332603,23347136026.321014
20233,11110615,종로1·2·3·4가동,CS200001,일반교습학원,HH,정체,34.87898371913765,2229331265.0787315,68.06410112945305,45175784808.35968,152.60584586849424,1.4429000040255957,-0.09712428012255783,107.29418567691927,51.97776192433717,816654503.0019308,5018960979.579606,670.7078528212166,597.2530236953888,3502.3306863754,20919241396.415787
20234,11110615,종로1·2·3·4가동,CS200001,일반교습학원,HH,정체,34.519994317523256,-997195614.2346039,68.11887859974154,47472460556.83358,155.10485280155228,0.49896909738851036,0.20150469885795763,109.6266244972278,52.69131572027656,854932130.4698079,5253766890.975085,670.4559772967247,597.4363395727809,3502.3121389872026,21390795232.261017
20241,11110615,종로1·2·3·4가동,CS200001,일반교습학원,HH,정체,35.71815462542516,-2270199394.5690837,68.21199705748342,49735847014.078156,157.41032111289076,1.7710478256982618,0.4281418789088475,112.22258744583144,52.76576021139123,791308628.8168843,5493796508.12069,671.5510034817431,596.3982211551906,3502.3207919362826,22148519992.242004
20242,11110615,종로1·2·3·4가동,CS200001,일반교습학원,HH,정체,36.55910461717462,-2568755845.0542507,68.33040136224206,51664430587.10754,159.65212800981166,1.409318358453151,0.09624591281902939,114.50829223046213,52.83624740966744,650080728.8836685,5227460489.131006,671.5509990477726,596.3982232392427,3502.3207922385027,21593878777.385292
20243,11110615,종로1·2·3·4가동,CS200001,일반교습학원,HH,정체,36.54759640286366,-2257457808.9947686,69.22150893477111,53130443651.85784,161.29202663038262,0.8175031669144097,-0.23652128876703524,116.72298717047481,52.81923223653176,755171409.5740649,5321079521.966641,500.69730545693903,359.53951482465425,3883.0659273332603,23347136026.321014
20233,11110615,종로1·2·3·4가동,CS200002,외국어학원,HH,정체,39.74609144103332,2229331265.0787315,68.06410112945305,45175784808.35968,152.60584586849424,1.262101061794172,0.6499451245360028,107.29418567691927,51.97776192433717,816654503.0019308,5018960979.579606,670.7078528212166,597.2530236953888,3502.3306863754,20919241396.415787
20234,11110615,종로1·2·3·4가동,CS200002,외국어학원,HH,정체,40.46263901286073,-997195614.2346039,68.11887859974154,47472460556.83358,155.10485280155228,1.9312217609187696,-0.2691163306339779,109.6266244972278,52.69131572027656,854932130.4698079,5253766890.975085,670.4559772967247,597.4363395727809,3502.3121389872026,21390795232.261017
20241,11110615,종로1·2·3·4가동,CS200002,외국어학원,HH,정체,39.82350552084394,-2270199394.5690837,68.21199705748342,49735847014.078156,157.41032111289076,1.1373116969490318,0.5131840404891286,112.22258744583144,52.76576021139123,791308628.8168843,5493796508.12069,671.5510034817431,596.3982211551906,3502.3207919362826,22148519992.242004
20242,11110615,종로1·2·3·4가동,CS200002,외국어학원,HH,정체,38.48345101864614,-2568755845.0542507,68.33040136224206,51664430587.10754,159.65212800981166,0.7360410798650422,0.5135957434559258,114.50829223046213,52.83624740966744,650080728.8836685,5227460489.131006,671.5509990477726,596.3982232392427,3502.3207922385027,21593878777.385292
20243,11110615,종로1·2·3·4가동,CS200002,외국어학원,HH,정체,37.704717056672514,-2257457808.9947686,69.22150893477111,53130443651.85784,161.29202663038262,1.7056811462410155,0.4947483006509793,116.72298717047481,52.81923223653176,755171409.5740649,5321079521.966641,500.69730545693903,359.53951482465425,3883.0659273332603,23347136026.321014
20233,11110615,종로1·2·3·4가동,CS200003,예술학원,HH,정체,29.11203553058523,2229331265.0787315,68.06410112945305,45175784808.35968,152.60584586849424,-0.8278925475042545,0.7326049707038879,107.29418567691927,51.97776192433717,816654503.0019308,5018960979.579606,670.7078528212166,597.2530236953888,3502.3306863754,20919241396.415787
20234,11110615,종로1·2·3·4가동,CS200003,예술학원,HH,정체,29.15696501763109,-997195614.2346039,68.11887859974154,47472460556.83358,155.10485280155228,-0.5766662521281327,0.028217335730340576,109.6266244972278,52.69131572027656,854932130.4698079,5253766890.975085,670.4559772967247,597.4363395727809,3502.3121389872026,21390795232.261017
20241,11110615,종로1·2·3·4가동,CS200003,예술학원,HH,정체,29.38447555905041,-2270199394.5690837,68.21199705748342,49735847014.078156,157.41032111289076,0.43859509162894317,0.17124877263901905,112.22258744583144,52.76576021139123,791308628.8168843,5493796508.12069,671.5510034817431,596.3982211551906,3502.3207919362826,22148519992.242004
20242,11110615,종로1·2·3·4가동,CS200003,예술학원,HH,정체,28.549747200941546,-2568755845.0542507,68.33040136224206,51664430587.10754,159.65212800981166,0.19215655651438213,0.4194894202944749,114.50829223046213,52.83624740966744,650080728.8836685,5227460489.131006,671.5509990477726,596.3982232392427,3502.3207922385027,21593878777.385292
20243,11110615,종로1·2·3·4가동,CS200003,예술학원,HH,정체,27.581265103665082,-2257457808.9947686,69.22150893477111,53130443651.85784,161.29202663038262,-1.0492584269661536,0.7923308421683817,116.72298717047481,52.81923223653176,755171409.5740649,5321079521.966641,500.69730545693903,359.53951482465425,3883.0659273332603,23347136026.321014
20233,11110615,종로1·2·3·4가동,CS200016,당구장,HH,정체,45.069715248241046,2229331265.0787315,68.06410112945305,45175784808.35968,152.60584586849424,1.309035002719498,2.7669440551896263,107.29418567691927,51.97776192433717,816654503.0019308,5018960979.579606,670.7078528212166,597.2530236953888,3502.3306863754,20919241396.415787
20234,11110615,종로1·2·3·4가동,CS200016,당구장,HH,정체,45.94950515977796,-997195614.2346039,68.11887859974154,47472460556.83358,155.10485280155228,3.244394216859942,2.2415288440306944,109.6266244972278,52.69131572027656,854932130.4698079,5253766890.975085,670.4559772967247,597.4363395727809,3502.3121389872026,21390795232.261017
20241,11110615,종로1·2·3·4가동,CS200016,당구장,HH,정체,46.847815265919074,-2270199394.5690837,68.21199705748342,49735847014.078156,157.41032111289076,3.352061640974618,1.455553353914465,112.22258744583144,52.76576021139123,791308628.8168843,5493796508.12069,671.5510034817431,596.3982211551906,3502.3207919362826,22148519992.242004
20242,11110615,종로1·2·3·4가동,CS200016,당구장,HH,정체,44.0919327685475,-2568755845.0542507,68.33040136224206,51664430587.10754,159.65212800981166,1.9553058174332385,4.121748477575244,114.50829223046213,52.83624740966744,650080728.8836685,5227460489.131006,671.5509990477726,596.3982232392427,3502.3207922385027,21593878777.385292
20243,11110615,종로1·2·3·4가동,CS200016,당구장,HH,정체,42.26943696207106,-2257457808.9947686,69.22150893477111,53130443651.85784,161.29202663038262,1.1435057085077833,2.5718156904092053,116.72298717047481,52.81923223653176,755171409.5740649,5321079521.966641,500.69730545693903,359.53951482465425,3883.0659273332603,23347136026.321014
20233,11110615,종로1·2·3·4가동,CS200017,골프연습장,HH,정체,8.775734758071,2229331265.0787315,68.06410112945305,45175784808.35968,152.60584586849424,0.3332232330973717,-0.16689513583663287,107.29418567691927,51.97776192433717,816654503.0019308,5018960979.579606,670.7078528212166,597.2530236953888,3502.3306863754,20919241396.415787
20234,11110615,종로1·2·3·4가동,CS200017,골프연습장,HH,정체,9.279925716580415,-997195614.2346039,68.11887859974154,47472460556.83358,155.10485280155228,0.49324477405264944,-0.011123269955457621,109.6266244972278,52.69131572027656,854932130.4698079,5253766890.975085,670.4559772967247,597.4363395727809,3502.3121389872026,21390795232.261017
20241,11110615,종로1·2·3·4가동,CS200017,골프연습장,HH,정체,9.861195468992774,-2270199394.5690837,68.21199705748342,49735847014.078156,157.41032111289076,0.28375278402457516,-0.1812147880733725,112.22258744583144,52.76576021139123,791308628.8168843,5493796508.12069,671.5510034817431,596.3982211551906,3502.3207919362826,22148519992.242004
20242,11110615,종로1·2·3·4가동,CS200017,골프연습장,HH,정체,9.861195468995263,-2568755845.0542507,68.33040136224206,51664430587.10754,159.65212800981166,0.43436230523250546,0.16206446666451915,114.50829223046213,52.83624740966744,650080728.8836685,5227460489.131006,671.5509990477726,596.3982232392427,3502.3207922385027,21593878777.385292
20243,11110615,종로1·2·3·4가동,CS200017,골프연습장,HH,정체,9.813174410460098,-2257457808.9947686,69.22150893477111,53130443651.85784,161.29202663038262,0.4057028435542369,-0.22652457804278078,116.72298717047481,52.81923223653176,755171409.5740649,5321079521.966641,500.69730545693903,359.53951482465425,3883.0659273332603,23347136026.321014
20233,11110615,종로1·2·3·4가동,CS200031,세탁소,HH,정체,17.329435589871185,2229331265.0787315,68.06410112945305,45175784808.35968,152.60584586849424,0.15434652317461006,0.2337241596340678,107.29418567691927,51.97776192433717,816654503.0019308,5018960979.579606,670.7078528212166,597.2530236953888,3502.3306863754,20919241396.415787
20234,11110615,종로1·2·3·4가동,CS200031,세탁소,HH,정체,17.89267216672781,-997195614.2346039,68.11887859974154,47472460556.83358,155.10485280155228,0.9121724974872707,-0.016045398347204837,109.6266244972278,52.69131572027656,854932130.4698079,5253766890.975085,670.4559772967247,597.4363395727809,3502.3121389872026,21390795232.261017
20241,11110615,종로1·2·3·4가동,CS200031,세탁소,HH,정체,18.09333631426677,-2270199394.5690837,68.21199705748342,49735847014.078156,157.41032111289076,0.8265051491492889,-0.20886496359598528,112.22258744583144,52.76576021139123,791308628.8168843,5493796508.12069,671.5510034817431,596.3982211551906,3502.3207919362826,22148519992.242004
20242,11110615,종로1·2·3·4가동,CS200031,세탁소,HH,정체,18.260603497853563,-2568755845.0542507,68.33040136224206,51664430587.10754,159.65212800981166,0.6029376093967602,-0.08347736777592904,114.50829223046213,52.83624740966744,650080728.8836685,5227460489.131006,671.5509990477726,596.3982232392427,3502.3207922385027,21593878777.385292
20243,11110615,종로1·2·3·4가동,CS200031,세탁소,HH,정체,17.93548426115983,-2257457808.9947686,69.22150893477111,53130443651.85784,161.29202663038262,0.3568331951025807,-0.056134846904182606,116.72298717047481,52.81923223653176,755171409.5740649,5321079521.966641,500.69730545693903,359.53951482465425,3883.0659273332603,23347136026.321014
20233,11110615,종로1·2·3·4가동,CS200032,가전제품수리,HH,정체,43.16050684903432,2229331265.0787315,68.06410112945305,45175784808.35968,152.60584586849424,1.4690093737451866,-0.17505225480951273,107.29418567691927,51.97776192433717,816654503.0019308,5018960979.579606,670.7078528212166,597.2530236953888,3502.3306863754,20919241396.415787
20234,11110615,종로1·2·3·4가동,CS200032,가전제품수리,HH,정체,45.237745687426255,-997195614.2346039,68.11887859974154,47472460556.83358,155.10485280155228,2.3972287176985847,0.3841453396934781,109.6266244972278,52.69131572027656,854932130.4698079,5253766890.975085,670.4559772967247,597.4363395727809,3502.3121389872026,21390795232.261017
20241,11110615,종로1·2·3·4가동,CS200032,가전제품수리,HH,정체,47.247783959096395,-2270199394.5690837,68.21199705748342,49735847014.078156,157.41032111289076,2.59986588755996,0.3879220168590697,112.22258744583144,52.76576021139123,791308628.8168843,5493796508.12069,671.5510034817431,596.3982211551906,3502.3207919362826,22148519992.242004
20242,11110615,종로1·2·3·4가동,CS200032,가전제품수리,HH,정체,55.091710740698524,-2568755845.0542507,68.33040136224206,51664430587.10754,159.65212800981166,1.999907269602672,-0.1278099239958223,114.50829223046213,52.83624740966744,650080728.8836685,5227460489.131006,671.5509990477726,596.3982232392427,3502.3207922385027,21593878777.385292
20243,11110615,종로1·2·3·4가동,CS200032,가전제품수리,HH,정체,58.103334806694136,-2257457808.9947686,69.22150893477111,53130443651.85784,161.29202663038262,1.8654032950850348,-0.227492492528915,116.72298717047481,52.81923223653176,755171409.5740649,5321079521.966641,500.69730545693903,359.53951482465425,3883.0659273332603,23347136026.321014
20233,11110615,종로1·2·3·4가동,CS300001,슈퍼마켓,HH,정체,176.3055101801675,2229331265.0787315,68.06410112945305,45175784808.35968,152.60584586849424,6.762659358533466,-0.7133725160248368,107.29418567691927,51.97776192433717,816654503.0019308,5018960979.579606,670.7078528212166,597.2530236953888,3502.3306863754,20919241396.415787
20234,11110615,종로1·2·3·4가동,CS300001,슈퍼마켓,HH,정체,177.81904418369544,-997195614.2346039,68.11887859974154,47472460556.83358,155.10485280155228,9.922494291502115,3.9382635459129114,109.6266244972278,52.69131572027656,854932130.4698079,5253766890.975085,670.4559772967247,597.4363395727809,3502.3121389872026,21390795232.261017
20241,11110615,종로1·2·3·4가동,CS300001,슈퍼마켓,HH,정체,185.02730710915182,-2270199394.5690837,68.21199705748342,49735847014.078156,157.41032111289076,11.217793370102806,-1.1261252510806719,112.22258744583144,52.76576021139123,791308628.8168843,5493796508.12069,671.5510034817431,596.3982211551906,3502.3207919362826,22148519992.242004
20242,11110615,종로1·2·3·4가동,CS300001,슈퍼마켓,HH,정체,183.8892632217652,-2568755845.0542507,68.33040136224206,51664430587.10754,159.65212800981166,7.132567229583447,1.9729512135032798,114.50829223046213,52.83624740966744,650080728.8836685,5227460489.131006,671.5509990477726,596.3982232392427,3502.3207922385027,21593878777.385292
20243,11110615,종로1·2·3·4가동,CS300001,슈퍼마켓,HH,정체,187.56140485270254,-2257457808.9947686,69.22150893477111,53130443651.85784,161.29202663038262,8.27770618939692,-1.9128856122339526,116.72298717047481,52.81923223653176,755171409.5740649,5321079521.966641,500.69730545693903,359.53951482465425,3883.0659273332603,23347136026.321014
20233,11110615,종로1·2·3·4가동,CS300002,편의점,HH,정체,122.55236521961899,2229331265.0787315,68.06410112945305,45175784808.35968,152.60584586849424,0.9578453659440509,2.926447504280926,107.29418567691927,51.97776192433717,816654503.0019308,5018960979.579606,670.7078528212166,597.2530236953888,3502.3306863754,20919241396.415787
20234,11110615,종로1·2·3·4가동,CS300002,편의점,HH,정체,122.36034239031,-997195614.2346039,68.11887859974154,47472460556.83358,155.10485280155228,-0.655959790282007,0.4371402828889195,109.6266244972278,52.69131572027656,854932130.4698079,5253766890.975085,670.4559772967247,597.4363395727809,3502.3121389872026,21390795232.261017
20241,11110615,종로1·2·3·4가동,CS300002,편의점,HH,정체,121.99238574544533,-2270199394.5690837,68.21199705748342,49735847014.078156,157.41032111289076,1.6250575537273404,2.391590846490298,112.22258744583144,52.76576021139123,791308628.8168843,5493796508.12069,671.5510034817431,596.3982211551906,3502.3207919362826,22148519992.242004
20242,11110615,종로1·2·3·4가동,CS300002,편의점,HH,정체,124.22852767113318,-2568755845.0542507,68.33040136224206,51664430587.10754,159.65212800981166,-2.0288667538795027,-1.9002122423508367,114.50829223046213,52.83624740966744,650080728.8836685,5227460489.131006,671.5509990477726,596.3982232392427,3502.3207922385027,21593878777.385292
20243,11110615,종로1·2·3·4가동,CS300002,편의점,HH,정체,122.94136499726311,-2257457808.9947686,69.22150893477111,53130443651.85784,161.29202663038262,-0.9569542672453815,1.1884707594996915,116.72298717047481,52.81923223653176,755171409.5740649,5321079521.966641,500.69730545693903,359.53951482465425,3883.0659273332603,23347136026.321014
20233,11110615,종로1·2·3·4가동,CS300003,컴퓨터및주변장치판매,HH,정체,57.29640831095704,2229331265.0787315,68.06410112945305,45175784808.35968,152.60584586849424,-0.5579662251804269,-0.3730758677039455,107.29418567691927,51.97776192433717,816654503.0019308,5018960979.579606,670.7078528212166,597.2530236953888,3502.3306863754,20919241396.415787
20234,11110615,종로1·2·3·4가동,CS300003,컴퓨터및주변장치판매,HH,정체,56.66663443152678,-997195614.2346039,68.11887859974154,47472460556.83358,155.10485280155228,-0.15001582186762408,-0.1645332550540757,109.6266244972278,52.69131572027656,854932130.4698079,5253766890.975085,670.4559772967247,597.4363395727809,3502.3121389872026,21390795232.261017
20241,11110615,종로1·2·3·4가동,CS300003,컴퓨터및주변장치판매,HH,정체,56.618012294110535,-2270199394.5690837,68.21199705748342,49735847014.078156,157.41032111289076,0.5325037241477127,-0.038456486495932474,112.22258744583144,52.76576021139123,791308628.8168843,5493796508.12069,671.5510034817431,596.3982211551906,3502.3207919362826,22148519992.242004
20242,11110615,종로1·2·3·4가동,CS300003,컴퓨터및주변장치판매,HH,정체,56.04114693560892,-2568755845.0542507,68.33040136224206,51664430587.10754,159.65212800981166,0.5338029731770791,1.4914655938967827,114.50829223046213,52.83624740966744,650080728.8836685,5227460489.131006,671.5509990477726,596.3982232392427,3502.3207922385027,21593878777.385292
20243,11110615,종로1·2·3·4가동,CS300003,컴퓨터및주변장치판매,HH,정체,56.13118779589184,-2257457808.9947686,69.22150893477111,53130443651.85784,161.29202663038262,-0.3647984446090803,-0.37138054666505094,116.72298717047481,52.81923223653176,755171409.5740649,5321079521.966641,500.69730545693903,359.53951482465425,3883.0659273332603,23347136026.321014
20233,11110615,종로1·2·3·4가동,CS300006,미곡판매,HH,정체,11.555723245839111,2229331265.0787315,68.06410112945305,45175784808.35968,152.60584586849424,-0.13201799934817368,1.0000003294114725,107.29418567691927,51.97776192433717,816654503.0019308,5018960979.579606,670.7078528212166,597.2530236953888,3502.3306863754,20919241396.415787
20234,11110615,종로1·2·3·4가동,CS300006,미곡판매,HH,정체,11.173864296652713,-997195614.2346039,68.11887859974154,47472460556.83358,155.10485280155228,-0.13355798315222087,1.000000329411473,109.6266244972278,52.69131572027656,854932130.4698079,5253766890.975085,670.4559772967247,597.4363395727809,3502.3121389872026,21390795232.261017
20241,11110615,종로1·2·3·4가동,CS300006,미곡판매,HH,정체,11.098745261840014,-2270199394.5690837,68.21199705748342,49735847014.078156,157.41032111289076,-0.13304254238014365,-1.0504814838058674e-13,112.22258744583144,52.76576021139123,791308628.8168843,5493796508.12069,671.5510034817431,596.3982211551906,3502.3207919362826,22148519992.242004
20242,11110615,종로1·2·3·4가동,CS300006,미곡판매,HH,정체,11.444584285122708,-2568755845.0542507,68.33040136224206,51664430587.10754,159.65212800981166,0.320718194594554,-1.050676528367435e-13,114.50829223046213,52.83624740966744,650080728.8836685,5227460489.131006,671.5509990477726,596.3982232392427,3502.3207922385027,21593878777.385292
20243,11110615,종로1·2·3·4가동,CS300006,미곡판매,HH,정체,11.120537331267885,-2257457808.9947686,69.22150893477111,53130443651.85784,161.29202663038262,-0.14823966458813864,1.000000329411632,116.72298717047481,52.81923223653176,755171409.5740649,5321079521.966641,500.69730545693903,359.53951482465425,3883.0659273332603,23347136026.321014
20233,11110615,종로1·2·3·4가동,CS300007,육류판매,HH,정체,12.01496474825389,2229331265.0787315,68.06410112945305,45175784808.35968,152.60584586849424,0.36787547801103126,0.40240638924518635,107.29418567691927,51.97776192433717,816654503.0019308,5018960979.579606,670.7078528212166,597.2530236953888,3502.3306863754,20919241396.415787
20234,11110615,종로1·2·3·4가동,CS300007,육류판매,HH,정체,11.297337314183324,-997195614.2346039,68.11887859974154,47472460556.83358,155.10485280155228,0.35066242840553463,0.7326584347578302,109.6266244972278,52.69131572027656,854932130.4698079,5253766890.975085,670.4559772967247,597.4363395727809,3502.3121389872026,21390795232.261017
20241,11110615,종로1·2·3·4가동,CS300007,육류판매,HH,정체,11.350674285319236,-2270199394.5690837,68.21199705748342,49735847014.078156,157.41032111289076,0.11807793456938026,0.5088244901911587,112.22258744583144,52.76576021139123,791308628.8168843,5493796508.12069,671.5510034817431,596.3982211551906,3502.3207919362826,22148519992.242004
20242,11110615,종로1·2·3·4가동,CS300007,육류판매,HH,정체,11.349328942494882,-2568755845.0542507,68.33040136224206,51664430587.10754,159.65212800981166,0.11244526986681931,0.2166960312894629,114.50829223046213,52.83624740966744,650080728.8836685,5227460489.131006,671.5509990477726,596.3982232392427,3502.3207922385027,21593878777.385292
20243,11110615,종로1·2·3·4가동,CS300007,육류판매,HH,정체,11.340818020923162,-2257457808.9947686,69.22150893477111,53130443651.85784,161.29202663038262,0.37462764585012576,0.5145958842768583,116.72298717047481,52.81923223653176,755171409.5740649,5321079521.966641,500.69730545693903,359.53951482465425,3883.0659273332603,23347136026.321014
20233,11110615,종로1·2·3·4가동,CS300008,수산물판매,HH,정체,19.13720019132667,2229331265.0787315,68.06410112945305,45175784808.35968,152.60584586849424,0.07667397270143902,0.3339368193541348,107.29418567691927,51.97776192433717,816654503.0019308,5018960979.579606,670.7078528212166,597.2530236953888,3502.3306863754,20919241396.415787
20234,11110615,종로1·2·3·4가동,CS300008,수산물판매,HH,정체,18.64308682362891,-997195614.2346039,68.11887859974154,47472460556.83358,155.10485280155228,-0.2841673569230516,0.6285391310280475,109.6266244972278,52.69131572027656,854932130.4698079,5253766890.975085,670.4559772967247,597.4363395727809,3502.3121389872026,21390795232.261017
20241,11110615,종로1·2·3·4가동,CS300008,수산물판매,HH,정체,18.394762989121986,-2270199394.5690837,68.21199705748342,49735847014.078156,157.41032111289076,-0.0013633470691374883,0.7448379054049072,112.22258744583144,52.76576021139123,791308628.8168843,5493796508.12069,671.5510034817431,596.3982211551906,3502.3207919362826,22148519992.242004
20242,11110615,종로1·2·3·4가동,CS300008,수산물판매,HH,정체,17.84572457028567,-2568755845.0542507,68.33040136224206,51664430587.10754,159.65212800981166,-0.007064322488714154,0.9348439077689658,114.50829223046213,52.83624740966744,650080728.8836685,5227460489.131006,671.5509990477726,596.3982232392427,3502.3207922385027,21593878777.385292
20243,11110615,종로1·2·3·4가동,CS300008,수산물판매,HH,정체,17.915411366610623,-2257457808.9947686,69.22150893477111,53130443651.85784,161.29202663038262,-0.010852084325338324,0.5412121442713391,116.72298717047481,52.81923223653176,755171409.5740649,5321079521.966641,500.69730545693903,359.53951482465425,3883.0659273332603,23347136026.321014
20233,11110615,종로1·2·3·4가동,CS300009,청과상,HH,정체,24.214358469910305,2229331265.0787315,68.06410112945305,45175784808.35968,152.60584586849424,0.46665872329027647,-0.11755365849267285,107.29418567691927,51.97776192433717,816654503.0019308,5018960979.579606,670.7078528212166,597.2530236953888,3502.3306863754,20919241396.415787
20234,11110615,종로1·2·3·4가동,CS300009,청과상,HH,정체,24.969660737148867,-997195614.2346039,68.11887859974154,47472460556.83358,155.10485280155228,0.6779056445425522,-0.4242638754926276,109.6266244972278,52.69131572027656,854932130.4698079,5253766890.975085,670.4559772967247,597.4363395727809,3502.3121389872026,21390795232.261017
20241,11110615,종로1·2·3·4가동,CS300009,청과상,HH,정체,24.433250201777817,-2270199394.5690837,68.21199705748342,49735847014.078156,157.41032111289076,0.15354358198389328,-0.41629375545417324,112.22258744583144,52.76576021139123,791308628.8168843,5493796508.12069,671.5510034817431,596.3982211551906,3502.3207919362826,22148519992.242004
20242,11110615,종로1·2·3·4가동,CS300009,청과상,HH,정체,23.961367307092075,-2568755845.0542507,68.33040136224206,51664430587.10754,159.65212800981166,-0.07075246652436173,0.7162560578331922,114.50829223046213,52.83624740966744,650080728.8836685,5227460489.131006,671.5509990477726,596.3982232392427,3502.3207922385027,21593878777.385292
20243,11110615,종로1·2·3·4가동,CS300009,청과상,HH,정체,23.476517230149813,-2257457808.9947686,69.22150893477111,53130443651.85784,161.29202663038262,0.40056786971107505,-0.2020595059392145,116.72298717047481,52.81923223653176,755171409.5740649,5321079521.966641,500.69730545693903,359.53951482465425,3883.0659273332603,23347136026.321014
20233,11110615,종로1·2·3·4가동,CS300010,반찬가게,HH,정체,86.96173501966277,2229331265.0787315,68.06410112945305,45175784808.35968,152.60584586849424,1.0770066898160688,0.15489205751968604,107.29418567691927,51.97776192433717,816654503.0019308,5018960979.579606,670.7078528212166,597.2530236953888,3502.3306863754,20919241396.415787
20234,11110615,종로1·2·3·4가동,CS300010,반찬가게,HH,정체,86.8544324302253,-997195614.2346039,68.11887859974154,47472460556.83358,155.10485280155228,1.2668052521046782,0.741849691780147,109.6266244972278,52.69131572027656,854932130.4698079,5253766890.975085,670.4559772967247,597.4363395727809,3502.3121389872026,21390795232.261017
20241,11110615,종로1·2·3·4가동,CS300010,반찬가게,HH,정체,86.5801773321581,-2270199394.5690837,68.21199705748342,49735847014.078156,157.41032111289076,1.340339417411073,0.338940362483111,112.22258744583144,52.76576021139123,791308628.8168843,5493796508.12069,671.5510034817431,596.3982211551906,3502.3207919362826,22148519992.242004
20242,11110615,종로1·2·3·4가동,CS300010,반찬가게,HH,정체,87.62866014158942,-2568755845.0542507,68.33040136224206,51664430587.10754,159.65212800981166,2.1825489469323545,0.26212364398313376,114.50829223046213,52.83624740966744,650080728.8836685,5227460489.131006,671.5509990477726,596.3982232392427,3502.3207922385027,21593878777.385292
20243,11110615,종로1·2·3·4가동,CS300010,반찬가게,HH,정체,88.24919490335077,-2257457808.9947686,69.22150893477111,53130443651.85784,161.29202663038262,1.0356022991489993,-0.49368484942753893,116.72298717047481,52.81923223653176,755171409.5740649,5321079521.966641,500.69730545693903,359.53951482465425,3883.0659273332603,23347136026.321014
20233,11110615,종로1·2·3·4가동,CS300011,일반의류,HH,정체,474.5619578672312,2229331265.0787315,68.06410112945305,45175784808.35968,152.60584586849424,13.233887854440765,11.791501011433372,107.29418567691927,51.97776192433717,816654503.0019308,5018960979.579606,670.7078528212166,597.2530236953888,3502.3306863754,20919241396.415787
20234,11110615,종로1·2·3·4가동,CS300011,일반의류,HH,정체,468.0230992873011,-997195614.2346039,68.11887859974154,47472460556.83358,155.10485280155228,9.149998504855253,7.474230972653398,109.6266244972278,52.69131572027656,854932130.4698079,5253766890.975085,670.4559772967247,597.4363395727809,3502.3121389872026,21390795232.261017
20241,11110615,종로1·2·3·4가동,CS300011,일반의류,HH,정체,465.56572820920945,-2270199394.5690837,68.21199705748342,49735847014.078156,157.41032111289076,4.001454193371262,7.265268706141438,112.22258744583144,52.76576021139123,791308628.8168843,5493796508.12069,671.5510034817431,596.3982211551906,3502.3207919362826,22148519992.242004
20242,11110615,종로1·2·3·4가동,CS300011,일반의류,HH,정체,458.53837791895273,-2568755845.0542507,68.33040136224206,51664430587.10754,159.65212800981166,9.333699068204199,12.271608212077924,114.50829223046213,52.83624740966744,650080728.8836685,5227460489.131006,671.5509990477726,596.3982232392427,3502.3207922385027,21593878777.385292
20243,11110615,종로1·2·3·4가동,CS300011,일반의류,HH,정체,455.2987472011524,-2257457808.9947686,69.22150893477111,53130443651.85784,161.29202663038262,14.145776112975364,11.728914214802069,116.72298717047481,52.81923223653176,755171409.5740649,5321079521.966641,500.69730545693903,359.53951482465425,3883.0659273332603,23347136026.321014
20233,11110615,종로1·2·3·4가동,CS300014,신발,HH,정체,36.054569779346274,2229331265.0787315,68.06410112945305,45175784808.35968,152.60584586849424,0.20356362198131484,1.837245764017721,107.29418567691927,51.97776192433717,816654503.0019308,5018960979.579606,670.7078528212166,597.2530236953888,3502.3306863754,20919241396.415787
20234,11110615,종로1·2·3·4가동,CS300014,신발,HH,정체,35.29948725595008,-997195614.2346039,68.11887859974154,47472460556.83358,155.10485280155228,-0.5428854823034107,1.9258149603364987,109.6266244972278,52.69131572027656,854932130.4698079,5253766890.975085,670.4559772967247,597.4363395727809,3502.3121389872026,21390795232.261017
20241,11110615,종로1·2·3·4가동,CS300014,신발,HH,정체,35.07947047929261,-2270199394.5690837,68.21199705748342,49735847014.078156,157.41032111289076,0.7314370215582051,0.6515289036178091,112.22258744583144,52.76576021139123,791308628.8168843,5493796508.12069,671.5510034817431,596.3982211551906,3502.3207919362826,22148519992.242004
20242,11110615,종로1·2·3·4가동,CS300014,신발,HH,정체,34.73982715428064,-2568755845.0542507,68.33040136224206,51664430587.10754,159.65212800981166,-0.09936177443827265,-0.2942996487901094,114.50829223046213,52.83624740966744,650080728.8836685,5227460489.131006,671.5509990477726,596.3982232392427,3502.3207922385027,21593878777.385292
20243,11110615,종로1·2·3·4가동,CS300014,신발,HH,정체,35.29249403708097,-2257457808.9947686,69.22150893477111,53130443651.85784,161.29202663038262,0.1849783861732457,1.9157464723925808,116.72298717047481,52.81923223653176,755171409.5740649,5321079521.966641,500.69730545693903,359.53951482465425,3883.0659273332603,23347136026.321014
20233,11110615,종로1·2·3·4가동,CS300015,가방,HH,정체,43.850441303972744,2229331265.0787315,68.06410112945305,45175784808.35968,152.60584586849424,1.7796035878555143,0.08110957395252257,107.29418567691927,51.97776192433717,816654503.0019308,5018960979.579606,670.7078528212166,597.2530236953888,3502.3306863754,20919241396.415787
20234,11110615,종로1·2·3·4가동,CS300015,가방,HH,정체,42.850623734372675,-997195614.2346039,68.11887859974154,47472460556.83358,155.10485280155228,0.05918564409284732,1.7213396198889428,109.6266244972278,52.69131572027656,854932130.4698079,5253766890.975085,670.4559772967247,597.4363395727809,3502.3121389872026,21390795232.261017
20241,11110615,종로1·2·3·4가동,CS300015,가방,HH,정체,42.32980078491268,-2270199394.5690837,68.21199705748342,49735847014.078156,157.41032111289076,0.2993443897061989,1.3783374325893993,112.22258744583144,52.76576021139123,791308628.8168843,5493796508.12069,671.5510034817431,596.3982211551906,3502.3207919362826,22148519992.242004
20242,11110615,종로1·2·3·4가동,CS300015,가방,HH,정체,41.83924893676383,-2568755845.0542507,68.33040136224206,51664430587.10754,159.65212800981166,1.135247829895615,1.8656894054356206,114.50829223046213,52.83624740966744,650080728.8836685,5227460489.131006,671.5509990477726,596.3982232392427,3502.3207922385027,21593878777.385292
20243,11110615,종로1·2·3·4가동,CS300015,가방,HH,정체,42.83021661437115,-2257457808.9947686,69.22150893477111,53130443651.85784,161.29202663038262,0.3201215749889642,0.03647518928239102,116.72298717047481,52.81923223653176,755171409.5740649,5321079521.966641,500.69730545693903,359.53951482465425,3883.0659273332603,23347136026.321014
20233,11110615,종로1·2·3·4가동,CS300016,안경,HH,정체,30.23870020188221,2229331265.0787315,68.06410112945305,45175784808.35968,152.60584586849424,-0.30691545152407096,0.08528459041337999,107.29418567691927,51.97776192433717,816654503.0019308,5018960979.579606,670.7078528212166,597.2530236953888,3502.3306863754,20919241396.415787
20234,11110615,종로1·2·3·4가동,CS300016,안경,HH,정체,30.231113602753023,-997195614.2346039,68.11887859974154,47472460556.83358,155.10485280155228,-0.21032296807192735,0.2308441317497859,109.6266244972278,52.69131572027656,854932130.4698079,5253766890.975085,670.4559772967247,597.4363395727809,3502.3121389872026,21390795232.261017
20241,11110615,종로1·2·3·4가동,CS300016,안경,HH,정체,30.47062597443094,-2270199394.5690837,68.21199705748342,49735847014.078156,157.41032111289076,0.45860097320078586,0.07538680657205965,112.22258744583144,52.76576021139123,791308628.8168843,5493796508.12069,671.5510034817431,596.3982211551906,3502.3207919362826,22148519992.242004
20242,11110615,종로1·2·3·4가동,CS300016,안경,HH,정체,30.2155852996025,-2568755845.0542507,68.33040136224206,51664430587.10754,159.65212800981166,0.30335587920527596,0.6622945813304202,114.50829223046213,52.83624740966744,650080728.8836685,5227460489.131006,671.5509990477726,596.3982232392427,3502.3207922385027,21593878777.385292
20243,11110615,종로1·2·3·4가동,CS300016,안경,HH,정체,29.694719686818072,-2257457808.9947686,69.22150893477111,53130443651.85784,161.29202663038262,-0.25612942961880725,0.09363357186652682,116.72298717047481,52.81923223653176,755171409.5740649,5321079521.966641,500.69730545693903,359.53951482465425,3883.0659273332603,23347136026.321014
20233,11110615,종로1·2·3·4가동,CS300020,서적,HH,정체,70.42192503848663,2229331265.0787315,68.06410112945305,45175784808.35968,152.60584586849424,0.7439087816760507,-0.2845297573901307,107.29418567691927,51.97776192433717,816654503.0019308,5018960979.579606,670.7078528212166,597.2530236953888,3502.3306863754,20919241396.415787
20234,11110615,종로1·2·3·4가동,CS300020,서적,HH,정체,68.67764325948065,-997195614.2346039,68.11887859974154,47472460556.83358,155.10485280155228,-0.29990134156810466,2.151813768733652,109.6266244972278,52.69131572027656,854932130.4698079,5253766890.975085,670.4559772967247,597.4363395727809,3502.3121389872026,21390795232.261017
20241,11110615,종로1·2·3·4가동,CS300020,서적,HH,정체,69.65129999184467,-2270199394.5690837,68.21199705748342,49735847014.078156,157.41032111289076,0.48815273770111406,0.08979205789749489,112.22258744583144,52.76576021139123,791308628.8168843,5493796508.12069,671.5510034817431,596.3982211551906,3502.3207919362826,22148519992.242004
20242,11110615,종로1·2·3·4가동,CS300020,서적,HH,정체,69.58776873557686,-2568755845.0542507,68.33040136224206,51664430587.10754,159.65212800981166,-0.6612920094136279,-0.2904265729384943,114.50829223046213,52.83624740966744,650080728.8836685,5227460489.131006,671.5509990477726,596.3982232392427,3502.3207922385027,21593878777.385292
20243,11110615,종로1·2·3·4가동,CS300020,서적,HH,정체,69.88123115124932,-2257457808.9947686,69.22150893477111,53130443651.85784,161.29202663038262,-0.4899105361130254,-0.6104452862227645,116.72298717047481,52.81923223653176,755171409.5740649,5321079521.966641,500.69730545693903,359.53951482465425,3883.0659273332603,23347136026.321014
20233,11110615,종로1·2·3·4가동,CS300021,문구,HH,정체,96.24712745333251,2229331265.0787315,68.06410112945305,45175784808.35968,152.60584586849424,0.9315890973751182,1.2936691929119886,107.29418567691927,51.97776192433717,816654503.0019308,5018960979.579606,670.7078528212166,597.2530236953888,3502.3306863754,20919241396.415787
20234,11110615,종로1·2·3·4가동,CS300021,문구,HH,정체,97.11360724253508,-997195614.2346039,68.11887859974154,47472460556.83358,155.10485280155228,0.9260137785946768,1.3798408734453569,109.6266244972278,52.69131572027656,854932130.4698079,5253766890.975085,670.4559772967247,597.4363395727809,3502.3121389872026,21390795232.261017
20241,11110615,종로1·2·3·4가동,CS300021,문구,HH,정체,96.5327254104149,-2270199394.5690837,68.21199705748342,49735847014.078156,157.41032111289076,0.2849340019016702,1.4517675395493665,112.22258744583144,52.76576021139123,791308628.8168843,5493796508.12069,671.5510034817431,596.3982211551906,3502.3207919362826,22148519992.242004
20242,11110615,종로1·2·3·4가동,CS300021,문구,HH,정체,96.14317591149153,-2568755845.0542507,68.33040136224206,51664430587.10754,159.65212800981166,-0.42668765907649,0.10948456737036816,114.50829223046213,52.83624740966744,650080728.8836685,5227460489.131006,671.5509990477726,596.3982232392427,3502.3207922385027,21593878777.385292
20243,11110615,종로1·2·3·4가동,CS300021,문구,HH,정체,95.37960818274077,-2257457808.9947686,69.22150893477111,53130443651.85784,161.29202663038262,-0.13219981219226462,0.7642879922586988,116.72298717047481,52.81923223653176,755171409.5740649,5321079521.966641,500.69730545693903,359.53951482465425,3883.0659273332603,23347136026.321014
20233,11110615,종로1·2·3·4가동,CS300022,화장품,HH,정체,140.34275280561442,2229331265.0787315,68.06410112945305,45175784808.35968,152.60584586849424,2.655131018886705,1.0674998571309975,107.29418567691927,51.97776192433717,816654503.0019308,5018960979.579606,670.7078528212166,597.2530236953888,3502.3306863754,20919241396.415787
20234,11110615,종로1·2·3·4가동,CS300022,화장품,HH,정체,136.64067780318098,-997195614.2346039,68.11887859974154,47472460556.83358,155.10485280155228,0.9871290881663479,2.67210223768525,109.6266244972278,52.69131572027656,854932130.4698079,5253766890.975085,670.4559772967247,597.4363395727809,3502.3121389872026,21390795232.261017
20241,11110615,종로1·2·3·4가동,CS300022,화장품,HH,정체,138.11414311925117,-2270199394.5690837,68.21199705748342,49735847014.078156,157.41032111289076,1.568714160756985,0.3797821240799416,112.22258744583144,52.76576021139123,791308628.8168843,5493796508.12069,671.5510034817431,596.3982211551906,3502.3207919362826,22148519992.242004
20242,11110615,종로1·2·3·4가동,CS300022,화장품,HH,정체,138.1045025325257,-2568755845.0542507,68.33040136224206,51664430587.10754,159.65212800981166,2.073090959514641,2.4274110322724485,114.50829223046213,52.83624740966744,650080728.8836685,5227460489.131006,671.5509990477726,596.3982232392427,3502.3207922385027,21593878777.385292
20243,11110615,종로1·2·3·4가동,CS300022,화장품,HH,정체,138.6117071289317,-2257457808.9947686,69.22150893477111,53130443651.85784,161.29202663038262,2.351889235177237,1.3569846076677665,116.72298717047481,52.81923223653176,755171409.5740649,5321079521.966641,500.69730545693903,359.53951482465425,3883.0659273332603,23347136026.321014
20233,11110615,종로1·2·3·4가동,CS300027,섬유제품,HH,정체,108.99140272010628,2229331265.0787315,68.06410112945305,45175784808.35968,152.60584586849424,0.7051436511043256,3.019518991625146,107.29418567691927,51.97776192433717,816654503.0019308,5018960979.579606,670.7078528212166,597.2530236953888,3502.3306863754,20919241396.415787
20234,11110615,종로1·2·3·4가동,CS300027,섬유제품,HH,정체,106.03045244471144,-997195614.2346039,68.11887859974154,47472460556.83358,155.10485280155228,-0.1589257636778746,2.5887110476118718,109.6266244972278,52.69131572027656,854932130.4698079,5253766890.975085,670.4559772967247,597.4363395727809,3502.3121389872026,21390795232.261017
20241,11110615,종로1·2·3·4가동,CS300027,섬유제품,HH,정체,102.51871478826313,-2270199394.5690837,68.21199705748342,49735847014.078156,157.41032111289076,0.09890396045488473,2.452731326982949,112.22258744583144,52.76576021139123,791308628.8168843,5493796508.12069,671.5510034817431,596.3982211551906,3502.3207919362826,22148519992.242004
20242,11110615,종로1·2·3·4가동,CS300027,섬유제품,HH,정체,99.60704374653825,-2568755845.0542507,68.33040136224206,51664430587.10754,159.65212800981166,0.4457450216711827,1.8947313683759421,114.50829223046213,52.83624740966744,650080728.8836685,5227460489.131006,671.5509990477726,596.3982232392427,3502.3207922385027,21593878777.385292
20243,11110615,종로1·2·3·4가동,CS300027,섬유제품,HH,정체,96.03628944963975,-2257457808.9947686,69.22150893477111,53130443651.85784,161.29202663038262,0.545352431720104,3.6092083174730942,116.72298717047481,52.81923223653176,755171409.5740649,5321079521.966641,500.69730545693903,359.53951482465425,3883.0659273332603,23347136026.321014
20233,11110615,종로1·2·3·4가동,CS300028,화초,HH,정체,60.08097734078287,2229331265.0787315,68.06410112945305,45175784808.35968,152.60584586849424,3.073581223570967,2.11999221049055,107.29418567691927,51.97776192433717,816654503.0019308,5018960979.579606,670.7078528212166,597.2530236953888,3502.3306863754,20919241396.415787
20234,11110615,종로1·2·3·4가동,CS300028,화초,HH,정체,61.53613268248098,-997195614.2346039,68.11887859974154,47472460556.83358,155.10485280155228,1.4429815870666873,2.000199843526938,109.6266244972278,52.69131572027656,854932130.4698079,5253766890.975085,670.4559772967247,597.4363395727809,3502.3121389872026,21390795232.261017
20241,11110615,종로1·2·3·4가동,CS300028,화초,HH,정체,61.50701511619534,-2270199394.5690837,68.21199705748342,49735847014.078156,157.41032111289076,1.1239553624685361,1.5014060645574925,112.22258744583144,52.76576021139123,791308628.8168843,5493796508.12069,671.5510034817431,596.3982211551906,3502.3207919362826,22148519992.242004
20242,11110615,종로1·2·3·4가동,CS300028,화초,HH,정체,61.41935217104059,-2568755845.0542507,68.33040136224206,51664430587.10754,159.65212800981166,1.7541059893602022,0.8016996174122337,114.50829223046213,52.83624740966744,650080728.8836685,5227460489.131006,671.5509990477726,596.3982232392427,3502.3207922385027,21593878777.385292
20243,11110615,종로1·2·3·4가동,CS300028,화초,HH,정체,62.5308532760944,-2257457808.9947686,69.22150893477111,53130443651.85784,161.29202663038262,2.620663688045073,2.6578672159752994,116.72298717047481,52.81923223653176,755171409.5740649,5321079521.966641,500.69730545693903,359.53951482465425,3883.0659273332603,23347136026.321014
20233,11110615,종로1·2·3·4가동,CS300032,가전제품,HH,정체,144.20638035130355,2229331265.0787315,68.06410112945305,45175784808.35968,152.60584586849424,0.4321858509816725,1.6984712901256231,107.29418567691927,51.97776192433717,816654503.0019308,5018960979.579606,670.7078528212166,597.2530236953888,3502.3306863754,20919241396.415787
20234,11110615,종로1·2·3·4가동,CS300032,가전제품,HH,정체,142.84717020453013,-997195614.2346039,68.11887859974154,47472460556.83358,155.10485280155228,0.4486862639759648,1.0831590088905825,109.6266244972278,52.69131572027656,854932130.4698079,5253766890.975085,670.4559772967247,597.4363395727809,3502.3121389872026,21390795232.261017
20241,11110615,종로1·2·3·4가동,CS300032,가전제품,HH,정체,141.48419729531358,-2270199394.5690837,68.21199705748342,49735847014.078156,157.41032111289076,-0.3847566411892114,1.4415778494146712,112.22258744583144,52.76576021139123,791308628.8168843,5493796508.12069,671.5510034817431,596.3982211551906,3502.3207919362826,22148519992.242004
20242,11110615,종로1·2·3·4가동,CS300032,가전제품,HH,정체,139.50821445784683,-2568755845.0542507,68.33040136224206,51664430587.10754,159.65212800981166,0.5019805679625458,1.7489950208842102,114.50829223046213,52.83624740966744,650080728.8836685,5227460489.131006,671.5509990477726,596.3982232392427,3502.3207922385027,21593878777.385292
20243,11110615,종로1·2·3·4가동,CS300032,가전제품,HH,정체,137.94412159740332,-2257457808.9947686,69.22150893477111,53130443651.85784,161.29202663038262,-0.23503427026101686,1.2573353439167905,116.72298717047481,52.81923223653176,755171409.5740649,5321079521.966641,500.69730545693903,359.53951482465425,3883.0659273332603,23347136026.321014
20233,11110615,종로1·2·3·4가동,CS300036,조명용품,HH,정체,764.4167355255742,2229331265.0787315,68.06410112945305,45175784808.35968,152.60584586849424,-1.679404219368966,5.968546984379627,107.29418567691927,51.97776192433717,816654503.0019308,5018960979.579606,670.7078528212166,597.2530236953888,3502.3306863754,20919241396.415787
20234,11110615,종로1·2·3·4가동,CS300036,조명용품,HH,정체,766.8574026292493,-997195614.2346039,68.11887859974154,47472460556.83358,155.10485280155228,0.06862398903038991,2.7679008810211774,109.6266244972278,52.69131572027656,854932130.4698079,5253766890.975085,670.4559772967247,597.4363395727809,3502.3121389872026,21390795232.261017
20241,11110615,종로1·2·3·4가동,CS300036,조명용품,HH,정체,759.2271033795931,-2270199394.5690837,68.21199705748342,49735847014.078156,157.41032111289076,-1.496976994436514,4.92298490360035,112.22258744583144,52.76576021139123,791308628.8168843,5493796508.12069,671.5510034817431,596.3982211551906,3502.3207919362826,22148519992.242004
20242,11110615,종로1·2·3·4가동,CS300036,조명용품,HH,정체,792.8648316475549,-2568755845.0542507,68.33040136224206,51664430587.10754,159.65212800981166,0.053167448078476065,3.3919072847628575,114.50829223046213,52.83624740966744,650080728.8836685,5227460489.131006,671.5509990477726,596.3982232392427,3502.3207922385027,21593878777.385292
20243,11110615,종로1·2·3·4가동,CS300036,조명용품,HH,정체,775.7660111057515,-2257457808.9947686,69.22150893477111,53130443651.85784,161.29202663038262,-3.1845528787507855,5.0835529055044235,116.72298717047481,52.81923223653176,755171409.5740649,5321079521.966641,500.69730545693903,359.53951482465425,3883.0659273332603,23347136026.321014
20233,11110615,종로1·2·3·4가동,CS300043,전자상거래업,HH,정체,324.90328521345793,2229331265.0787315,68.06410112945305,45175784808.35968,152.60584586849424,7.715341797359159,2.014231359640151,107.29418567691927,51.97776192433717,816654503.0019308,5018960979.579606,670.7078528212166,597.2530236953888,3502.3306863754,20919241396.415787
20234,11110615,종로1·2·3·4가동,CS300043,전자상거래업,HH,정체,314.3932276266659,-997195614.2346039,68.11887859974154,47472460556.83358,155.10485280155228,-7.352787939593512,4.183368069715289,109.6266244972278,52.69131572027656,854932130.4698079,5253766890.975085,670.4559772967247,597.4363395727809,3502.3121389872026,21390795232.261017
20241,11110615,종로1·2·3·4가동,CS300043,전자상거래업,HH,정체,305.3724484392554,-2270199394.5690837,68.21199705748342,49735847014.078156,157.41032111289076,-7.277101818400318,7.736850017067352,112.22258744583144,52.76576021139123,791308628.8168843,5493796508.12069,671.5510034817431,596.3982211551906,3502.3207919362826,22148519992.242004
20242,11110615,종로1·2·3·4가동,CS300043,전자상거래업,HH,정체,295.45523476372864,-2568755845.0542507,68.33040136224206,51664430587.10754,159.65212800981166,-6.81098143314651,7.87782864282768,114.50829223046213,52.83624740966744,650080728.8836685,5227460489.131006,671.5509990477726,596.3982232392427,3502.3207922385027,21593878777.385292
20243,11110615,종로1·2·3·4가동,CS300043,전자상거래업,HH,정체,291.56831107097946,-2257457808.9947686,69.22150893477111,53130443651.85784,161.29202663038262,-5.237130690338077,5.755195599626611,116.72298717047481,52.81923223653176,755171409.5740649,5321079521.966641,500.69730545693903,359.53951482465425,3883.0659273332603,23347136026.321014
