STDR_YYQU_CD,ADSTRD_CD,ADSTRD_CD_NM,SVC_INDUTY_CD,SVC_INDUTY_CD_NM,TRDAR_CHNGE_IX,TRDAR_CHNGE_IX_NM,SIMILR_INDUTY_STOR_CO,SU_CLS_SALE_MT_AVRG,CLS_SALE_MT_AVRG,FDSTFFS_EXPNDTR_TOTAMT,ETC_EXPNDTR_TOTAMT,CLSBIZ_STOR_CO,CLTHS_FTWR_EXPNDTR_TOTAMT,PLESR_EXPNDTR_TOTAMT,SU_OPR_SALE_MT_AVRG,OPR_SALE_MT_AVRG,OPBIZ_STOR_CO,MAG_10_REPOP_CO,FAG_50_REPOP_CO,LSR_CLTUR_EXPNDTR_TOTAMT,MCP_EXPNDTR_TOTAMT
20233,11260520,면목2동,CS100001,한식음식점,LL,다이나믹,152.48080376782002,51.97776192433717,48.14824495733732,624035395.6221609,76303457.49749836,12.48868257600556,-15327536625.008669,56638797.583630756,107.29418567691927,108.26291484121533,3.003899294134638,1400.0157870458524,2356.4088336066643,68040304.2824597,568898639.6877807
20234,11260520,면목2동,CS100001,한식음식점,LL,다이나믹,150.11569866844164,52.69131572027656,48.4829845620651,636048123.813556,76575212.93439816,10.139499645293364,-17042559620.624876,48378009.510095954,109.6266244972278,109.70058160710084,9.65709958936465,1399.4005948126085,2354.4095379021865,60456519.00758122,501854698.62484324
20241,11260520,면목2동,CS100001,한식음식점,LL,다이나믹,148.16506040595652,52.76576021139123,48.477711107075876,669804707.7949146,85587127.66459565,10.850965576629683,-18945715126.047077,64224615.07697877,112.22258744583144,110.6422458463722,7.898369421691123,1397.9263493657531,2353.527214051812,76257673.69389552,508874823.7220952
20242,11260520,면목2동,CS100001,한식음식점,LL,다이나믹,142.4259484711318,52.83624740966744,48.66268031119626,677477366.1067364,86210201.48357452,12.796806299563213,-20997417378.89988,59936702.33191078,114.50829223046213,111.52755116644822,7.024546779246291,1397.926350881815,2351.2458746239404,80814746.87710832,520138951.6168651
20243,11260520,면목2동,CS100001,한식음식점,LL,다이나믹,134.57835621911,52.81923223653176,48.89540221875077,644406960.1851505,79098166.16031548,12.487041341029006,-23095587634.18444,55453463.53978476,116.72298717047481,113.34877860986649,3.657109090839822,1339.9407343992793,2294.343897729815,72982475.85758466,461130310.1575326
20233,11260520,면목2동,CS100002,중식음식점,LL,다이나믹,7.388957428601696,51.97776192433717,48.14824495733732,624035395.6221609,76303457.49749836,-0.043554519149547555,-15327536625.008669,56638797.583630756,107.29418567691927,108.26291484121533,-0.010910982647485468,1400.0157870458524,2356.4088336066643,68040304.2824597,568898639.6877807
20234,11260520,면목2동,CS100002,중식음식점,LL,다이나믹,7.09725964257688,52.69131572027656,48.4829845620651,636048123.813556,76575212.93439816,0.0828131964014561,-17042559620.624876,48378009.510095954,109.6266244972278,109.70058160710084,-0.28700294373320095,1399.4005948126085,2354.4095379021865,60456519.00758122,501854698.62484324
20241,11260520,면목2동,CS100002,중식음식점,LL,다이나믹,7.333613518125957,52.76576021139123,48.477711107075876,669804707.7949146,85587127.66459565,-0.02860110108062447,-18945715126.047077,64224615.07697877,112.22258744583144,110.6422458463722,-0.07664407907047202,1397.9263493657531,2353.527214051812,76257673.69389552,508874823.7220952
20242,11260520,면목2동,CS100002,중식음식점,LL,다이나믹,7.567049027519121,52.83624740966744,48.66268031119626,677477366.1067364,86210201.48357452,0.6062061218729187,-20997417378.89988,59936702.33191078,114.50829223046213,111.52755116644822,0.10780848267735307,1397.926350881815,2351.2458746239404,80814746.87710832,520138951.6168651
20243,11260520,면목2동,CS100002,중식음식점,LL,다이나믹,7.832959895013465,52.81923223653176,48.89540221875077,644406960.1851505,79098166.16031548,-0.03868292994162892,-23095587634.18444,55453463.53978476,116.72298717047481,113.34877860986649,-0.09067713053440374,1339.9407343992793,2294.343897729815,72982475.85758466,461130310.1575326
20233,11260520,면목2동,CS100005,제과점,LL,다이나믹,8.490919555953067,51.97776192433717,48.14824495733732,624035395.6221609,76303457.49749836,0.9847394577115467,-15327536625.008669,56638797.583630756,107.29418567691927,108.26291484121533,0.11648252082841093,1400.0157870458524,2356.4088336066643,68040304.2824597,568898639.6877807
20234,11260520,면목2동,CS100005,제과점,LL,다이나믹,9.236077820537405,52.69131572027656,48.4829845620651,636048123.813556,76575212.93439816,0.5727231865750986,-17042559620.624876,48378009.510095954,109.6266244972278,109.70058160710084,0.3821095178671953,1399.4005948126085,2354.4095379021865,60456519.00758122,501854698.62484324
20241,11260520,면목2동,CS100005,제과점,LL,다이나믹,8.95488225563412,52.76576021139123,48.477711107075876,669804707.7949146,85587127.66459565,0.7333037275762025,-18945715126.047077,64224615.07697877,112.22258744583144,110.6422458463722,-0.251138118170442,1397.9263493657531,2353.527214051812,76257673.69389552,508874823.7220952
20242,11260520,면목2동,CS100005,제과점,LL,다이나믹,8.718739657331357,52.83624740966744,48.66268031119626,677477366.1067364,86210201.48357452,0.732754078662345,-20997417378.89988,59936702.33191078,114.50829223046213,111.52755116644822,0.1640959510029284,1397.926350881815,2351.2458746239404,80814746.87710832,520138951.6168651
20243,11260520,면목2동,CS100005,제과점,LL,다이나믹,9.007384492775753,52.81923223653176,48.89540221875077,644406960.1851505,79098166.16031548,0.7328186193913828,-23095587634.18444,55453463.53978476,116.72298717047481,113.34877860986649,0.0013064146888785433,1339.9407343992793,2294.343897729815,72982475.85758466,461130310.1575326
20233,11260520,면목2동,CS100007,치킨전문점,LL,다이나믹,21.258889075519953,51.97776192433717,48.14824495733732,624035395.6221609,76303457.49749836,0.3476395584346642,-15327536625.008669,56638797.583630756,107.29418567691927,108.26291484121533,2.264175681996315,1400.0157870458524,2356.4088336066643,68040304.2824597,568898639.6877807
20234,11260520,면목2동,CS100007,치킨전문점,LL,다이나믹,21.585294210009927,52.69131572027656,48.4829845620651,636048123.813556,76575212.93439816,0.9215537672212686,-17042559620.624876,48378009.510095954,109.6266244972278,109.70058160710084,1.5211974866788205,1399.4005948126085,2354.4095379021865,60456519.00758122,501854698.62484324
20241,11260520,면목2동,CS100007,치킨전문점,LL,다이나믹,22.62681269206709,52.76576021139123,48.477711107075876,669804707.7949146,85587127.66459565,1.1754045726319342,-18945715126.047077,64224615.07697877,112.22258744583144,110.6422458463722,2.8604608344271263,1397.9263493657531,2353.527214051812,76257673.69389552,508874823.7220952
20242,11260520,면목2동,CS100007,치킨전문점,LL,다이나믹,22.168250555803183,52.83624740966744,48.66268031119626,677477366.1067364,86210201.48357452,1.2858444456816034,-20997417378.89988,59936702.33191078,114.50829223046213,111.52755116644822,1.7397641457056716,1397.926350881815,2351.2458746239404,80814746.87710832,520138951.6168651
20243,11260520,면목2동,CS100007,치킨전문점,LL,다이나믹,22.9044339620944,52.81923223653176,48.89540221875077,644406960.1851505,79098166.16031548,0.49789531058781633,-23095587634.18444,55453463.53978476,116.72298717047481,113.34877860986649,2.1872460271009198,1339.9407343992793,2294.343897729815,72982475.85758466,461130310.1575326
20233,11260520,면목2동,CS100008,분식전문점,LL,다이나믹,27.014047868680127,51.97776192433717,48.14824495733732,624035395.6221609,76303457.49749836,0.8651850677222999,-15327536625.008669,56638797.583630756,107.29418567691927,108.26291484121533,0.20063524030916602,1400.0157870458524,2356.4088336066643,68040304.2824597,568898639.6877807
20234,11260520,면목2동,CS100008,분식전문점,LL,다이나믹,25.699582353430756,52.69131572027656,48.4829845620651,636048123.813556,76575212.93439816,2.5483593962249387,-17042559620.624876,48378009.510095954,109.6266244972278,109.70058160710084,0.3123571512291512,1399.4005948126085,2354.4095379021865,60456519.00758122,501854698.62484324
20241,11260520,면목2동,CS100008,분식전문점,LL,다이나믹,28.004319996795555,52.76576021139123,48.477711107075876,669804707.7949146,85587127.66459565,0.7745121255312525,-18945715126.047077,64224615.07697877,112.22258744583144,110.6422458463722,4.075252718810028,1397.9263493657531,2353.527214051812,76257673.69389552,508874823.7220952
20242,11260520,면목2동,CS100008,분식전문점,LL,다이나믹,27.78694957292179,52.83624740966744,48.66268031119626,677477366.1067364,86210201.48357452,2.0238286191596617,-20997417378.89988,59936702.33191078,114.50829223046213,111.52755116644822,2.7768228523747154,1397.926350881815,2351.2458746239404,80814746.87710832,520138951.6168651
20243,11260520,면목2동,CS100008,분식전문점,LL,다이나믹,27.043846634753162,52.81923223653176,48.89540221875077,644406960.1851505,79098166.16031548,0.8931823029687151,-23095587634.18444,55453463.53978476,116.72298717047481,113.34877860986649,0.13741760664786618,1339.9407343992793,2294.343897729815,72982475.85758466,461130310.1575326
20233,11260520,면목2동,CS100009,호프-간이주점,LL,다이나믹,18.751433491150483,51.97776192433717,48.14824495733732,624035395.6221609,76303457.49749836,0.44900243645383764,-15327536625.008669,56638797.583630756,107.29418567691927,108.26291484121533,0.8386323173576805,1400.0157870458524,2356.4088336066643,68040304.2824597,568898639.6877807
20234,11260520,면목2동,CS100009,호프-간이주점,LL,다이나믹,19.372349511855564,52.69131572027656,48.4829845620651,636048123.813556,76575212.93439816,0.44944453888162716,-17042559620.624876,48378009.510095954,109.6266244972278,109.70058160710084,0.7879327952011106,1399.4005948126085,2354.4095379021865,60456519.00758122,501854698.62484324
20241,11260520,면목2동,CS100009,호프-간이주점,LL,다이나믹,21.79199683823817,52.76576021139123,48.477711107075876,669804707.7949146,85587127.66459565,4.252071667412019,-18945715126.047077,64224615.07697877,112.22258744583144,110.6422458463722,6.041575281469124,1397.9263493657531,2353.527214051812,76257673.69389552,508874823.7220952
20242,11260520,면목2동,CS100009,호프-간이주점,LL,다이나믹,23.49048458048406,52.83624740966744,48.66268031119626,677477366.1067364,86210201.48357452,2.8467610341025664,-20997417378.89988,59936702.33191078,114.50829223046213,111.52755116644822,3.183926487348898,1397.926350881815,2351.2458746239404,80814746.87710832,520138951.6168651
20243,11260520,면목2동,CS100009,호프-간이주점,LL,다이나믹,25.036778229779024,52.81923223653176,48.89540221875077,644406960.1851505,79098166.16031548,1.1901462362586919,-23095587634.18444,55453463.53978476,116.72298717047481,113.34877860986649,1.9858716856508507,1339.9407343992793,2294.343897729815,72982475.85758466,461130310.1575326
20233,11260520,면목2동,CS100010,커피-음료,LL,다이나믹,33.507716360333355,51.97776192433717,48.14824495733732,624035395.6221609,76303457.49749836,-0.1837527445226077,-15327536625.008669,56638797.583630756,107.29418567691927,108.26291484121533,6.569281824326881,1400.0157870458524,2356.4088336066643,68040304.2824597,568898639.6877807
20234,11260520,면목2동,CS100010,커피-음료,LL,다이나믹,30.94584742614482,52.69131572027656,48.4829845620651,636048123.813556,76575212.93439816,4.230560060292893,-17042559620.624876,48378009.510095954,109.6266244972278,109.70058160710084,-1.8056263441838327,1399.4005948126085,2354.4095379021865,60456519.00758122,501854698.62484324
20241,11260520,면목2동,CS100010,커피-음료,LL,다이나믹,30.879348498967712,52.76576021139123,48.477711107075876,669804707.7949146,85587127.66459565,4.484648439974056,-18945715126.047077,64224615.07697877,112.22258744583144,110.6422458463722,5.044538206463949,1397.9263493657531,2353.527214051812,76257673.69389552,508874823.7220952
20242,11260520,면목2동,CS100010,커피-음료,LL,다이나믹,28.91436331440724,52.83624740966744,48.66268031119626,677477366.1067364,86210201.48357452,1.3468524041230947,-20997417378.89988,59936702.33191078,114.50829223046213,111.52755116644822,1.4691590935720198,1397.926350881815,2351.2458746239404,80814746.87710832,520138951.6168651
20243,11260520,면목2동,CS100010,커피-음료,LL,다이나믹,30.844673761168092,52.81923223653176,48.89540221875077,644406960.1851505,79098166.16031548,0.27499986381688324,-23095587634.18444,55453463.53978476,116.72298717047481,113.34877860986649,4.201211949964079,1339.9407343992793,2294.343897729815,72982475.85758466,461130310.1575326
20233,11260520,면목2동,CS200001,일반교습학원,LL,다이나믹,19.406420769206377,51.97776192433717,48.14824495733732,624035395.6221609,76303457.49749836,0.31613121130382643,-15327536625.008669,56638797.583630756,107.29418567691927,108.26291484121533,-0.27144637791869597,1400.0157870458524,2356.4088336066643,68040304.2824597,568898639.6877807
20234,11260520,면목2동,CS200001,일반교습학원,LL,다이나믹,18.66677334415786,52.69131572027656,48.4829845620651,636048123.813556,76575212.93439816,0.4299721512545718,-17042559620.624876,48378009.510095954,109.6266244972278,109.70058160710084,-0.035439560967275435,1399.4005948126085,2354.4095379021865,60456519.00758122,501854698.62484324
20241,11260520,면목2동,CS200001,일반교습학원,LL,다이나믹,18.540947014938023,52.76576021139123,48.477711107075876,669804707.7949146,85587127.66459565,0.43664778507886526,-18945715126.047077,64224615.07697877,112.22258744583144,110.6422458463722,0.056445050694768045,1397.9263493657531,2353.527214051812,76257673.69389552,508874823.7220952
20242,11260520,면목2동,CS200001,일반교습학원,LL,다이나믹,19.163480177035204,52.83624740966744,48.66268031119626,677477366.1067364,86210201.48357452,0.2298696320706743,-20997417378.89988,59936702.33191078,114.50829223046213,111.52755116644822,0.5727603911444588,1397.926350881815,2351.2458746239404,80814746.87710832,520138951.6168651
20243,11260520,면목2동,CS200001,일반교습학원,LL,다이나믹,18.771123719506182,52.81923223653176,48.89540221875077,644406960.1851505,79098166.16031548,0.31460514262526973,-23095587634.18444,55453463.53978476,116.72298717047481,113.34877860986649,-0.17418486552446688,1339.9407343992793,2294.343897729815,72982475.85758466,461130310.1575326
20233,11260520,면목2동,CS200003,예술학원,LL,다이나믹,10.16832306187698,51.97776192433717,48.14824495733732,624035395.6221609,76303457.49749836,0.35751247186957547,-15327536625.008669,56638797.583630756,107.29418567691927,108.26291484121533,0.08874168576616058,1400.0157870458524,2356.4088336066643,68040304.2824597,568898639.6877807
20234,11260520,면목2동,CS200003,예술학원,LL,다이나믹,9.943105937545566,52.69131572027656,48.4829845620651,636048123.813556,76575212.93439816,0.7443749369374016,-17042559620.624876,48378009.510095954,109.6266244972278,109.70058160710084,0.010334272038879891,1399.4005948126085,2354.4095379021865,60456519.00758122,501854698.62484324
20241,11260520,면목2동,CS200003,예술학원,LL,다이나믹,9.994677882806307,52.76576021139123,48.477711107075876,669804707.7949146,85587127.66459565,0.13376474810390898,-18945715126.047077,64224615.07697877,112.22258744583144,110.6422458463722,-0.13199965071071265,1397.9263493657531,2353.527214051812,76257673.69389552,508874823.7220952
20242,11260520,면목2동,CS200003,예술학원,LL,다이나믹,9.303336888623898,52.83624740966744,48.66268031119626,677477366.1067364,86210201.48357452,0.95165695401492,-20997417378.89988,59936702.33191078,114.50829223046213,111.52755116644822,-0.1329970670092659,1397.926350881815,2351.2458746239404,80814746.87710832,520138951.6168651
20243,11260520,면목2동,CS200003,예술학원,LL,다이나믹,9.39872270668666,52.81923223653176,48.89540221875077,644406960.1851505,79098166.16031548,0.4194994964758161,-23095587634.18444,55453463.53978476,116.72298717047481,113.34877860986649,0.09322026574282379,1339.9407343992793,2294.343897729815,72982475.85758466,461130310.1575326
20233,11260520,면목2동,CS200016,당구장,LL,다이나믹,6.795872201991044,51.97776192433717,48.14824495733732,624035395.6221609,76303457.49749836,0.010278078422280124,-15327536625.008669,56638797.583630756,107.29418567691927,108.26291484121533,0.409622130094353,1400.0157870458524,2356.4088336066643,68040304.2824597,568898639.6877807
20234,11260520,면목2동,CS200016,당구장,LL,다이나믹,6.73546351294793,52.69131572027656,48.4829845620651,636048123.813556,76575212.93439816,-0.025235314454217672,-17042559620.624876,48378009.510095954,109.6266244972278,109.70058160710084,-0.0482621989051647,1399.4005948126085,2354.4095379021865,60456519.00758122,501854698.62484324
20241,11260520,면목2동,CS200016,당구장,LL,다이나믹,6.628628037002287,52.76576021139123,48.477711107075876,669804707.7949146,85587127.66459565,-0.29389829013482205,-18945715126.047077,64224615.07697877,112.22258744583144,110.6422458463722,-0.18082780320986858,1397.9263493657531,2353.527214051812,76257673.69389552,508874823.7220952
20242,11260520,면목2동,CS200016,당구장,LL,다이나믹,6.332350438356719,52.83624740966744,48.66268031119626,677477366.1067364,86210201.48357452,-0.024721200711310565,-20997417378.89988,59936702.33191078,114.50829223046213,111.52755116644822,-0.33441922015410386,1397.926350881815,2351.2458746239404,80814746.87710832,520138951.6168651
20243,11260520,면목2동,CS200016,당구장,LL,다이나믹,6.379606566205553,52.81923223653176,48.89540221875077,644406960.1851505,79098166.16031548,-0.09347301358370431,-23095587634.18444,55453463.53978476,116.72298717047481,113.34877860986649,0.23761129182303475,1339.9407343992793,2294.343897729815,72982475.85758466,461130310.1575326
20233,11260520,면목2동,CS200026,자동차미용,LL,다이나믹,2.6453536491071263,51.97776192433717,48.14824495733732,624035395.6221609,76303457.49749836,0.5042579900583358,-15327536625.008669,56638797.583630756,107.29418567691927,108.26291484121533,0.009518770692132363,1400.0157870458524,2356.4088336066643,68040304.2824597,568898639.6877807
20234,11260520,면목2동,CS200026,자동차미용,LL,다이나믹,1.7111323419940074,52.69131572027656,48.4829845620651,636048123.813556,76575212.93439816,0.5191824076369311,-17042559620.624876,48378009.510095954,109.6266244972278,109.70058160710084,-0.06022375785638104,1399.4005948126085,2354.4095379021865,60456519.00758122,501854698.62484324
20241,11260520,면목2동,CS200026,자동차미용,LL,다이나믹,1.4689026411065518,52.76576021139123,48.477711107075876,669804707.7949146,85587127.66459565,0.678226903896546,-18945715126.047077,64224615.07697877,112.22258744583144,110.6422458463722,0.1533651497408206,1397.9263493657531,2353.527214051812,76257673.69389552,508874823.7220952
20242,11260520,면목2동,CS200026,자동차미용,LL,다이나믹,1.471616256208264,52.83624740966744,48.66268031119626,677477366.1067364,86210201.48357452,0.29412453412426925,-20997417378.89988,59936702.33191078,114.50829223046213,111.52755116644822,-0.31883433554749563,1397.926350881815,2351.2458746239404,80814746.87710832,520138951.6168651
20243,11260520,면목2동,CS200026,자동차미용,LL,다이나믹,0.34017125233799833,52.81923223653176,48.89540221875077,644406960.1851505,79098166.16031548,0.6002036554085463,-23095587634.18444,55453463.53978476,116.72298717047481,113.34877860986649,-0.1049569851091291,1339.9407343992793,2294.343897729815,72982475.85758466,461130310.1575326
20233,11260520,면목2동,CS200031,세탁소,LL,다이나믹,14.72253402024189,51.97776192433717,48.14824495733732,624035395.6221609,76303457.49749836,0.08154164779988561,-15327536625.008669,56638797.583630756,107.29418567691927,108.26291484121533,-0.2125534681500236,1400.0157870458524,2356.4088336066643,68040304.2824597,568898639.6877807
20234,11260520,면목2동,CS200031,세탁소,LL,다이나믹,14.459280130461009,52.69131572027656,48.4829845620651,636048123.813556,76575212.93439816,0.024394215044016385,-17042559620.624876,48378009.510095954,109.6266244972278,109.70058160710084,-0.29182111591641624,1399.4005948126085,2354.4095379021865,60456519.00758122,501854698.62484324
20241,11260520,면목2동,CS200031,세탁소,LL,다이나믹,14.251003940019421,52.76576021139123,48.477711107075876,669804707.7949146,85587127.66459565,0.22056789673622232,-18945715126.047077,64224615.07697877,112.22258744583144,110.6422458463722,-0.08217277597960049,1397.9263493657531,2353.527214051812,76257673.69389552,508874823.7220952
20242,11260520,면목2동,CS200031,세탁소,LL,다이나믹,14.457942773084033,52.83624740966744,48.66268031119626,677477366.1067364,86210201.48357452,-0.2778440998944982,-20997417378.89988,59936702.33191078,114.50829223046213,111.52755116644822,-0.06291248971832958,1397.926350881815,2351.2458746239404,80814746.87710832,520138951.6168651
20243,11260520,면목2동,CS200031,세탁소,LL,다이나믹,14.201675032407378,52.81923223653176,48.89540221875077,644406960.1851505,79098166.16031548,0.01146343106432643,-23095587634.18444,55453463.53978476,116.72298717047481,113.34877860986649,-0.29912085940347655,1339.9407343992793,2294.343897729815,72982475.85758466,461130310.1575326
20233,11260520,면목2동,CS200037,노래방,LL,다이나믹,21.07303289086995,51.97776192433717,48.14824495733732,624035395.6221609,76303457.49749836,1.4909769890530786,-15327536625.008669,56638797.583630756,107.29418567691927,108.26291484121533,3.957054010557589,1400.0157870458524,2356.4088336066643,68040304.2824597,568898639.6877807
20234,11260520,면목2동,CS200037,노래방,LL,다이나믹,20.497227804316882,52.69131572027656,48.4829845620651,636048123.813556,76575212.93439816,1.5834630240902843,-17042559620.624876,48378009.510095954,109.6266244972278,109.70058160710084,3.8561718212684406,1399.4005948126085,2354.4095379021865,60456519.00758122,501854698.62484324
20241,11260520,면목2동,CS200037,노래방,LL,다이나믹,19.972481470264253,52.76576021139123,48.477711107075876,669804707.7949146,85587127.66459565,2.898515263657684,-18945715126.047077,64224615.07697877,112.22258744583144,110.6422458463722,4.783790560944979,1397.9263493657531,2353.527214051812,76257673.69389552,508874823.7220952
20242,11260520,면목2동,CS200037,노래방,LL,다이나믹,20.18720618464445,52.83624740966744,48.66268031119626,677477366.1067364,86210201.48357452,1.4955000384652366,-20997417378.89988,59936702.33191078,114.50829223046213,111.52755116644822,5.908805306831035,1397.926350881815,2351.2458746239404,80814746.87710832,520138951.6168651
20243,11260520,면목2동,CS200037,노래방,LL,다이나믹,21.203264523621414,52.81923223653176,48.89540221875077,644406960.1851505,79098166.16031548,1.6258227916256498,-23095587634.18444,55453463.53978476,116.72298717047481,113.34877860986649,6.917405164937747,1339.9407343992793,2294.343897729815,72982475.85758466,461130310.1575326
20233,11260520,면목2동,CS300001,슈퍼마켓,LL,다이나믹,33.19533471262587,51.97776192433717,48.14824495733732,624035395.6221609,76303457.49749836,0.1710358287797104,-15327536625.008669,56638797.583630756,107.29418567691927,108.26291484121533,1.2211940905640088,1400.0157870458524,2356.4088336066643,68040304.2824597,568898639.6877807
20234,11260520,면목2동,CS300001,슈퍼마켓,LL,다이나믹,33.02883159371724,52.69131572027656,48.4829845620651,636048123.813556,76575212.93439816,-0.48163377831376325,-17042559620.624876,48378009.510095954,109.6266244972278,109.70058160710084,0.9082206010183664,1399.4005948126085,2354.4095379021865,60456519.00758122,501854698.62484324
20241,11260520,면목2동,CS300001,슈퍼마켓,LL,다이나믹,33.965647595185835,52.76576021139123,48.477711107075876,669804707.7949146,85587127.66459565,0.038044761253142934,-18945715126.047077,64224615.07697877,112.22258744583144,110.6422458463722,1.7245809764558506,1397.9263493657531,2353.527214051812,76257673.69389552,508874823.7220952
20242,11260520,면목2동,CS300001,슈퍼마켓,LL,다이나믹,34.48511754002824,52.83624740966744,48.66268031119626,677477366.1067364,86210201.48357452,1.907534142717958,-20997417378.89988,59936702.33191078,114.50829223046213,111.52755116644822,1.5999650679656816,1397.926350881815,2351.2458746239404,80814746.87710832,520138951.6168651
20243,11260520,면목2동,CS300001,슈퍼마켓,LL,다이나믹,34.588822860951396,52.81923223653176,48.89540221875077,644406960.1851505,79098166.16031548,0.6169801251425404,-23095587634.18444,55453463.53978476,116.72298717047481,113.34877860986649,1.3990321161074046,1339.9407343992793,2294.343897729815,72982475.85758466,461130310.1575326
20233,11260520,면목2동,CS300002,편의점,LL,다이나믹,27.364010676914482,51.97776192433717,48.14824495733732,624035395.6221609,76303457.49749836,1.6575102673226667,-15327536625.008669,56638797.583630756,107.29418567691927,108.26291484121533,1.7431512096085646,1400.0157870458524,2356.4088336066643,68040304.2824597,568898639.6877807
20234,11260520,면목2동,CS300002,편의점,LL,다이나믹,26.8643292406762,52.69131572027656,48.4829845620651,636048123.813556,76575212.93439816,0.4098644220795499,-17042559620.624876,48378009.510095954,109.6266244972278,109.70058160710084,0.0032597181793821983,1399.4005948126085,2354.4095379021865,60456519.00758122,501854698.62484324
20241,11260520,면목2동,CS300002,편의점,LL,다이나믹,27.277225388938785,52.76576021139123,48.477711107075876,669804707.7949146,85587127.66459565,1.4277142013698105,-18945715126.047077,64224615.07697877,112.22258744583144,110.6422458463722,1.344044885081661,1397.9263493657531,2353.527214051812,76257673.69389552,508874823.7220952
20242,11260520,면목2동,CS300002,편의점,LL,다이나믹,27.184264716608013,52.83624740966744,48.66268031119626,677477366.1067364,86210201.48357452,0.76993719098769,-20997417378.89988,59936702.33191078,114.50829223046213,111.52755116644822,0.6693123578944487,1397.926350881815,2351.2458746239404,80814746.87710832,520138951.6168651
20243,11260520,면목2동,CS300002,편의점,LL,다이나믹,27.474397698639308,52.81923223653176,48.89540221875077,644406960.1851505,79098166.16031548,1.268437499776177,-23095587634.18444,55453463.53978476,116.72298717047481,113.34877860986649,1.2239902993732348,1339.9407343992793,2294.343897729815,72982475.85758466,461130310.1575326
20233,11260520,면목2동,CS300006,미곡판매,LL,다이나믹,6.4698191150403135,51.97776192433717,48.14824495733732,624035395.6221609,76303457.49749836,3.0000000003026885,-15327536625.008669,56638797.583630756,107.29418567691927,108.26291484121533,0.870929690344326,1400.0157870458524,2356.4088336066643,68040304.2824597,568898639.6877807
20234,11260520,면목2동,CS300006,미곡판매,LL,다이나믹,6.533228920390929,52.69131572027656,48.4829845620651,636048123.813556,76575212.93439816,3.0000000003026885,-17042559620.624876,48378009.510095954,109.6266244972278,109.70058160710084,0.9209594262978821,1399.4005948126085,2354.4095379021865,60456519.00758122,501854698.62484324
20241,11260520,면목2동,CS300006,미곡판매,LL,다이나믹,6.992390112362812,52.76576021139123,48.477711107075876,669804707.7949146,85587127.66459565,3.000000000302688,-18945715126.047077,64224615.07697877,112.22258744583144,110.6422458463722,0.9247295746940664,1397.9263493657531,2353.527214051812,76257673.69389552,508874823.7220952
20242,11260520,면목2동,CS300006,미곡판매,LL,다이나믹,6.114171765198826,52.83624740966744,48.66268031119626,677477366.1067364,86210201.48357452,6.000000095966417,-20997417378.89988,59936702.33191078,114.50829223046213,111.52755116644822,0.5509545486957379,1397.926350881815,2351.2458746239404,80814746.87710832,520138951.6168651
20243,11260520,면목2동,CS300006,미곡판매,LL,다이나믹,6.483621411167754,52.81923223653176,48.89540221875077,644406960.1851505,79098166.16031548,6.000000096269106,-23095587634.18444,55453463.53978476,116.72298717047481,113.34877860986649,0.6827890651259552,1339.9407343992793,2294.343897729815,72982475.85758466,461130310.1575326
20233,11260520,면목2동,CS300007,육류판매,LL,다이나믹,19.75636965424583,51.97776192433717,48.14824495733732,624035395.6221609,76303457.49749836,-0.5621951957938465,-15327536625.008669,56638797.583630756,107.29418567691927,108.26291484121533,0.4331503046574555,1400.0157870458524,2356.4088336066643,68040304.2824597,568898639.6877807
20234,11260520,면목2동,CS300007,육류판매,LL,다이나믹,19.789671187454353,52.69131572027656,48.4829845620651,636048123.813556,76575212.93439816,0.6874132876029957,-17042559620.624876,48378009.510095954,109.6266244972278,109.70058160710084,0.5137394728461777,1399.4005948126085,2354.4095379021865,60456519.00758122,501854698.62484324
20241,11260520,면목2동,CS300007,육류판매,LL,다이나믹,20.738593708054818,52.76576021139123,48.477711107075876,669804707.7949146,85587127.66459565,0.3889097096722489,-18945715126.047077,64224615.07697877,112.22258744583144,110.6422458463722,0.5346923750441938,1397.9263493657531,2353.527214051812,76257673.69389552,508874823.7220952
20242,11260520,면목2동,CS300007,육류판매,LL,다이나믹,21.393420492709527,52.83624740966744,48.66268031119626,677477366.1067364,86210201.48357452,-0.00016316156898676937,-20997417378.89988,59936702.33191078,114.50829223046213,111.52755116644822,0.03194934495537749,1397.926350881815,2351.2458746239404,80814746.87710832,520138951.6168651
20243,11260520,면목2동,CS300007,육류판매,LL,다이나믹,21.879528074782066,52.81923223653176,48.89540221875077,644406960.1851505,79098166.16031548,-0.3483685564335547,-23095587634.18444,55453463.53978476,116.72298717047481,113.34877860986649,0.1929492248200253,1339.9407343992793,2294.343897729815,72982475.85758466,461130310.1575326
20233,11260520,면목2동,CS300008,수산물판매,LL,다이나믹,6.02228243476802,51.97776192433717,48.14824495733732,624035395.6221609,76303457.49749836,0.4583193045764611,-15327536625.008669,56638797.583630756,107.29418567691927,108.26291484121533,-0.7048163061009821,1400.0157870458524,2356.4088336066643,68040304.2824597,568898639.6877807
20234,11260520,면목2동,CS300008,수산물판매,LL,다이나믹,6.009416278462993,52.69131572027656,48.4829845620651,636048123.813556,76575212.93439816,0.28807426603198905,-17042559620.624876,48378009.510095954,109.6266244972278,109.70058160710084,-0.6827949022523798,1399.4005948126085,2354.4095379021865,60456519.00758122,501854698.62484324
20241,11260520,면목2동,CS300008,수산물판매,LL,다이나믹,5.440974275365907,52.76576021139123,48.477711107075876,669804707.7949146,85587127.66459565,0.5769546114559508,-18945715126.047077,64224615.07697877,112.22258744583144,110.6422458463722,0.0024549143244532168,1397.9263493657531,2353.527214051812,76257673.69389552,508874823.7220952
20242,11260520,면목2동,CS300008,수산물판매,LL,다이나믹,5.509204491501527,52.83624740966744,48.66268031119626,677477366.1067364,86210201.48357452,0.6779214720500999,-20997417378.89988,59936702.33191078,114.50829223046213,111.52755116644822,-0.6839829982965826,1397.926350881815,2351.2458746239404,80814746.87710832,520138951.6168651
20243,11260520,면목2동,CS300008,수산물판매,LL,다이나믹,5.525891157746399,52.81923223653176,48.89540221875077,644406960.1851505,79098166.16031548,0.4311461775396954,-23095587634.18444,55453463.53978476,116.72298717047481,113.34877860986649,-0.8419047469046639,1339.9407343992793,2294.343897729815,72982475.85758466,461130310.1575326
20233,11260520,면목2동,CS300009,청과상,LL,다이나믹,11.956848308120556,51.97776192433717,48.14824495733732,624035395.6221609,76303457.49749836,0.6562498159907699,-15327536625.008669,56638797.583630756,107.29418567691927,108.26291484121533,0.10702270889867249,1400.0157870458524,2356.4088336066643,68040304.2824597,568898639.6877807
20234,11260520,면목2동,CS300009,청과상,LL,다이나믹,11.707909532706417,52.69131572027656,48.4829845620651,636048123.813556,76575212.93439816,0.42801754301047246,-17042559620.624876,48378009.510095954,109.6266244972278,109.70058160710084,-0.16305686869114167,1399.4005948126085,2354.4095379021865,60456519.00758122,501854698.62484324
20241,11260520,면목2동,CS300009,청과상,LL,다이나믹,11.796584174949222,52.76576021139123,48.477711107075876,669804707.7949146,85587127.66459565,-0.0063988298001123045,-18945715126.047077,64224615.07697877,112.22258744583144,110.6422458463722,0.035264774946732996,1397.9263493657531,2353.527214051812,76257673.69389552,508874823.7220952
20242,11260520,면목2동,CS300009,청과상,LL,다이나믹,11.900579067628714,52.83624740966744,48.66268031119626,677477366.1067364,86210201.48357452,0.0391837277676549,-20997417378.89988,59936702.33191078,114.50829223046213,111.52755116644822,0.034237807579927615,1397.926350881815,2351.2458746239404,80814746.87710832,520138951.6168651
20243,11260520,면목2동,CS300009,청과상,LL,다이나믹,12.764581700348794,52.81923223653176,48.89540221875077,644406960.1851505,79098166.16031548,0.4404440020509568,-23095587634.18444,55453463.53978476,116.72298717047481,113.34877860986649,0.9602870794491172,1339.9407343992793,2294.343897729815,72982475.85758466,461130310.1575326
20233,11260520,면목2동,CS300010,반찬가게,LL,다이나믹,19.997110253979272,51.97776192433717,48.14824495733732,624035395.6221609,76303457.49749836,1.9297427391413957,-15327536625.008669,56638797.583630756,107.29418567691927,108.26291484121533,-0.36273345181542527,1400.0157870458524,2356.4088336066643,68040304.2824597,568898639.6877807
20234,11260520,면목2동,CS300010,반찬가게,LL,다이나믹,18.85495459607631,52.69131572027656,48.4829845620651,636048123.813556,76575212.93439816,2.092721910593678,-17042559620.624876,48378009.510095954,109.6266244972278,109.70058160710084,0.11073288192659803,1399.4005948126085,2354.4095379021865,60456519.00758122,501854698.62484324
20241,11260520,면목2동,CS300010,반찬가게,LL,다이나믹,18.913963574188408,52.76576021139123,48.477711107075876,669804707.7949146,85587127.66459565,2.1501237307731125,-18945715126.047077,64224615.07697877,112.22258744583144,110.6422458463722,0.7291769834473937,1397.9263493657531,2353.527214051812,76257673.69389552,508874823.7220952
20242,11260520,면목2동,CS300010,반찬가게,LL,다이나믹,17.065819843322235,52.83624740966744,48.66268031119626,677477366.1067364,86210201.48357452,4.183425857905244,-20997417378.89988,59936702.33191078,114.50829223046213,111.52755116644822,0.9873609573563711,1397.926350881815,2351.2458746239404,80814746.87710832,520138951.6168651
20243,11260520,면목2동,CS300010,반찬가게,LL,다이나믹,15.473079892310066,52.81923223653176,48.89540221875077,644406960.1851505,79098166.16031548,2.431902767846025,-23095587634.18444,55453463.53978476,116.72298717047481,113.34877860986649,-0.3850083355556501,1339.9407343992793,2294.343897729815,72982475.85758466,461130310.1575326
20233,11260520,면목2동,CS300011,일반의류,LL,다이나믹,55.75328728483407,51.97776192433717,48.14824495733732,624035395.6221609,76303457.49749836,-0.268201616299923,-15327536625.008669,56638797.583630756,107.29418567691927,108.26291484121533,1.5058596522471719,1400.0157870458524,2356.4088336066643,68040304.2824597,568898639.6877807
20234,11260520,면목2동,CS300011,일반의류,LL,다이나믹,54.169667351845746,52.69131572027656,48.4829845620651,636048123.813556,76575212.93439816,0.8423461537684918,-17042559620.624876,48378009.510095954,109.6266244972278,109.70058160710084,1.0528879840952396,1399.4005948126085,2354.4095379021865,60456519.00758122,501854698.62484324
20241,11260520,면목2동,CS300011,일반의류,LL,다이나믹,52.18501456285003,52.76576021139123,48.477711107075876,669804707.7949146,85587127.66459565,1.7597594408159583,-18945715126.047077,64224615.07697877,112.22258744583144,110.6422458463722,-0.038348456367865214,1397.9263493657531,2353.527214051812,76257673.69389552,508874823.7220952
20242,11260520,면목2동,CS300011,일반의류,LL,다이나믹,51.709213512352264,52.83624740966744,48.66268031119626,677477366.1067364,86210201.48357452,0.15714166140874664,-20997417378.89988,59936702.33191078,114.50829223046213,111.52755116644822,0.8659918415784098,1397.926350881815,2351.2458746239404,80814746.87710832,520138951.6168651
20243,11260520,면목2동,CS300011,일반의류,LL,다이나믹,52.25448110747968,52.81923223653176,48.89540221875077,644406960.1851505,79098166.16031548,-0.6888485773323023,-23095587634.18444,55453463.53978476,116.72298717047481,113.34877860986649,0.7322251273501966,1339.9407343992793,2294.343897729815,72982475.85758466,461130310.1575326
20233,11260520,면목2동,CS300014,신발,LL,다이나믹,4.813867793132494,51.97776192433717,48.14824495733732,624035395.6221609,76303457.49749836,1.9999999999466627,-15327536625.008669,56638797.583630756,107.29418567691927,108.26291484121533,0.1454416048737126,1400.0157870458524,2356.4088336066643,68040304.2824597,568898639.6877807
20234,11260520,면목2동,CS300014,신발,LL,다이나믹,4.996395581870191,52.69131572027656,48.4829845620651,636048123.813556,76575212.93439816,1.9999999999466627,-17042559620.624876,48378009.510095954,109.6266244972278,109.70058160710084,0.4891404523416119,1399.4005948126085,2354.4095379021865,60456519.00758122,501854698.62484324
20241,11260520,면목2동,CS300014,신발,LL,다이나믹,4.986090913422629,52.76576021139123,48.477711107075876,669804707.7949146,85587127.66459565,2.000000000099726,-18945715126.047077,64224615.07697877,112.22258744583144,110.6422458463722,0.06328647200979792,1397.9263493657531,2353.527214051812,76257673.69389552,508874823.7220952
20242,11260520,면목2동,CS300014,신발,LL,다이나믹,4.518042754338816,52.83624740966744,48.66268031119626,677477366.1067364,86210201.48357452,3.999998785114708,-20997417378.89988,59936702.33191078,114.50829223046213,111.52755116644822,0.6273426189182117,1397.926350881815,2351.2458746239404,80814746.87710832,520138951.6168651
20243,11260520,면목2동,CS300014,신발,LL,다이나믹,4.41656511962042,52.81923223653176,48.89540221875077,644406960.1851505,79098166.16031548,3.9999987850613707,-23095587634.18444,55453463.53978476,116.72298717047481,113.34877860986649,0.14474926918773534,1339.9407343992793,2294.343897729815,72982475.85758466,461130310.1575326
20233,11260520,면목2동,CS300021,문구,LL,다이나믹,7.999994124144221,51.97776192433717,48.14824495733732,624035395.6221609,76303457.49749836,6.302401974970566e-18,-15327536625.008669,56638797.583630756,107.29418567691927,108.26291484121533,1.1947304687244147,1400.0157870458524,2356.4088336066643,68040304.2824597,568898639.6877807
20234,11260520,면목2동,CS300021,문구,LL,다이나믹,7.999994124144222,52.69131572027656,48.4829845620651,636048123.813556,76575212.93439816,6.302463314335402e-18,-17042559620.624876,48378009.510095954,109.6266244972278,109.70058160710084,0.0629031350932141,1399.4005948126085,2354.4095379021865,60456519.00758122,501854698.62484324
20241,11260520,면목2동,CS300021,문구,LL,다이나믹,7.999994124144221,52.76576021139123,48.477711107075876,669804707.7949146,85587127.66459565,6.302491043730834e-18,-18945715126.047077,64224615.07697877,112.22258744583144,110.6422458463722,0.06290438181850534,1397.9263493657531,2353.527214051812,76257673.69389552,508874823.7220952
20242,11260520,면목2동,CS300021,문구,LL,다이나믹,7.999994124144221,52.83624740966744,48.66268031119626,677477366.1067364,86210201.48357452,6.3024877736748224e-18,-20997417378.89988,59936702.33191078,114.50829223046213,111.52755116644822,0.06290437624006887,1397.926350881815,2351.2458746239404,80814746.87710832,520138951.6168651
20243,11260520,면목2동,CS300021,문구,LL,다이나믹,8.999988248287975,52.81923223653176,48.89540221875077,644406960.1851505,79098166.16031548,1.2604889808012185e-17,-23095587634.18444,55453463.53978476,116.72298717047481,113.34877860986649,1.2667697538749163,1339.9407343992793,2294.343897729815,72982475.85758466,461130310.1575326
20233,11260520,면목2동,CS300022,화장품,LL,다이나믹,13.107094863434247,51.97776192433717,48.14824495733732,624035395.6221609,76303457.49749836,0.39048752761677585,-15327536625.008669,56638797.583630756,107.29418567691927,108.26291484121533,-0.2313972512929413,1400.0157870458524,2356.4088336066643,68040304.2824597,568898639.6877807
20234,11260520,면목2동,CS300022,화장품,LL,다이나믹,13.406223296997153,52.69131572027656,48.4829845620651,636048123.813556,76575212.93439816,0.11928892328282792,-17042559620.624876,48378009.510095954,109.6266244972278,109.70058160710084,0.05268778266306334,1399.4005948126085,2354.4095379021865,60456519.00758122,501854698.62484324
20241,11260520,면목2동,CS300022,화장품,LL,다이나믹,13.529928777053183,52.76576021139123,48.477711107075876,669804707.7949146,85587127.66459565,0.1464816913915785,-18945715126.047077,64224615.07697877,112.22258744583144,110.6422458463722,-0.06333809720867528,1397.9263493657531,2353.527214051812,76257673.69389552,508874823.7220952
20242,11260520,면목2동,CS300022,화장품,LL,다이나믹,12.778216839909113,52.83624740966744,48.66268031119626,677477366.1067364,86210201.48357452,3.408470691910036,-20997417378.89988,59936702.33191078,114.50829223046213,111.52755116644822,0.05305883638891608,1397.926350881815,2351.2458746239404,80814746.87710832,520138951.6168651
20243,11260520,면목2동,CS300022,화장품,LL,다이나믹,12.869482637908229,52.81923223653176,48.89540221875077,644406960.1851505,79098166.16031548,0.535164481286893,-23095587634.18444,55453463.53978476,116.72298717047481,113.34877860986649,-0.29314245039345443,1339.9407343992793,2294.343897729815,72982475.85758466,461130310.1575326
20233,11260520,면목2동,CS300025,자전거 및 기타운송장비,LL,다이나믹,3.999999993723204,51.97776192433717,48.14824495733732,624035395.6221609,76303457.49749836,0.0,-15327536625.008669,56638797.583630756,107.29418567691927,108.26291484121533,0.10247369548926422,1400.0157870458524,2356.4088336066643,68040304.2824597,568898639.6877807
20234,11260520,면목2동,CS300025,자전거 및 기타운송장비,LL,다이나믹,4.00000003620819,52.69131572027656,48.4829845620651,636048123.813556,76575212.93439816,0.0,-17042559620.624876,48378009.510095954,109.6266244972278,109.70058160710084,0.11739201311028402,1399.4005948126085,2354.4095379021865,60456519.00758122,501854698.62484324
20241,11260520,면목2동,CS300025,자전거 및 기타운송장비,LL,다이나믹,4.000000036194648,52.76576021139123,48.477711107075876,669804707.7949146,85587127.66459565,0.0,-18945715126.047077,64224615.07697877,112.22258744583144,110.6422458463722,0.11758225999243821,1397.9263493657531,2353.527214051812,76257673.69389552,508874823.7220952
20242,11260520,면목2동,CS300025,자전거 및 기타운송장비,LL,다이나믹,4.2265062067538555,52.83624740966744,48.66268031119626,677477366.1067364,86210201.48357452,0.0,-20997417378.89988,59936702.33191078,114.50829223046213,111.52755116644822,0.3683188903383683,1397.926350881815,2351.2458746239404,80814746.87710832,520138951.6168651
20243,11260520,면목2동,CS300025,자전거 및 기타운송장비,LL,다이나믹,4.2265062059424645,52.81923223653176,48.89540221875077,644406960.1851505,79098166.16031548,0.0,-23095587634.18444,55453463.53978476,116.72298717047481,113.34877860986649,0.12098407404033262,1339.9407343992793,2294.343897729815,72982475.85758466,461130310.1575326
20233,11260520,면목2동,CS300029,애완동물,LL,다이나믹,7.483082228791443,51.97776192433717,48.14824495733732,624035395.6221609,76303457.49749836,-0.00011845194784179982,-15327536625.008669,56638797.583630756,107.29418567691927,108.26291484121533,0.0,1400.0157870458524,2356.4088336066643,68040304.2824597,568898639.6877807
20234,11260520,면목2동,CS300029,애완동물,LL,다이나믹,8.245718185230976,52.69131572027656,48.4829845620651,636048123.813556,76575212.93439816,-6.337197513991868e-05,-17042559620.624876,48378009.510095954,109.6266244972278,109.70058160710084,0.0,1399.4005948126085,2354.4095379021865,60456519.00758122,501854698.62484324
20241,11260520,면목2동,CS300029,애완동물,LL,다이나믹,8.816893049798605,52.76576021139123,48.477711107075876,669804707.7949146,85587127.66459565,-8.898407734710837e-05,-18945715126.047077,64224615.07697877,112.22258744583144,110.6422458463722,0.0,1397.9263493657531,2353.527214051812,76257673.69389552,508874823.7220952
20242,11260520,면목2동,CS300029,애완동물,LL,다이나믹,9.21747530278133,52.83624740966744,48.66268031119626,677477366.1067364,86210201.48357452,-7.707448938683974e-05,-20997417378.89988,59936702.33191078,114.50829223046213,111.52755116644822,0.0,1397.926350881815,2351.2458746239404,80814746.87710832,520138951.6168651
20243,11260520,면목2동,CS300029,애완동물,LL,다이나믹,9.977239629240332,52.81923223653176,48.89540221875077,644406960.1851505,79098166.16031548,-0.0002010678111129918,-23095587634.18444,55453463.53978476,116.72298717047481,113.34877860986649,0.0,1339.9407343992793,2294.343897729815,72982475.85758466,461130310.1575326
20233,11260520,면목2동,CS300032,가전제품,LL,다이나믹,14.00000000070177,51.97776192433717,48.14824495733732,624035395.6221609,76303457.49749836,-3.907787671777713e-21,-15327536625.008669,56638797.583630756,107.29418567691927,108.26291484121533,3.1512009998865655e-18,1400.0157870458524,2356.4088336066643,68040304.2824597,568898639.6877807
20234,11260520,면목2동,CS300032,가전제품,LL,다이나믹,14.00000000070177,52.69131572027656,48.4829845620651,636048123.813556,76575212.93439816,-1.718711524749248e-21,-17042559620.624876,48378009.510095954,109.6266244972278,109.70058160710084,3.151231669341905e-18,1399.4005948126085,2354.4095379021865,60456519.00758122,501854698.62484324
20241,11260520,면목2동,CS300032,가전제품,LL,다이나믹,14.000000000301263,52.76576021139123,48.477711107075876,669804707.7949146,85587127.66459565,-2.4682690359539847e-21,-18945715126.047077,64224615.07697877,112.22258744583144,110.6422458463722,3.1512455340396804e-18,1397.9263493657531,2353.527214051812,76257673.69389552,508874823.7220952
20242,11260520,면목2동,CS300032,가전제품,LL,다이나믹,14.999999545794557,52.83624740966744,48.66268031119626,677477366.1067364,86210201.48357452,-2.4683238302645563e-21,-20997417378.89988,59936702.33191078,114.50829223046213,111.52755116644822,3.151243899011635e-18,1397.926350881815,2351.2458746239404,80814746.87710832,520138951.6168651
20243,11260520,면목2동,CS300032,가전제품,LL,다이나믹,14.999999546496326,52.81923223653176,48.89540221875077,644406960.1851505,79098166.16031548,-6.37611220087036e-21,-23095587634.18444,55453463.53978476,116.72298717047481,113.34877860986649,6.302444928581608e-18,1339.9407343992793,2294.343897729815,72982475.85758466,461130310.1575326
