STDR_YYQU_CD,ADSTRD_CD,ADSTRD_CD_NM,SVC_INDUTY_CD,SVC_INDUTY_CD_NM,TRDAR_CHNGE_IX,TRDAR_CHNGE_IX_NM,SIMILR_INDUTY_STOR_CO,OPBIZ_STOR_CO,FDSTFFS_EXPNDTR_TOTAMT,CLSBIZ_STOR_CO,SU_CLS_SALE_MT_AVRG,MCP_EXPNDTR_TOTAMT,LVSPL_EXPNDTR_TOTAMT,PLESR_EXPNDTR_TOTAMT,EXPNDTR_TOTAMT,CLTHS_FTWR_EXPNDTR_TOTAMT,SU_OPR_SALE_MT_AVRG,LSR_CLTUR_EXPNDTR_TOTAMT,OPR_SALE_MT_AVRG,TRNSPORT_EXPNDTR_TOTAMT,FAG_10_REPOP_CO
20233,11380570,대조동,CS100001,한식음식점,LL,다이나믹,219.59767214672215,5.61219893137865,1721297223.8446872,12.041254938205212,51.97776192433717,2003273386.6177716,188939750.68505272,216176784.46332714,7757727446.661275,197869321.71602818,107.29418567691927,696113196.2902049,105.80066405278653,58586993.10743041,1517.8332055495437
20234,11380570,대조동,CS100001,한식음식점,LL,다이나믹,215.77331444985035,2.8704330523160397,1832151236.125115,9.294296751909432,52.69131572027656,2187101610.2884955,208367312.20642525,187449659.11750054,7856730546.435033,131045505.3324569,109.6266244972278,760256363.3991714,107.72094365259316,55806518.09238863,1519.3327354054052
20241,11380570,대조동,CS100001,한식음식점,LL,다이나믹,213.27605004402014,5.328055468512105,1850622940.7857056,8.512192471129449,52.76576021139123,2332404785.5228987,221325076.68103996,193560800.96818814,8250042836.61601,205380915.5086222,112.22258744583144,812087478.7126725,109.21453068837354,57829652.85977026,1515.4719483659471
20242,11380570,대조동,CS100001,한식음식점,LL,다이나믹,207.4810081638561,4.273228757566844,1929043693.1384258,9.94900263428476,52.83624740966744,2155439143.0483994,229360513.33129403,210141067.56850287,8110236643.369075,160254822.7414153,114.50829223046213,808710318.401747,111.16562764801357,64475897.14808131,1515.692569091245
20243,11380570,대조동,CS100001,한식음식점,LL,다이나믹,202.03859718128308,4.119751908284358,1870044980.5663505,11.579777324996433,52.81923223653176,2171609836.5782833,205534288.38111907,188015028.94310454,8069820740.652502,170578237.35424528,116.72298717047481,810745149.9067686,112.08996551684474,68047150.30186532,1512.000942175885
20233,11380570,대조동,CS100002,중식음식점,LL,다이나믹,13.388163857247417,-0.126634366595066,1721297223.8446872,0.42304831300916246,51.97776192433717,2003273386.6177716,188939750.68505272,216176784.46332714,7757727446.661275,197869321.71602818,107.29418567691927,696113196.2902049,105.80066405278653,58586993.10743041,1517.8332055495437
20234,11380570,대조동,CS100002,중식음식점,LL,다이나믹,12.746947932145467,0.05885909544231835,1832151236.125115,1.5422607100845638,52.69131572027656,2187101610.2884955,208367312.20642525,187449659.11750054,7856730546.435033,131045505.3324569,109.6266244972278,760256363.3991714,107.72094365259316,55806518.09238863,1519.3327354054052
20241,11380570,대조동,CS100002,중식음식점,LL,다이나믹,12.68438849492795,0.587003494396293,1850622940.7857056,0.7298050133609573,52.76576021139123,2332404785.5228987,221325076.68103996,193560800.96818814,8250042836.61601,205380915.5086222,112.22258744583144,812087478.7126725,109.21453068837354,57829652.85977026,1515.4719483659471
20242,11380570,대조동,CS100002,중식음식점,LL,다이나믹,12.83921275488859,0.600032869940402,1929043693.1384258,0.7342648805754008,52.83624740966744,2155439143.0483994,229360513.33129403,210141067.56850287,8110236643.369075,160254822.7414153,114.50829223046213,808710318.401747,111.16562764801357,64475897.14808131,1515.692569091245
20243,11380570,대조동,CS100002,중식음식점,LL,다이나믹,12.506233663515193,0.09252838253060824,1870044980.5663505,0.7071443573270821,52.81923223653176,2171609836.5782833,205534288.38111907,188015028.94310454,8069820740.652502,170578237.35424528,116.72298717047481,810745149.9067686,112.08996551684474,68047150.30186532,1512.000942175885
20233,11380570,대조동,CS100003,일식음식점,LL,다이나믹,25.585044573075315,1.512461018618246,1721297223.8446872,1.0863751285726757,51.97776192433717,2003273386.6177716,188939750.68505272,216176784.46332714,7757727446.661275,197869321.71602818,107.29418567691927,696113196.2902049,105.80066405278653,58586993.10743041,1517.8332055495437
20234,11380570,대조동,CS100003,일식음식점,LL,다이나믹,25.975109156762414,1.3846749999451815,1832151236.125115,1.3403034649245316,52.69131572027656,2187101610.2884955,208367312.20642525,187449659.11750054,7856730546.435033,131045505.3324569,109.6266244972278,760256363.3991714,107.72094365259316,55806518.09238863,1519.3327354054052
20241,11380570,대조동,CS100003,일식음식점,LL,다이나믹,25.340441666995197,0.09233910618855806,1850622940.7857056,1.1095068450670174,52.76576021139123,2332404785.5228987,221325076.68103996,193560800.96818814,8250042836.61601,205380915.5086222,112.22258744583144,812087478.7126725,109.21453068837354,57829652.85977026,1515.4719483659471
20242,11380570,대조동,CS100003,일식음식점,LL,다이나믹,25.92063851030256,1.1457278348328095,1929043693.1384258,1.6996386886859196,52.83624740966744,2155439143.0483994,229360513.33129403,210141067.56850287,8110236643.369075,160254822.7414153,114.50829223046213,808710318.401747,111.16562764801357,64475897.14808131,1515.692569091245
20243,11380570,대조동,CS100003,일식음식점,LL,다이나믹,27.064715591704314,1.6991179331927404,1870044980.5663505,0.9068615099652193,52.81923223653176,2171609836.5782833,205534288.38111907,188015028.94310454,8069820740.652502,170578237.35424528,116.72298717047481,810745149.9067686,112.08996551684474,68047150.30186532,1512.000942175885
20233,11380570,대조동,CS100004,양식음식점,LL,다이나믹,17.770654512299917,-0.028580575510671495,1721297223.8446872,-0.18276487199757366,51.97776192433717,2003273386.6177716,188939750.68505272,216176784.46332714,7757727446.661275,197869321.71602818,107.29418567691927,696113196.2902049,105.80066405278653,58586993.10743041,1517.8332055495437
20234,11380570,대조동,CS100004,양식음식점,LL,다이나믹,16.916954115022072,-0.14100084478128172,1832151236.125115,0.23919532043119085,52.69131572027656,2187101610.2884955,208367312.20642525,187449659.11750054,7856730546.435033,131045505.3324569,109.6266244972278,760256363.3991714,107.72094365259316,55806518.09238863,1519.3327354054052
20241,11380570,대조동,CS100004,양식음식점,LL,다이나믹,17.24039564430841,0.7952935598139333,1850622940.7857056,0.03428105100993031,52.76576021139123,2332404785.5228987,221325076.68103996,193560800.96818814,8250042836.61601,205380915.5086222,112.22258744583144,812087478.7126725,109.21453068837354,57829652.85977026,1515.4719483659471
20242,11380570,대조동,CS100004,양식음식점,LL,다이나믹,17.072438913793146,-0.2784333948338011,1929043693.1384258,0.2618090101259518,52.83624740966744,2155439143.0483994,229360513.33129403,210141067.56850287,8110236643.369075,160254822.7414153,114.50829223046213,808710318.401747,111.16562764801357,64475897.14808131,1515.692569091245
20243,11380570,대조동,CS100004,양식음식점,LL,다이나믹,17.148740951848005,-0.22685382352885564,1870044980.5663505,-0.20598435722897182,52.81923223653176,2171609836.5782833,205534288.38111907,188015028.94310454,8069820740.652502,170578237.35424528,116.72298717047481,810745149.9067686,112.08996551684474,68047150.30186532,1512.000942175885
20233,11380570,대조동,CS100005,제과점,LL,다이나믹,20.03713866152082,0.7447572180168475,1721297223.8446872,1.329945673895023,51.97776192433717,2003273386.6177716,188939750.68505272,216176784.46332714,7757727446.661275,197869321.71602818,107.29418567691927,696113196.2902049,105.80066405278653,58586993.10743041,1517.8332055495437
20234,11380570,대조동,CS100005,제과점,LL,다이나믹,20.2870312145905,1.2260166331060978,1832151236.125115,0.8100747984274441,52.69131572027656,2187101610.2884955,208367312.20642525,187449659.11750054,7856730546.435033,131045505.3324569,109.6266244972278,760256363.3991714,107.72094365259316,55806518.09238863,1519.3327354054052
20241,11380570,대조동,CS100005,제과점,LL,다이나믹,21.549914917406177,1.47550150374232,1850622940.7857056,0.08553039352270675,52.76576021139123,2332404785.5228987,221325076.68103996,193560800.96818814,8250042836.61601,205380915.5086222,112.22258744583144,812087478.7126725,109.21453068837354,57829652.85977026,1515.4719483659471
20242,11380570,대조동,CS100005,제과점,LL,다이나믹,21.112587668741483,0.15193492772146477,1929043693.1384258,0.8102726935330241,52.83624740966744,2155439143.0483994,229360513.33129403,210141067.56850287,8110236643.369075,160254822.7414153,114.50829223046213,808710318.401747,111.16562764801357,64475897.14808131,1515.692569091245
20243,11380570,대조동,CS100005,제과점,LL,다이나믹,20.115427767817074,0.6815134916559076,1870044980.5663505,1.7450315309427662,52.81923223653176,2171609836.5782833,205534288.38111907,188015028.94310454,8069820740.652502,170578237.35424528,116.72298717047481,810745149.9067686,112.08996551684474,68047150.30186532,1512.000942175885
20233,11380570,대조동,CS100006,패스트푸드점,LL,다이나믹,35.495094074803404,1.433519475430438,1721297223.8446872,0.8069766956476396,51.97776192433717,2003273386.6177716,188939750.68505272,216176784.46332714,7757727446.661275,197869321.71602818,107.29418567691927,696113196.2902049,105.80066405278653,58586993.10743041,1517.8332055495437
20234,11380570,대조동,CS100006,패스트푸드점,LL,다이나믹,35.70911725809857,1.3610007673683044,1832151236.125115,1.2321211317787668,52.69131572027656,2187101610.2884955,208367312.20642525,187449659.11750054,7856730546.435033,131045505.3324569,109.6266244972278,760256363.3991714,107.72094365259316,55806518.09238863,1519.3327354054052
20241,11380570,대조동,CS100006,패스트푸드점,LL,다이나믹,36.573706826131094,1.0667397419955809,1850622940.7857056,0.6938217894559191,52.76576021139123,2332404785.5228987,221325076.68103996,193560800.96818814,8250042836.61601,205380915.5086222,112.22258744583144,812087478.7126725,109.21453068837354,57829652.85977026,1515.4719483659471
20242,11380570,대조동,CS100006,패스트푸드점,LL,다이나믹,36.55282134471156,0.37823578012539527,1929043693.1384258,0.693100453266499,52.83624740966744,2155439143.0483994,229360513.33129403,210141067.56850287,8110236643.369075,160254822.7414153,114.50829223046213,808710318.401747,111.16562764801357,64475897.14808131,1515.692569091245
20243,11380570,대조동,CS100006,패스트푸드점,LL,다이나믹,37.83611572644465,1.8249902122592694,1870044980.5663505,0.6871755700207769,52.81923223653176,2171609836.5782833,205534288.38111907,188015028.94310454,8069820740.652502,170578237.35424528,116.72298717047481,810745149.9067686,112.08996551684474,68047150.30186532,1512.000942175885
20233,11380570,대조동,CS100007,치킨전문점,LL,다이나믹,22.06763808976593,1.212242003807574,1721297223.8446872,0.7343669364905625,51.97776192433717,2003273386.6177716,188939750.68505272,216176784.46332714,7757727446.661275,197869321.71602818,107.29418567691927,696113196.2902049,105.80066405278653,58586993.10743041,1517.8332055495437
20234,11380570,대조동,CS100007,치킨전문점,LL,다이나믹,22.442339009695672,1.7469652734636154,1832151236.125115,0.5492835459747187,52.69131572027656,2187101610.2884955,208367312.20642525,187449659.11750054,7856730546.435033,131045505.3324569,109.6266244972278,760256363.3991714,107.72094365259316,55806518.09238863,1519.3327354054052
20241,11380570,대조동,CS100007,치킨전문점,LL,다이나믹,22.363467221217487,1.3454440295523957,1850622940.7857056,1.5521550881523773,52.76576021139123,2332404785.5228987,221325076.68103996,193560800.96818814,8250042836.61601,205380915.5086222,112.22258744583144,812087478.7126725,109.21453068837354,57829652.85977026,1515.4719483659471
20242,11380570,대조동,CS100007,치킨전문점,LL,다이나믹,22.683297244498384,1.7465066757423469,1929043693.1384258,1.4220061686140455,52.83624740966744,2155439143.0483994,229360513.33129403,210141067.56850287,8110236643.369075,160254822.7414153,114.50829223046213,808710318.401747,111.16562764801357,64475897.14808131,1515.692569091245
20243,11380570,대조동,CS100007,치킨전문점,LL,다이나믹,21.788740827510313,1.1921387237801921,1870044980.5663505,0.5775753425923822,52.81923223653176,2171609836.5782833,205534288.38111907,188015028.94310454,8069820740.652502,170578237.35424528,116.72298717047481,810745149.9067686,112.08996551684474,68047150.30186532,1512.000942175885
20233,11380570,대조동,CS100008,분식전문점,LL,다이나믹,59.580059850774184,2.39801296840036,1721297223.8446872,9.952645559297265,51.97776192433717,2003273386.6177716,188939750.68505272,216176784.46332714,7757727446.661275,197869321.71602818,107.29418567691927,696113196.2902049,105.80066405278653,58586993.10743041,1517.8332055495437
20234,11380570,대조동,CS100008,분식전문점,LL,다이나믹,58.942221142547076,1.4006993473471259,1832151236.125115,3.603419626946714,52.69131572027656,2187101610.2884955,208367312.20642525,187449659.11750054,7856730546.435033,131045505.3324569,109.6266244972278,760256363.3991714,107.72094365259316,55806518.09238863,1519.3327354054052
20241,11380570,대조동,CS100008,분식전문점,LL,다이나믹,57.74178671785027,0.38400096599192307,1850622940.7857056,2.6138924905792384,52.76576021139123,2332404785.5228987,221325076.68103996,193560800.96818814,8250042836.61601,205380915.5086222,112.22258744583144,812087478.7126725,109.21453068837354,57829652.85977026,1515.4719483659471
20242,11380570,대조동,CS100008,분식전문점,LL,다이나믹,56.94169771105492,0.8217155461849003,1929043693.1384258,3.3490107676580814,52.83624740966744,2155439143.0483994,229360513.33129403,210141067.56850287,8110236643.369075,160254822.7414153,114.50829223046213,808710318.401747,111.16562764801357,64475897.14808131,1515.692569091245
20243,11380570,대조동,CS100008,분식전문점,LL,다이나믹,54.86140924087574,1.5656801393062585,1870044980.5663505,6.343653883712067,52.81923223653176,2171609836.5782833,205534288.38111907,188015028.94310454,8069820740.652502,170578237.35424528,116.72298717047481,810745149.9067686,112.08996551684474,68047150.30186532,1512.000942175885
20233,11380570,대조동,CS100009,호프-간이주점,LL,다이나믹,38.141484257289925,1.8790776893168144,1721297223.8446872,0.8010366601962091,51.97776192433717,2003273386.6177716,188939750.68505272,216176784.46332714,7757727446.661275,197869321.71602818,107.29418567691927,696113196.2902049,105.80066405278653,58586993.10743041,1517.8332055495437
20234,11380570,대조동,CS100009,호프-간이주점,LL,다이나믹,38.34141169361204,-0.06078026331727171,1832151236.125115,2.2964224173539227,52.69131572027656,2187101610.2884955,208367312.20642525,187449659.11750054,7856730546.435033,131045505.3324569,109.6266244972278,760256363.3991714,107.72094365259316,55806518.09238863,1519.3327354054052
20241,11380570,대조동,CS100009,호프-간이주점,LL,다이나믹,37.49825699340412,0.7367626144618424,1850622940.7857056,2.0937709845581534,52.76576021139123,2332404785.5228987,221325076.68103996,193560800.96818814,8250042836.61601,205380915.5086222,112.22258744583144,812087478.7126725,109.21453068837354,57829652.85977026,1515.4719483659471
20242,11380570,대조동,CS100009,호프-간이주점,LL,다이나믹,38.78309536967982,3.1513358194658543,1929043693.1384258,3.882557511608522,52.83624740966744,2155439143.0483994,229360513.33129403,210141067.56850287,8110236643.369075,160254822.7414153,114.50829223046213,808710318.401747,111.16562764801357,64475897.14808131,1515.692569091245
20243,11380570,대조동,CS100009,호프-간이주점,LL,다이나믹,39.760315295757,1.7921623714092985,1870044980.5663505,1.206608711232756,52.81923223653176,2171609836.5782833,205534288.38111907,188015028.94310454,8069820740.652502,170578237.35424528,116.72298717047481,810745149.9067686,112.08996551684474,68047150.30186532,1512.000942175885
20233,11380570,대조동,CS100010,커피-음료,LL,다이나믹,71.67291545158777,7.162466938896834,1721297223.8446872,2.3575727540528537,51.97776192433717,2003273386.6177716,188939750.68505272,216176784.46332714,7757727446.661275,197869321.71602818,107.29418567691927,696113196.2902049,105.80066405278653,58586993.10743041,1517.8332055495437
20234,11380570,대조동,CS100010,커피-음료,LL,다이나믹,72.98093475861371,4.534254903039656,1832151236.125115,2.620164627977595,52.69131572027656,2187101610.2884955,208367312.20642525,187449659.11750054,7856730546.435033,131045505.3324569,109.6266244972278,760256363.3991714,107.72094365259316,55806518.09238863,1519.3327354054052
20241,11380570,대조동,CS100010,커피-음료,LL,다이나믹,75.60325161085254,5.713095257852905,1850622940.7857056,-0.5111588297225336,52.76576021139123,2332404785.5228987,221325076.68103996,193560800.96818814,8250042836.61601,205380915.5086222,112.22258744583144,812087478.7126725,109.21453068837354,57829652.85977026,1515.4719483659471
20242,11380570,대조동,CS100010,커피-음료,LL,다이나믹,74.9561284425472,5.2965041300186275,1929043693.1384258,3.3106157845844217,52.83624740966744,2155439143.0483994,229360513.33129403,210141067.56850287,8110236643.369075,160254822.7414153,114.50829223046213,808710318.401747,111.16562764801357,64475897.14808131,1515.692569091245
20243,11380570,대조동,CS100010,커피-음료,LL,다이나믹,75.31253527861021,6.1300124891167425,1870044980.5663505,1.9125054051596624,52.81923223653176,2171609836.5782833,205534288.38111907,188015028.94310454,8069820740.652502,170578237.35424528,116.72298717047481,810745149.9067686,112.08996551684474,68047150.30186532,1512.000942175885
20233,11380570,대조동,CS200001,일반교습학원,LL,다이나믹,28.571243240871542,0.1657778901650817,1721297223.8446872,0.47228925927446963,51.97776192433717,2003273386.6177716,188939750.68505272,216176784.46332714,7757727446.661275,197869321.71602818,107.29418567691927,696113196.2902049,105.80066405278653,58586993.10743041,1517.8332055495437
20234,11380570,대조동,CS200001,일반교습학원,LL,다이나믹,27.75425836188459,-0.879023459994481,1832151236.125115,0.2539548677704613,52.69131572027656,2187101610.2884955,208367312.20642525,187449659.11750054,7856730546.435033,131045505.3324569,109.6266244972278,760256363.3991714,107.72094365259316,55806518.09238863,1519.3327354054052
20241,11380570,대조동,CS200001,일반교습학원,LL,다이나믹,27.788258774700854,-0.5377052990309654,1850622940.7857056,-0.6501548282595404,52.76576021139123,2332404785.5228987,221325076.68103996,193560800.96818814,8250042836.61601,205380915.5086222,112.22258744583144,812087478.7126725,109.21453068837354,57829652.85977026,1515.4719483659471
20242,11380570,대조동,CS200001,일반교습학원,LL,다이나믹,27.04014704201067,-0.05135296202285983,1929043693.1384258,0.009097559507704633,52.83624740966744,2155439143.0483994,229360513.33129403,210141067.56850287,8110236643.369075,160254822.7414153,114.50829223046213,808710318.401747,111.16562764801357,64475897.14808131,1515.692569091245
20243,11380570,대조동,CS200001,일반교습학원,LL,다이나믹,27.440933612007477,0.16205090058788524,1870044980.5663505,0.38449673323387823,52.81923223653176,2171609836.5782833,205534288.38111907,188015028.94310454,8069820740.652502,170578237.35424528,116.72298717047481,810745149.9067686,112.08996551684474,68047150.30186532,1512.000942175885
20233,11380570,대조동,CS200003,예술학원,LL,다이나믹,21.457648787881165,-0.3147120961789073,1721297223.8446872,0.4376564633759131,51.97776192433717,2003273386.6177716,188939750.68505272,216176784.46332714,7757727446.661275,197869321.71602818,107.29418567691927,696113196.2902049,105.80066405278653,58586993.10743041,1517.8332055495437
20234,11380570,대조동,CS200003,예술학원,LL,다이나믹,21.017333469765514,0.3425333470087459,1832151236.125115,0.19038171636794865,52.69131572027656,2187101610.2884955,208367312.20642525,187449659.11750054,7856730546.435033,131045505.3324569,109.6266244972278,760256363.3991714,107.72094365259316,55806518.09238863,1519.3327354054052
20241,11380570,대조동,CS200003,예술학원,LL,다이나믹,20.66618252458469,0.840826430618449,1850622940.7857056,0.610032285151097,52.76576021139123,2332404785.5228987,221325076.68103996,193560800.96818814,8250042836.61601,205380915.5086222,112.22258744583144,812087478.7126725,109.21453068837354,57829652.85977026,1515.4719483659471
20242,11380570,대조동,CS200003,예술학원,LL,다이나믹,20.628127105885397,0.47999860078657847,1929043693.1384258,0.22263673540950857,52.83624740966744,2155439143.0483994,229360513.33129403,210141067.56850287,8110236643.369075,160254822.7414153,114.50829223046213,808710318.401747,111.16562764801357,64475897.14808131,1515.692569091245
20243,11380570,대조동,CS200003,예술학원,LL,다이나믹,20.069364480866383,-0.18043602975561612,1870044980.5663505,0.31776443827865486,52.81923223653176,2171609836.5782833,205534288.38111907,188015028.94310454,8069820740.652502,170578237.35424528,116.72298717047481,810745149.9067686,112.08996551684474,68047150.30186532,1512.000942175885
20233,11380570,대조동,CS200016,당구장,LL,다이나믹,16.22713177744692,0.44210066461342123,1721297223.8446872,-0.22666334184451387,51.97776192433717,2003273386.6177716,188939750.68505272,216176784.46332714,7757727446.661275,197869321.71602818,107.29418567691927,696113196.2902049,105.80066405278653,58586993.10743041,1517.8332055495437
20234,11380570,대조동,CS200016,당구장,LL,다이나믹,15.56913325343471,-0.4061612688167154,1832151236.125115,1.0775929889639844,52.69131572027656,2187101610.2884955,208367312.20642525,187449659.11750054,7856730546.435033,131045505.3324569,109.6266244972278,760256363.3991714,107.72094365259316,55806518.09238863,1519.3327354054052
20241,11380570,대조동,CS200016,당구장,LL,다이나믹,15.74799229478164,-0.023524118046754694,1850622940.7857056,-0.031728385838117046,52.76576021139123,2332404785.5228987,221325076.68103996,193560800.96818814,8250042836.61601,205380915.5086222,112.22258744583144,812087478.7126725,109.21453068837354,57829652.85977026,1515.4719483659471
20242,11380570,대조동,CS200016,당구장,LL,다이나믹,16.271461011966025,0.2659001205358984,1929043693.1384258,0.5795314537156058,52.83624740966744,2155439143.0483994,229360513.33129403,210141067.56850287,8110236643.369075,160254822.7414153,114.50829223046213,808710318.401747,111.16562764801357,64475897.14808131,1515.692569091245
20243,11380570,대조동,CS200016,당구장,LL,다이나믹,16.74830813410113,0.02404779655022571,1870044980.5663505,-0.16624890877929138,52.81923223653176,2171609836.5782833,205534288.38111907,188015028.94310454,8069820740.652502,170578237.35424528,116.72298717047481,810745149.9067686,112.08996551684474,68047150.30186532,1512.000942175885
20233,11380570,대조동,CS200031,세탁소,LL,다이나믹,20.666522180675134,1.138376535815888,1721297223.8446872,0.36584295194446526,51.97776192433717,2003273386.6177716,188939750.68505272,216176784.46332714,7757727446.661275,197869321.71602818,107.29418567691927,696113196.2902049,105.80066405278653,58586993.10743041,1517.8332055495437
20234,11380570,대조동,CS200031,세탁소,LL,다이나믹,20.886336613326648,1.115525592485861,1832151236.125115,0.8761612721450593,52.69131572027656,2187101610.2884955,208367312.20642525,187449659.11750054,7856730546.435033,131045505.3324569,109.6266244972278,760256363.3991714,107.72094365259316,55806518.09238863,1519.3327354054052
20241,11380570,대조동,CS200031,세탁소,LL,다이나믹,23.4157630779376,2.278241011552887,1850622940.7857056,0.9768355351281927,52.76576021139123,2332404785.5228987,221325076.68103996,193560800.96818814,8250042836.61601,205380915.5086222,112.22258744583144,812087478.7126725,109.21453068837354,57829652.85977026,1515.4719483659471
20242,11380570,대조동,CS200031,세탁소,LL,다이나믹,24.206511616630344,1.201611165517293,1929043693.1384258,0.24039328713909947,52.83624740966744,2155439143.0483994,229360513.33129403,210141067.56850287,8110236643.369075,160254822.7414153,114.50829223046213,808710318.401747,111.16562764801357,64475897.14808131,1515.692569091245
20243,11380570,대조동,CS200031,세탁소,LL,다이나믹,25.308670686736612,1.1867540248948867,1870044980.5663505,0.38827657883896194,52.81923223653176,2171609836.5782833,205534288.38111907,188015028.94310454,8069820740.652502,170578237.35424528,116.72298717047481,810745149.9067686,112.08996551684474,68047150.30186532,1512.000942175885
20233,11380570,대조동,CS200037,노래방,LL,다이나믹,18.517068648149177,1.5871186148119822,1721297223.8446872,1.1833167113381635,51.97776192433717,2003273386.6177716,188939750.68505272,216176784.46332714,7757727446.661275,197869321.71602818,107.29418567691927,696113196.2902049,105.80066405278653,58586993.10743041,1517.8332055495437
20234,11380570,대조동,CS200037,노래방,LL,다이나믹,18.820426871432932,1.5595562675719115,1832151236.125115,0.1868609032470745,52.69131572027656,2187101610.2884955,208367312.20642525,187449659.11750054,7856730546.435033,131045505.3324569,109.6266244972278,760256363.3991714,107.72094365259316,55806518.09238863,1519.3327354054052
20241,11380570,대조동,CS200037,노래방,LL,다이나믹,18.026693130234477,1.4221705414905739,1850622940.7857056,0.37850757361920395,52.76576021139123,2332404785.5228987,221325076.68103996,193560800.96818814,8250042836.61601,205380915.5086222,112.22258744583144,812087478.7126725,109.21453068837354,57829652.85977026,1515.4719483659471
20242,11380570,대조동,CS200037,노래방,LL,다이나믹,18.395078366848004,1.558236171729925,1929043693.1384258,-0.03788850059443272,52.83624740966744,2155439143.0483994,229360513.33129403,210141067.56850287,8110236643.369075,160254822.7414153,114.50829223046213,808710318.401747,111.16562764801357,64475897.14808131,1515.692569091245
20243,11380570,대조동,CS200037,노래방,LL,다이나믹,17.1625387342829,1.578725335616401,1870044980.5663505,0.3633033789105178,52.81923223653176,2171609836.5782833,205534288.38111907,188015028.94310454,8069820740.652502,170578237.35424528,116.72298717047481,810745149.9067686,112.08996551684474,68047150.30186532,1512.000942175885
20233,11380570,대조동,CS300001,슈퍼마켓,LL,다이나믹,51.02589004695377,1.217285048495178,1721297223.8446872,-0.05614651597705711,51.97776192433717,2003273386.6177716,188939750.68505272,216176784.46332714,7757727446.661275,197869321.71602818,107.29418567691927,696113196.2902049,105.80066405278653,58586993.10743041,1517.8332055495437
20234,11380570,대조동,CS300001,슈퍼마켓,LL,다이나믹,48.41870148369313,0.30913300437148994,1832151236.125115,3.396617430331284,52.69131572027656,2187101610.2884955,208367312.20642525,187449659.11750054,7856730546.435033,131045505.3324569,109.6266244972278,760256363.3991714,107.72094365259316,55806518.09238863,1519.3327354054052
20241,11380570,대조동,CS300001,슈퍼마켓,LL,다이나믹,51.03814155724321,1.578875115664104,1850622940.7857056,-0.6719397878769233,52.76576021139123,2332404785.5228987,221325076.68103996,193560800.96818814,8250042836.61601,205380915.5086222,112.22258744583144,812087478.7126725,109.21453068837354,57829652.85977026,1515.4719483659471
20242,11380570,대조동,CS300001,슈퍼마켓,LL,다이나믹,52.19136068708044,1.234666015734047,1929043693.1384258,-0.31823033651924293,52.83624740966744,2155439143.0483994,229360513.33129403,210141067.56850287,8110236643.369075,160254822.7414153,114.50829223046213,808710318.401747,111.16562764801357,64475897.14808131,1515.692569091245
20243,11380570,대조동,CS300001,슈퍼마켓,LL,다이나믹,57.30568688932228,2.994568009662192,1870044980.5663505,0.5972228235863568,52.81923223653176,2171609836.5782833,205534288.38111907,188015028.94310454,8069820740.652502,170578237.35424528,116.72298717047481,810745149.9067686,112.08996551684474,68047150.30186532,1512.000942175885
20233,11380570,대조동,CS300002,편의점,LL,다이나믹,36.031748602803304,0.30919763245466614,1721297223.8446872,1.0234370388483205,51.97776192433717,2003273386.6177716,188939750.68505272,216176784.46332714,7757727446.661275,197869321.71602818,107.29418567691927,696113196.2902049,105.80066405278653,58586993.10743041,1517.8332055495437
20234,11380570,대조동,CS300002,편의점,LL,다이나믹,35.897693681878195,2.260816589638578,1832151236.125115,2.646780352997062,52.69131572027656,2187101610.2884955,208367312.20642525,187449659.11750054,7856730546.435033,131045505.3324569,109.6266244972278,760256363.3991714,107.72094365259316,55806518.09238863,1519.3327354054052
20241,11380570,대조동,CS300002,편의점,LL,다이나믹,35.56520558140583,1.9474178464010534,1850622940.7857056,2.1417157282085535,52.76576021139123,2332404785.5228987,221325076.68103996,193560800.96818814,8250042836.61601,205380915.5086222,112.22258744583144,812087478.7126725,109.21453068837354,57829652.85977026,1515.4719483659471
20242,11380570,대조동,CS300002,편의점,LL,다이나믹,36.193728065509845,1.0690880899197668,1929043693.1384258,0.6933122424647147,52.83624740966744,2155439143.0483994,229360513.33129403,210141067.56850287,8110236643.369075,160254822.7414153,114.50829223046213,808710318.401747,111.16562764801357,64475897.14808131,1515.692569091245
20243,11380570,대조동,CS300002,편의점,LL,다이나믹,35.73040117314022,0.1672852754992189,1870044980.5663505,0.8694963242287849,52.81923223653176,2171609836.5782833,205534288.38111907,188015028.94310454,8069820740.652502,170578237.35424528,116.72298717047481,810745149.9067686,112.08996551684474,68047150.30186532,1512.000942175885
20233,11380570,대조동,CS300006,미곡판매,LL,다이나믹,10.267005044571695,0.5323684469833802,1721297223.8446872,0.12033350398122455,51.97776192433717,2003273386.6177716,188939750.68505272,216176784.46332714,7757727446.661275,197869321.71602818,107.29418567691927,696113196.2902049,105.80066405278653,58586993.10743041,1517.8332055495437
20234,11380570,대조동,CS300006,미곡판매,LL,다이나믹,10.326053643303501,0.10826960748639325,1832151236.125115,0.05113109287557098,52.69131572027656,2187101610.2884955,208367312.20642525,187449659.11750054,7856730546.435033,131045505.3324569,109.6266244972278,760256363.3991714,107.72094365259316,55806518.09238863,1519.3327354054052
20241,11380570,대조동,CS300006,미곡판매,LL,다이나믹,10.24152485952483,-0.013626185844521133,1850622940.7857056,0.023025449274150112,52.76576021139123,2332404785.5228987,221325076.68103996,193560800.96818814,8250042836.61601,205380915.5086222,112.22258744583144,812087478.7126725,109.21453068837354,57829652.85977026,1515.4719483659471
20242,11380570,대조동,CS300006,미곡판매,LL,다이나믹,9.766160894080905,0.04970666282390453,1929043693.1384258,0.3046606891264534,52.83624740966744,2155439143.0483994,229360513.33129403,210141067.56850287,8110236643.369075,160254822.7414153,114.50829223046213,808710318.401747,111.16562764801357,64475897.14808131,1515.692569091245
20243,11380570,대조동,CS300006,미곡판매,LL,다이나믹,10.278118456211157,0.47574456085467554,1870044980.5663505,0.0445444675537674,52.81923223653176,2171609836.5782833,205534288.38111907,188015028.94310454,8069820740.652502,170578237.35424528,116.72298717047481,810745149.9067686,112.08996551684474,68047150.30186532,1512.000942175885
20233,11380570,대조동,CS300007,육류판매,LL,다이나믹,21.387035738011264,-0.4911897238739298,1721297223.8446872,0.6712256637047789,51.97776192433717,2003273386.6177716,188939750.68505272,216176784.46332714,7757727446.661275,197869321.71602818,107.29418567691927,696113196.2902049,105.80066405278653,58586993.10743041,1517.8332055495437
20234,11380570,대조동,CS300007,육류판매,LL,다이나믹,21.328011273816887,0.2514633859381209,1832151236.125115,0.40510248197882026,52.69131572027656,2187101610.2884955,208367312.20642525,187449659.11750054,7856730546.435033,131045505.3324569,109.6266244972278,760256363.3991714,107.72094365259316,55806518.09238863,1519.3327354054052
20241,11380570,대조동,CS300007,육류판매,LL,다이나믹,21.331313991545695,-0.24619712069735156,1850622940.7857056,-0.0570427739537005,52.76576021139123,2332404785.5228987,221325076.68103996,193560800.96818814,8250042836.61601,205380915.5086222,112.22258744583144,812087478.7126725,109.21453068837354,57829652.85977026,1515.4719483659471
20242,11380570,대조동,CS300007,육류판매,LL,다이나믹,21.56211426024241,0.2705548630042557,1929043693.1384258,0.15697858029739098,52.83624740966744,2155439143.0483994,229360513.33129403,210141067.56850287,8110236643.369075,160254822.7414153,114.50829223046213,808710318.401747,111.16562764801357,64475897.14808131,1515.692569091245
20243,11380570,대조동,CS300007,육류판매,LL,다이나믹,21.07863786873831,-0.24544173593319019,1870044980.5663505,0.4157521399031028,52.81923223653176,2171609836.5782833,205534288.38111907,188015028.94310454,8069820740.652502,170578237.35424528,116.72298717047481,810745149.9067686,112.08996551684474,68047150.30186532,1512.000942175885
20233,11380570,대조동,CS300008,수산물판매,LL,다이나믹,12.376171644057235,-0.147284749724292,1721297223.8446872,0.754176297714213,51.97776192433717,2003273386.6177716,188939750.68505272,216176784.46332714,7757727446.661275,197869321.71602818,107.29418567691927,696113196.2902049,105.80066405278653,58586993.10743041,1517.8332055495437
20234,11380570,대조동,CS300008,수산물판매,LL,다이나믹,12.076199152874093,-0.10600449998198003,1832151236.125115,0.7028181613786403,52.69131572027656,2187101610.2884955,208367312.20642525,187449659.11750054,7856730546.435033,131045505.3324569,109.6266244972278,760256363.3991714,107.72094365259316,55806518.09238863,1519.3327354054052
20241,11380570,대조동,CS300008,수산물판매,LL,다이나믹,12.097444509556691,0.28456709064269353,1850622940.7857056,0.4149745519465001,52.76576021139123,2332404785.5228987,221325076.68103996,193560800.96818814,8250042836.61601,205380915.5086222,112.22258744583144,812087478.7126725,109.21453068837354,57829652.85977026,1515.4719483659471
20242,11380570,대조동,CS300008,수산물판매,LL,다이나믹,12.082693972294596,-0.10696842488216712,1929043693.1384258,-0.03927553780960735,52.83624740966744,2155439143.0483994,229360513.33129403,210141067.56850287,8110236643.369075,160254822.7414153,114.50829223046213,808710318.401747,111.16562764801357,64475897.14808131,1515.692569091245
20243,11380570,대조동,CS300008,수산물판매,LL,다이나믹,10.52523482187495,-0.17282596799212407,1870044980.5663505,2.1697645575164084,52.81923223653176,2171609836.5782833,205534288.38111907,188015028.94310454,8069820740.652502,170578237.35424528,116.72298717047481,810745149.9067686,112.08996551684474,68047150.30186532,1512.000942175885
20233,11380570,대조동,CS300009,청과상,LL,다이나믹,27.216278850510804,-0.010677638648357959,1721297223.8446872,0.4345653670913676,51.97776192433717,2003273386.6177716,188939750.68505272,216176784.46332714,7757727446.661275,197869321.71602818,107.29418567691927,696113196.2902049,105.80066405278653,58586993.10743041,1517.8332055495437
20234,11380570,대조동,CS300009,청과상,LL,다이나믹,27.444494112241703,0.45378342273500905,1832151236.125115,0.07059339473182757,52.69131572027656,2187101610.2884955,208367312.20642525,187449659.11750054,7856730546.435033,131045505.3324569,109.6266244972278,760256363.3991714,107.72094365259316,55806518.09238863,1519.3327354054052
20241,11380570,대조동,CS300009,청과상,LL,다이나믹,27.88777485980149,0.6936609325714146,1850622940.7857056,0.2613230329672485,52.76576021139123,2332404785.5228987,221325076.68103996,193560800.96818814,8250042836.61601,205380915.5086222,112.22258744583144,812087478.7126725,109.21453068837354,57829652.85977026,1515.4719483659471
20242,11380570,대조동,CS300009,청과상,LL,다이나믹,28.458679342424112,1.0055775250154078,1929043693.1384258,0.05555769895241691,52.83624740966744,2155439143.0483994,229360513.33129403,210141067.56850287,8110236643.369075,160254822.7414153,114.50829223046213,808710318.401747,111.16562764801357,64475897.14808131,1515.692569091245
20243,11380570,대조동,CS300009,청과상,LL,다이나믹,27.871391430991768,0.11477561605945885,1870044980.5663505,0.47522700577515015,52.81923223653176,2171609836.5782833,205534288.38111907,188015028.94310454,8069820740.652502,170578237.35424528,116.72298717047481,810745149.9067686,112.08996551684474,68047150.30186532,1512.000942175885
20233,11380570,대조동,CS300010,반찬가게,LL,다이나믹,34.72013410395285,4.192626585488609,1721297223.8446872,0.5305365311280159,51.97776192433717,2003273386.6177716,188939750.68505272,216176784.46332714,7757727446.661275,197869321.71602818,107.29418567691927,696113196.2902049,105.80066405278653,58586993.10743041,1517.8332055495437
20234,11380570,대조동,CS300010,반찬가게,LL,다이나믹,33.89721534082886,1.2607861598524877,1832151236.125115,1.07122328559959,52.69131572027656,2187101610.2884955,208367312.20642525,187449659.11750054,7856730546.435033,131045505.3324569,109.6266244972278,760256363.3991714,107.72094365259316,55806518.09238863,1519.3327354054052
20241,11380570,대조동,CS300010,반찬가게,LL,다이나믹,35.341327736953694,2.434216832032106,1850622940.7857056,0.43106982983498965,52.76576021139123,2332404785.5228987,221325076.68103996,193560800.96818814,8250042836.61601,205380915.5086222,112.22258744583144,812087478.7126725,109.21453068837354,57829652.85977026,1515.4719483659471
20242,11380570,대조동,CS300010,반찬가게,LL,다이나믹,34.206613496265774,1.1329254347352653,1929043693.1384258,0.6541839556190236,52.83624740966744,2155439143.0483994,229360513.33129403,210141067.56850287,8110236643.369075,160254822.7414153,114.50829223046213,808710318.401747,111.16562764801357,64475897.14808131,1515.692569091245
20243,11380570,대조동,CS300010,반찬가게,LL,다이나믹,37.354752390782764,3.895674917942904,1870044980.5663505,0.36746820506863076,52.81923223653176,2171609836.5782833,205534288.38111907,188015028.94310454,8069820740.652502,170578237.35424528,116.72298717047481,810745149.9067686,112.08996551684474,68047150.30186532,1512.000942175885
20233,11380570,대조동,CS300011,일반의류,LL,다이나믹,219.15866819229873,-0.11753816869140588,1721297223.8446872,0.6226716979888156,51.97776192433717,2003273386.6177716,188939750.68505272,216176784.46332714,7757727446.661275,197869321.71602818,107.29418567691927,696113196.2902049,105.80066405278653,58586993.10743041,1517.8332055495437
20234,11380570,대조동,CS300011,일반의류,LL,다이나믹,218.42768031869784,-0.32394178130410833,1832151236.125115,1.2037987105773496,52.69131572027656,2187101610.2884955,208367312.20642525,187449659.11750054,7856730546.435033,131045505.3324569,109.6266244972278,760256363.3991714,107.72094365259316,55806518.09238863,1519.3327354054052
20241,11380570,대조동,CS300011,일반의류,LL,다이나믹,219.19647809343894,1.0276514564122419,1850622940.7857056,1.7663237307727342,52.76576021139123,2332404785.5228987,221325076.68103996,193560800.96818814,8250042836.61601,205380915.5086222,112.22258744583144,812087478.7126725,109.21453068837354,57829652.85977026,1515.4719483659471
20242,11380570,대조동,CS300011,일반의류,LL,다이나믹,215.1650981218728,-0.6094409106289023,1929043693.1384258,5.679094423196476,52.83624740966744,2155439143.0483994,229360513.33129403,210141067.56850287,8110236643.369075,160254822.7414153,114.50829223046213,808710318.401747,111.16562764801357,64475897.14808131,1515.692569091245
20243,11380570,대조동,CS300011,일반의류,LL,다이나믹,215.38788762979263,-1.8746701040413876,1870044980.5663505,-0.016902284289871616,52.81923223653176,2171609836.5782833,205534288.38111907,188015028.94310454,8069820740.652502,170578237.35424528,116.72298717047481,810745149.9067686,112.08996551684474,68047150.30186532,1512.000942175885
20233,11380570,대조동,CS300014,신발,LL,다이나믹,26.494159009784013,0.20884588257007064,1721297223.8446872,0.19700001679774418,51.97776192433717,2003273386.6177716,188939750.68505272,216176784.46332714,7757727446.661275,197869321.71602818,107.29418567691927,696113196.2902049,105.80066405278653,58586993.10743041,1517.8332055495437
20234,11380570,대조동,CS300014,신발,LL,다이나믹,27.052771983626926,1.0203665257958168,1832151236.125115,0.19065316348218686,52.69131572027656,2187101610.2884955,208367312.20642525,187449659.11750054,7856730546.435033,131045505.3324569,109.6266244972278,760256363.3991714,107.72094365259316,55806518.09238863,1519.3327354054052
20241,11380570,대조동,CS300014,신발,LL,다이나믹,26.44533323436813,0.20375298147681475,1850622940.7857056,0.662670024620361,52.76576021139123,2332404785.5228987,221325076.68103996,193560800.96818814,8250042836.61601,205380915.5086222,112.22258744583144,812087478.7126725,109.21453068837354,57829652.85977026,1515.4719483659471
20242,11380570,대조동,CS300014,신발,LL,다이나믹,26.34038561795214,0.42239386750328967,1929043693.1384258,0.07785656470806235,52.83624740966744,2155439143.0483994,229360513.33129403,210141067.56850287,8110236643.369075,160254822.7414153,114.50829223046213,808710318.401747,111.16562764801357,64475897.14808131,1515.692569091245
20243,11380570,대조동,CS300014,신발,LL,다이나믹,26.157597202556637,0.20047462097581936,1870044980.5663505,0.11639066544500837,52.81923223653176,2171609836.5782833,205534288.38111907,188015028.94310454,8069820740.652502,170578237.35424528,116.72298717047481,810745149.9067686,112.08996551684474,68047150.30186532,1512.000942175885
20233,11380570,대조동,CS300015,가방,LL,다이나믹,11.977581995665755,0.4585206604498392,1721297223.8446872,0.8003711773718645,51.97776192433717,2003273386.6177716,188939750.68505272,216176784.46332714,7757727446.661275,197869321.71602818,107.29418567691927,696113196.2902049,105.80066405278653,58586993.10743041,1517.8332055495437
20234,11380570,대조동,CS300015,가방,LL,다이나믹,13.23302345881615,0.35316902891067126,1832151236.125115,0.4878793512512968,52.69131572027656,2187101610.2884955,208367312.20642525,187449659.11750054,7856730546.435033,131045505.3324569,109.6266244972278,760256363.3991714,107.72094365259316,55806518.09238863,1519.3327354054052
20241,11380570,대조동,CS300015,가방,LL,다이나믹,13.260027839103076,0.25982413079710187,1850622940.7857056,0.3054326331510468,52.76576021139123,2332404785.5228987,221325076.68103996,193560800.96818814,8250042836.61601,205380915.5086222,112.22258744583144,812087478.7126725,109.21453068837354,57829652.85977026,1515.4719483659471
20242,11380570,대조동,CS300015,가방,LL,다이나믹,12.69270488124805,0.282257320895575,1929043693.1384258,0.6228491057444492,52.83624740966744,2155439143.0483994,229360513.33129403,210141067.56850287,8110236643.369075,160254822.7414153,114.50829223046213,808710318.401747,111.16562764801357,64475897.14808131,1515.692569091245
20243,11380570,대조동,CS300015,가방,LL,다이나믹,11.881353154419859,0.3343762523024042,1870044980.5663505,0.6282083700945517,52.81923223653176,2171609836.5782833,205534288.38111907,188015028.94310454,8069820740.652502,170578237.35424528,116.72298717047481,810745149.9067686,112.08996551684474,68047150.30186532,1512.000942175885
20233,11380570,대조동,CS300016,안경,LL,다이나믹,9.009409507448765,-0.09116014588282284,1721297223.8446872,-0.21804675041596502,51.97776192433717,2003273386.6177716,188939750.68505272,216176784.46332714,7757727446.661275,197869321.71602818,107.29418567691927,696113196.2902049,105.80066405278653,58586993.10743041,1517.8332055495437
20234,11380570,대조동,CS300016,안경,LL,다이나믹,9.00870451801108,-0.08234824397069965,1832151236.125115,-0.22655052445347473,52.69131572027656,2187101610.2884955,208367312.20642525,187449659.11750054,7856730546.435033,131045505.3324569,109.6266244972278,760256363.3991714,107.72094365259316,55806518.09238863,1519.3327354054052
20241,11380570,대조동,CS300016,안경,LL,다이나믹,9.732154347486624,0.7909755256789114,1850622940.7857056,-0.22642864589547632,52.76576021139123,2332404785.5228987,221325076.68103996,193560800.96818814,8250042836.61601,205380915.5086222,112.22258744583144,812087478.7126725,109.21453068837354,57829652.85977026,1515.4719483659471
20242,11380570,대조동,CS300016,안경,LL,다이나믹,9.37044170284374,-0.08483823028508963,1929043693.1384258,-0.0667173205140579,52.83624740966744,2155439143.0483994,229360513.33129403,210141067.56850287,8110236643.369075,160254822.7414153,114.50829223046213,808710318.401747,111.16562764801357,64475897.14808131,1515.692569091245
20243,11380570,대조동,CS300016,안경,LL,다이나믹,9.367420482650857,-0.10459296939555864,1870044980.5663505,-0.24598902284539897,52.81923223653176,2171609836.5782833,205534288.38111907,188015028.94310454,8069820740.652502,170578237.35424528,116.72298717047481,810745149.9067686,112.08996551684474,68047150.30186532,1512.000942175885
20233,11380570,대조동,CS300022,화장품,LL,다이나믹,55.77548723666193,-0.9510612413465894,1721297223.8446872,3.233171254984952,51.97776192433717,2003273386.6177716,188939750.68505272,216176784.46332714,7757727446.661275,197869321.71602818,107.29418567691927,696113196.2902049,105.80066405278653,58586993.10743041,1517.8332055495437
20234,11380570,대조동,CS300022,화장품,LL,다이나믹,56.27413500263711,3.151671200710532,1832151236.125115,0.9544907546518278,52.69131572027656,2187101610.2884955,208367312.20642525,187449659.11750054,7856730546.435033,131045505.3324569,109.6266244972278,760256363.3991714,107.72094365259316,55806518.09238863,1519.3327354054052
20241,11380570,대조동,CS300022,화장품,LL,다이나믹,52.7652617590472,0.04655000025135081,1850622940.7857056,2.510326884606909,52.76576021139123,2332404785.5228987,221325076.68103996,193560800.96818814,8250042836.61601,205380915.5086222,112.22258744583144,812087478.7126725,109.21453068837354,57829652.85977026,1515.4719483659471
20242,11380570,대조동,CS300022,화장품,LL,다이나믹,52.77102728784293,0.031035218063600593,1929043693.1384258,1.4468539578516142,52.83624740966744,2155439143.0483994,229360513.33129403,210141067.56850287,8110236643.369075,160254822.7414153,114.50829223046213,808710318.401747,111.16562764801357,64475897.14808131,1515.692569091245
20243,11380570,대조동,CS300022,화장품,LL,다이나믹,48.51904492870738,-1.8678659376647437,1870044980.5663505,2.881360484202545,52.81923223653176,2171609836.5782833,205534288.38111907,188015028.94310454,8069820740.652502,170578237.35424528,116.72298717047481,810745149.9067686,112.08996551684474,68047150.30186532,1512.000942175885
20233,11380570,대조동,CS300024,운동/경기용품,LL,다이나믹,18.523638483748517,-0.08628888590781425,1721297223.8446872,-0.5282854087361963,51.97776192433717,2003273386.6177716,188939750.68505272,216176784.46332714,7757727446.661275,197869321.71602818,107.29418567691927,696113196.2902049,105.80066405278653,58586993.10743041,1517.8332055495437
20234,11380570,대조동,CS300024,운동/경기용품,LL,다이나믹,17.765290379381128,-0.3872351217055563,1832151236.125115,1.5177377636316203,52.69131572027656,2187101610.2884955,208367312.20642525,187449659.11750054,7856730546.435033,131045505.3324569,109.6266244972278,760256363.3991714,107.72094365259316,55806518.09238863,1519.3327354054052
20241,11380570,대조동,CS300024,운동/경기용품,LL,다이나믹,17.217819381539368,-0.019431605129560103,1850622940.7857056,0.30259871951262063,52.76576021139123,2332404785.5228987,221325076.68103996,193560800.96818814,8250042836.61601,205380915.5086222,112.22258744583144,812087478.7126725,109.21453068837354,57829652.85977026,1515.4719483659471
20242,11380570,대조동,CS300024,운동/경기용품,LL,다이나믹,16.549923559461217,-0.3552136064784026,1929043693.1384258,1.6454939988331763,52.83624740966744,2155439143.0483994,229360513.33129403,210141067.56850287,8110236643.369075,160254822.7414153,114.50829223046213,808710318.401747,111.16562764801357,64475897.14808131,1515.692569091245
20243,11380570,대조동,CS300024,운동/경기용품,LL,다이나믹,17.065077715806037,-0.2622360254602587,1870044980.5663505,-0.21486912551240678,52.81923223653176,2171609836.5782833,205534288.38111907,188015028.94310454,8069820740.652502,170578237.35424528,116.72298717047481,810745149.9067686,112.08996551684474,68047150.30186532,1512.000942175885
20233,11380570,대조동,CS300027,섬유제품,LL,다이나믹,14.73739670702276,-0.140467849363104,1721297223.8446872,0.027828419642732312,51.97776192433717,2003273386.6177716,188939750.68505272,216176784.46332714,7757727446.661275,197869321.71602818,107.29418567691927,696113196.2902049,105.80066405278653,58586993.10743041,1517.8332055495437
20234,11380570,대조동,CS300027,섬유제품,LL,다이나믹,15.35189760950823,0.5745533536348556,1832151236.125115,-0.2714394137022167,52.69131572027656,2187101610.2884955,208367312.20642525,187449659.11750054,7856730546.435033,131045505.3324569,109.6266244972278,760256363.3991714,107.72094365259316,55806518.09238863,1519.3327354054052
20241,11380570,대조동,CS300027,섬유제품,LL,다이나믹,15.364593412770702,0.5824256717647246,1850622940.7857056,0.017948957393416953,52.76576021139123,2332404785.5228987,221325076.68103996,193560800.96818814,8250042836.61601,205380915.5086222,112.22258744583144,812087478.7126725,109.21453068837354,57829652.85977026,1515.4719483659471
20242,11380570,대조동,CS300027,섬유제품,LL,다이나믹,15.498705128502651,0.3126346290535961,1929043693.1384258,-0.09224369048966828,52.83624740966744,2155439143.0483994,229360513.33129403,210141067.56850287,8110236643.369075,160254822.7414153,114.50829223046213,808710318.401747,111.16562764801357,64475897.14808131,1515.692569091245
20243,11380570,대조동,CS300027,섬유제품,LL,다이나믹,15.02217957543432,0.04346198345872715,1870044980.5663505,0.02940166717678054,52.81923223653176,2171609836.5782833,205534288.38111907,188015028.94310454,8069820740.652502,170578237.35424528,116.72298717047481,810745149.9067686,112.08996551684474,68047150.30186532,1512.000942175885
20233,11380570,대조동,CS300028,화초,LL,다이나믹,4.473576279143584,0.1677211906841832,1721297223.8446872,0.2757269103649136,51.97776192433717,2003273386.6177716,188939750.68505272,216176784.46332714,7757727446.661275,197869321.71602818,107.29418567691927,696113196.2902049,105.80066405278653,58586993.10743041,1517.8332055495437
20234,11380570,대조동,CS300028,화초,LL,다이나믹,3.7574142447053056,-0.13230378112460606,1832151236.125115,1.0208080165876678,52.69131572027656,2187101610.2884955,208367312.20642525,187449659.11750054,7856730546.435033,131045505.3324569,109.6266244972278,760256363.3991714,107.72094365259316,55806518.09238863,1519.3327354054052
20241,11380570,대조동,CS300028,화초,LL,다이나믹,3.4016173144454536,-0.25207847590689103,1850622940.7857056,0.41507461023090264,52.76576021139123,2332404785.5228987,221325076.68103996,193560800.96818814,8250042836.61601,205380915.5086222,112.22258744583144,812087478.7126725,109.21453068837354,57829652.85977026,1515.4719483659471
20242,11380570,대조동,CS300028,화초,LL,다이나믹,2.758020794735792,-0.06541531079247323,1929043693.1384258,0.9607479850602323,52.83624740966744,2155439143.0483994,229360513.33129403,210141067.56850287,8110236643.369075,160254822.7414153,114.50829223046213,808710318.401747,111.16562764801357,64475897.14808131,1515.692569091245
20243,11380570,대조동,CS300028,화초,LL,다이나믹,2.697875188993968,-0.06793322498704488,1870044980.5663505,0.2215839474145136,52.81923223653176,2171609836.5782833,205534288.38111907,188015028.94310454,8069820740.652502,170578237.35424528,116.72298717047481,810745149.9067686,112.08996551684474,68047150.30186532,1512.000942175885
20233,11380570,대조동,CS300031,가구,LL,다이나믹,16.72882263806618,-0.18235868997521676,1721297223.8446872,-0.2425206273177567,51.97776192433717,2003273386.6177716,188939750.68505272,216176784.46332714,7757727446.661275,197869321.71602818,107.29418567691927,696113196.2902049,105.80066405278653,58586993.10743041,1517.8332055495437
20234,11380570,대조동,CS300031,가구,LL,다이나믹,16.79948511901117,0.5117468081941501,1832151236.125115,0.3621592292261271,52.69131572027656,2187101610.2884955,208367312.20642525,187449659.11750054,7856730546.435033,131045505.3324569,109.6266244972278,760256363.3991714,107.72094365259316,55806518.09238863,1519.3327354054052
20241,11380570,대조동,CS300031,가구,LL,다이나믹,17.78619849532254,0.7344389734831134,1850622940.7857056,-0.49242414460462486,52.76576021139123,2332404785.5228987,221325076.68103996,193560800.96818814,8250042836.61601,205380915.5086222,112.22258744583144,812087478.7126725,109.21453068837354,57829652.85977026,1515.4719483659471
20242,11380570,대조동,CS300031,가구,LL,다이나믹,16.94819969005096,-0.1378593031494122,1929043693.1384258,0.11570152478458301,52.83624740966744,2155439143.0483994,229360513.33129403,210141067.56850287,8110236643.369075,160254822.7414153,114.50829223046213,808710318.401747,111.16562764801357,64475897.14808131,1515.692569091245
20243,11380570,대조동,CS300031,가구,LL,다이나믹,15.7572677350286,-0.36203669858980075,1870044980.5663505,-0.5587819666990317,52.81923223653176,2171609836.5782833,205534288.38111907,188015028.94310454,8069820740.652502,170578237.35424528,116.72298717047481,810745149.9067686,112.08996551684474,68047150.30186532,1512.000942175885
20233,11380570,대조동,CS300036,조명용품,LL,다이나믹,7.198381523476142,-0.062380026560360555,1721297223.8446872,0.7845368697014247,51.97776192433717,2003273386.6177716,188939750.68505272,216176784.46332714,7757727446.661275,197869321.71602818,107.29418567691927,696113196.2902049,105.80066405278653,58586993.10743041,1517.8332055495437
20234,11380570,대조동,CS300036,조명용품,LL,다이나믹,7.633167874443108,-0.06160108221613072,1832151236.125115,0.40321965704356477,52.69131572027656,2187101610.2884955,208367312.20642525,187449659.11750054,7856730546.435033,131045505.3324569,109.6266244972278,760256363.3991714,107.72094365259316,55806518.09238863,1519.3327354054052
20241,11380570,대조동,CS300036,조명용품,LL,다이나믹,6.770955164037274,-0.061602405705153664,1850622940.7857056,0.6013289796029515,52.76576021139123,2332404785.5228987,221325076.68103996,193560800.96818814,8250042836.61601,205380915.5086222,112.22258744583144,812087478.7126725,109.21453068837354,57829652.85977026,1515.4719483659471
20242,11380570,대조동,CS300036,조명용품,LL,다이나믹,7.272351949389547,-0.061602399582265696,1929043693.1384258,0.2612730547905314,52.83624740966744,2155439143.0483994,229360513.33129403,210141067.56850287,8110236643.369075,160254822.7414153,114.50829223046213,808710318.401747,111.16562764801357,64475897.14808131,1515.692569091245
20243,11380570,대조동,CS300036,조명용품,LL,다이나믹,6.013597588219494,-0.13215087596182568,1870044980.5663505,0.7687674640140255,52.81923223653176,2171609836.5782833,205534288.38111907,188015028.94310454,8069820740.652502,170578237.35424528,116.72298717047481,810745149.9067686,112.08996551684474,68047150.30186532,1512.000942175885
