STDR_YYQU_CD,ADSTRD_CD,ADSTRD_CD_NM,SVC_INDUTY_CD,SVC_INDUTY_CD_NM,TRDAR_CHNGE_IX,TRDAR_CHNGE_IX_NM,SIMILR_INDUTY_STOR_CO,FDSTFFS_EXPNDTR_TOTAMT,PLESR_EXPNDTR_TOTAMT,SU_CLS_SALE_MT_AVRG,CLS_SALE_MT_AVRG,EDC_EXPNDTR_TOTAMT,MCP_EXPNDTR_TOTAMT,CLSBIZ_STOR_CO,OPBIZ_STOR_CO,SU_OPR_SALE_MT_AVRG,EXPNDTR_TOTAMT,LSR_CLTUR_EXPNDTR_TOTAMT,FD_EXPNDTR_TOTAMT,OPR_SALE_MT_AVRG,TRNSPORT_EXPNDTR_TOTAMT
20233,11470620,신정1동,CS100001,한식음식점,HL,상권축소,124.30071113728836,937590678.4558815,173749640.5589783,51.97776192433717,48.0,325416672.59596425,553818482.0318396,4.939004051054932,2.6398686512256577,107.29418567691927,4466969344.341289,175767636.43331206,1140171956.375214,112.97090714817676,931252659.9306728
20234,11470620,신정1동,CS100001,한식음식점,HL,상권축소,124.22059774383001,973079804.2094518,186898105.33079132,52.69131572027656,48.0,397498133.6411343,564776168.8899586,4.106628172665619,2.188543596297041,109.6266244972278,4630298186.694918,200358061.5995989,1216216983.145616,114.53780896691005,1124693773.2607443
20241,11470620,신정1동,CS100001,한식음식점,HL,상권축소,123.2900983789332,1007207643.9912503,196660813.21345505,52.76576021139123,49.00000104341639,388775106.2439587,639752597.0656676,5.365509196303442,1.5347501173612381,112.22258744583144,4820866773.471922,203983349.46366552,1300779003.4391067,115.26944564090822,1151693365.0477545
20242,11470620,신정1동,CS100001,한식음식점,HL,상권축소,122.0835848352312,1000369249.2486516,185520028.648751,52.83624740966744,49.00000104341639,406078723.5404967,621138713.628192,5.225760740098193,2.6274543477483445,114.50829223046213,4925054018.018605,204395334.89216164,1349710053.007386,116.42200026367902,1076066113.9319024
20243,11470620,신정1동,CS100001,한식음식점,HL,상권축소,120.51042075929684,936561535.3164171,187099506.9159016,52.81923223653176,49.00000104341639,335225521.63707304,623475712.3439269,5.415519156377165,3.1619381060492726,116.72298717047481,4714067574.956878,199022368.01755938,1283971351.0600955,117.7843497396146,1024003410.6932945
20233,11470620,신정1동,CS100003,일식음식점,HL,상권축소,5.733348196685186,937590678.4558815,173749640.5589783,51.97776192433717,48.0,325416672.59596425,553818482.0318396,-0.2762230670395337,-0.1804495952634303,107.29418567691927,4466969344.341289,175767636.43331206,1140171956.375214,112.97090714817676,931252659.9306728
20234,11470620,신정1동,CS100003,일식음식점,HL,상권축소,5.823125150255047,973079804.2094518,186898105.33079132,52.69131572027656,48.0,397498133.6411343,564776168.8899586,0.14058731131798874,-0.13151627690539486,109.6266244972278,4630298186.694918,200358061.5995989,1216216983.145616,114.53780896691005,1124693773.2607443
20241,11470620,신정1동,CS100003,일식음식점,HL,상권축소,5.465467166057568,1007207643.9912503,196660813.21345505,52.76576021139123,49.00000104341639,388775106.2439587,639752597.0656676,-0.4277732635364534,-0.32855491436981854,112.22258744583144,4820866773.471922,203983349.46366552,1300779003.4391067,115.26944564090822,1151693365.0477545
20242,11470620,신정1동,CS100003,일식음식점,HL,상권축소,2.4021507240682465,1000369249.2486516,185520028.648751,52.83624740966744,49.00000104341639,406078723.5404967,621138713.628192,-0.23207066003956,0.5425525412380807,114.50829223046213,4925054018.018605,204395334.89216164,1349710053.007386,116.42200026367902,1076066113.9319024
20243,11470620,신정1동,CS100003,일식음식점,HL,상권축소,3.36908776253881,936561535.3164171,187099506.9159016,52.81923223653176,49.00000104341639,335225521.63707304,623475712.3439269,-0.48986922502719743,-0.15500778743625454,116.72298717047481,4714067574.956878,199022368.01755938,1283971351.0600955,117.7843497396146,1024003410.6932945
20233,11470620,신정1동,CS100004,양식음식점,HL,상권축소,13.302227791991315,937590678.4558815,173749640.5589783,51.97776192433717,48.0,325416672.59596425,553818482.0318396,-0.3396559141855784,1.2997007971734793,107.29418567691927,4466969344.341289,175767636.43331206,1140171956.375214,112.97090714817676,931252659.9306728
20234,11470620,신정1동,CS100004,양식음식점,HL,상권축소,13.00325965931839,973079804.2094518,186898105.33079132,52.69131572027656,48.0,397498133.6411343,564776168.8899586,-0.008493034835880153,1.2895144411348642,109.6266244972278,4630298186.694918,200358061.5995989,1216216983.145616,114.53780896691005,1124693773.2607443
20241,11470620,신정1동,CS100004,양식음식점,HL,상권축소,13.58238937369794,1007207643.9912503,196660813.21345505,52.76576021139123,49.00000104341639,388775106.2439587,639752597.0656676,-0.3678233182442069,0.5542116772617807,112.22258744583144,4820866773.471922,203983349.46366552,1300779003.4391067,115.26944564090822,1151693365.0477545
20242,11470620,신정1동,CS100004,양식음식점,HL,상권축소,12.463937205264614,1000369249.2486516,185520028.648751,52.83624740966744,49.00000104341639,406078723.5404967,621138713.628192,0.4979258804300578,0.3649456772255433,114.50829223046213,4925054018.018605,204395334.89216164,1349710053.007386,116.42200026367902,1076066113.9319024
20243,11470620,신정1동,CS100004,양식음식점,HL,상권축소,13.247584780130271,936561535.3164171,187099506.9159016,52.81923223653176,49.00000104341639,335225521.63707304,623475712.3439269,-0.4059940687114225,0.7754788019893131,116.72298717047481,4714067574.956878,199022368.01755938,1283971351.0600955,117.7843497396146,1024003410.6932945
20233,11470620,신정1동,CS100005,제과점,HL,상권축소,9.149645795206846,937590678.4558815,173749640.5589783,51.97776192433717,48.0,325416672.59596425,553818482.0318396,1.0846060108453206,0.7933296050179655,107.29418567691927,4466969344.341289,175767636.43331206,1140171956.375214,112.97090714817676,931252659.9306728
20234,11470620,신정1동,CS100005,제과점,HL,상권축소,8.802404642357608,973079804.2094518,186898105.33079132,52.69131572027656,48.0,397498133.6411343,564776168.8899586,0.2596123514075691,0.04826138214038167,109.6266244972278,4630298186.694918,200358061.5995989,1216216983.145616,114.53780896691005,1124693773.2607443
20241,11470620,신정1동,CS100005,제과점,HL,상권축소,8.77042579251292,1007207643.9912503,196660813.21345505,52.76576021139123,49.00000104341639,388775106.2439587,639752597.0656676,0.8428986731187853,0.7076438469007098,112.22258744583144,4820866773.471922,203983349.46366552,1300779003.4391067,115.26944564090822,1151693365.0477545
20242,11470620,신정1동,CS100005,제과점,HL,상권축소,9.012693683977615,1000369249.2486516,185520028.648751,52.83624740966744,49.00000104341639,406078723.5404967,621138713.628192,0.16147705157269865,-0.16242730462722196,114.50829223046213,4925054018.018605,204395334.89216164,1349710053.007386,116.42200026367902,1076066113.9319024
20243,11470620,신정1동,CS100005,제과점,HL,상권축소,9.082329223271502,936561535.3164171,187099506.9159016,52.81923223653176,49.00000104341639,335225521.63707304,623475712.3439269,0.21308040251276822,0.5029513528691366,116.72298717047481,4714067574.956878,199022368.01755938,1283971351.0600955,117.7843497396146,1024003410.6932945
20233,11470620,신정1동,CS100006,패스트푸드점,HL,상권축소,8.777960780977093,937590678.4558815,173749640.5589783,51.97776192433717,48.0,325416672.59596425,553818482.0318396,-0.13613090490836172,0.06607003707853143,107.29418567691927,4466969344.341289,175767636.43331206,1140171956.375214,112.97090714817676,931252659.9306728
20234,11470620,신정1동,CS100006,패스트푸드점,HL,상권축소,9.092978226019952,973079804.2094518,186898105.33079132,52.69131572027656,48.0,397498133.6411343,564776168.8899586,-0.281067168130648,-0.17669878296837022,109.6266244972278,4630298186.694918,200358061.5995989,1216216983.145616,114.53780896691005,1124693773.2607443
20241,11470620,신정1동,CS100006,패스트푸드점,HL,상권축소,8.547442908869263,1007207643.9912503,196660813.21345505,52.76576021139123,49.00000104341639,388775106.2439587,639752597.0656676,0.6849695845450235,-0.09232618970655211,112.22258744583144,4820866773.471922,203983349.46366552,1300779003.4391067,115.26944564090822,1151693365.0477545
20242,11470620,신정1동,CS100006,패스트푸드점,HL,상권축소,8.641055397259073,1000369249.2486516,185520028.648751,52.83624740966744,49.00000104341639,406078723.5404967,621138713.628192,0.27634207064883265,-0.2181616215670939,114.50829223046213,4925054018.018605,204395334.89216164,1349710053.007386,116.42200026367902,1076066113.9319024
20243,11470620,신정1동,CS100006,패스트푸드점,HL,상권축소,9.53698107939478,936561535.3164171,187099506.9159016,52.81923223653176,49.00000104341639,335225521.63707304,623475712.3439269,-0.2553065752883238,-0.009215700514948133,116.72298717047481,4714067574.956878,199022368.01755938,1283971351.0600955,117.7843497396146,1024003410.6932945
20233,11470620,신정1동,CS100007,치킨전문점,HL,상권축소,17.33202913842204,937590678.4558815,173749640.5589783,51.97776192433717,48.0,325416672.59596425,553818482.0318396,0.14276573807712878,-1.243542503592399,107.29418567691927,4466969344.341289,175767636.43331206,1140171956.375214,112.97090714817676,931252659.9306728
20234,11470620,신정1동,CS100007,치킨전문점,HL,상권축소,17.312042284912042,973079804.2094518,186898105.33079132,52.69131572027656,48.0,397498133.6411343,564776168.8899586,0.1859295038284302,-0.31283566296739584,109.6266244972278,4630298186.694918,200358061.5995989,1216216983.145616,114.53780896691005,1124693773.2607443
20241,11470620,신정1동,CS100007,치킨전문점,HL,상권축소,16.848500523970138,1007207643.9912503,196660813.21345505,52.76576021139123,49.00000104341639,388775106.2439587,639752597.0656676,1.641308052780511,-0.23830674073902347,112.22258744583144,4820866773.471922,203983349.46366552,1300779003.4391067,115.26944564090822,1151693365.0477545
20242,11470620,신정1동,CS100007,치킨전문점,HL,상권축소,17.570530872068183,1000369249.2486516,185520028.648751,52.83624740966744,49.00000104341639,406078723.5404967,621138713.628192,0.06784484760044629,0.38582394870752235,114.50829223046213,4925054018.018605,204395334.89216164,1349710053.007386,116.42200026367902,1076066113.9319024
20243,11470620,신정1동,CS100007,치킨전문점,HL,상권축소,18.01444812579466,936561535.3164171,187099506.9159016,52.81923223653176,49.00000104341639,335225521.63707304,623475712.3439269,0.16807227081492737,-0.6409126815838766,116.72298717047481,4714067574.956878,199022368.01755938,1283971351.0600955,117.7843497396146,1024003410.6932945
20233,11470620,신정1동,CS100008,분식전문점,HL,상권축소,17.987115232657654,937590678.4558815,173749640.5589783,51.97776192433717,48.0,325416672.59596425,553818482.0318396,1.2360429679556126,0.6733763234332056,107.29418567691927,4466969344.341289,175767636.43331206,1140171956.375214,112.97090714817676,931252659.9306728
20234,11470620,신정1동,CS100008,분식전문점,HL,상권축소,18.88271817063667,973079804.2094518,186898105.33079132,52.69131572027656,48.0,397498133.6411343,564776168.8899586,0.34689020282064476,2.5672504912915035,109.6266244972278,4630298186.694918,200358061.5995989,1216216983.145616,114.53780896691005,1124693773.2607443
20241,11470620,신정1동,CS100008,분식전문점,HL,상권축소,18.247239559633947,1007207643.9912503,196660813.21345505,52.76576021139123,49.00000104341639,388775106.2439587,639752597.0656676,1.0084473671140017,-0.29424295604532213,112.22258744583144,4820866773.471922,203983349.46366552,1300779003.4391067,115.26944564090822,1151693365.0477545
20242,11470620,신정1동,CS100008,분식전문점,HL,상권축소,18.373283156216896,1000369249.2486516,185520028.648751,52.83624740966744,49.00000104341639,406078723.5404967,621138713.628192,0.05391774892533063,0.4076648230533856,114.50829223046213,4925054018.018605,204395334.89216164,1349710053.007386,116.42200026367902,1076066113.9319024
20243,11470620,신정1동,CS100008,분식전문점,HL,상권축소,17.897854003301383,936561535.3164171,187099506.9159016,52.81923223653176,49.00000104341639,335225521.63707304,623475712.3439269,1.2085678583751147,0.6203728947797074,116.72298717047481,4714067574.956878,199022368.01755938,1283971351.0600955,117.7843497396146,1024003410.6932945
20233,11470620,신정1동,CS100009,호프-간이주점,HL,상권축소,20.73452986312283,937590678.4558815,173749640.5589783,51.97776192433717,48.0,325416672.59596425,553818482.0318396,-0.3849559900731935,0.7533721856994997,107.29418567691927,4466969344.341289,175767636.43331206,1140171956.375214,112.97090714817676,931252659.9306728
20234,11470620,신정1동,CS100009,호프-간이주점,HL,상권축소,22.04824942688083,973079804.2094518,186898105.33079132,52.69131572027656,48.0,397498133.6411343,564776168.8899586,-0.2222832946109269,0.17970826342172064,109.6266244972278,4630298186.694918,200358061.5995989,1216216983.145616,114.53780896691005,1124693773.2607443
20241,11470620,신정1동,CS100009,호프-간이주점,HL,상권축소,22.346483812881996,1007207643.9912503,196660813.21345505,52.76576021139123,49.00000104341639,388775106.2439587,639752597.0656676,0.06924692185046444,-0.24988372912945478,112.22258744583144,4820866773.471922,203983349.46366552,1300779003.4391067,115.26944564090822,1151693365.0477545
20242,11470620,신정1동,CS100009,호프-간이주점,HL,상권축소,24.600978428546153,1000369249.2486516,185520028.648751,52.83624740966744,49.00000104341639,406078723.5404967,621138713.628192,-0.1402578266077149,-0.1070732974650967,114.50829223046213,4925054018.018605,204395334.89216164,1349710053.007386,116.42200026367902,1076066113.9319024
20243,11470620,신정1동,CS100009,호프-간이주점,HL,상권축소,26.63261892444396,936561535.3164171,187099506.9159016,52.81923223653176,49.00000104341639,335225521.63707304,623475712.3439269,-0.8979145098490606,0.5840019007260658,116.72298717047481,4714067574.956878,199022368.01755938,1283971351.0600955,117.7843497396146,1024003410.6932945
20233,11470620,신정1동,CS100010,커피-음료,HL,상권축소,34.626164659015345,937590678.4558815,173749640.5589783,51.97776192433717,48.0,325416672.59596425,553818482.0318396,2.499132393437974,1.8796773155661186,107.29418567691927,4466969344.341289,175767636.43331206,1140171956.375214,112.97090714817676,931252659.9306728
20234,11470620,신정1동,CS100010,커피-음료,HL,상권축소,36.2584031580231,973079804.2094518,186898105.33079132,52.69131572027656,48.0,397498133.6411343,564776168.8899586,1.7755559089180566,3.114810973569908,109.6266244972278,4630298186.694918,200358061.5995989,1216216983.145616,114.53780896691005,1124693773.2607443
20241,11470620,신정1동,CS100010,커피-음료,HL,상권축소,36.5242634665722,1007207643.9912503,196660813.21345505,52.76576021139123,49.00000104341639,388775106.2439587,639752597.0656676,1.7007632746722732,2.390493724844922,112.22258744583144,4820866773.471922,203983349.46366552,1300779003.4391067,115.26944564090822,1151693365.0477545
20242,11470620,신정1동,CS100010,커피-음료,HL,상권축소,38.325429415080016,1000369249.2486516,185520028.648751,52.83624740966744,49.00000104341639,406078723.5404967,621138713.628192,1.8507955063726267,3.765596038774254,114.50829223046213,4925054018.018605,204395334.89216164,1349710053.007386,116.42200026367902,1076066113.9319024
20243,11470620,신정1동,CS100010,커피-음료,HL,상권축소,37.39999169269569,936561535.3164171,187099506.9159016,52.81923223653176,49.00000104341639,335225521.63707304,623475712.3439269,2.660669687559879,2.0220180311222666,116.72298717047481,4714067574.956878,199022368.01755938,1283971351.0600955,117.7843497396146,1024003410.6932945
20233,11470620,신정1동,CS200001,일반교습학원,HL,상권축소,83.97552849872599,937590678.4558815,173749640.5589783,51.97776192433717,48.0,325416672.59596425,553818482.0318396,5.258657214068664,1.6315020920767735,107.29418567691927,4466969344.341289,175767636.43331206,1140171956.375214,112.97090714817676,931252659.9306728
20234,11470620,신정1동,CS200001,일반교습학원,HL,상권축소,80.18397010676046,973079804.2094518,186898105.33079132,52.69131572027656,48.0,397498133.6411343,564776168.8899586,5.965564971422925,-1.2330011030555035,109.6266244972278,4630298186.694918,200358061.5995989,1216216983.145616,114.53780896691005,1124693773.2607443
20241,11470620,신정1동,CS200001,일반교습학원,HL,상권축소,75.38467895058848,1007207643.9912503,196660813.21345505,52.76576021139123,49.00000104341639,388775106.2439587,639752597.0656676,6.1086539857614905,-0.5405882248884971,112.22258744583144,4820866773.471922,203983349.46366552,1300779003.4391067,115.26944564090822,1151693365.0477545
20242,11470620,신정1동,CS200001,일반교습학원,HL,상권축소,70.08730754511961,1000369249.2486516,185520028.648751,52.83624740966744,49.00000104341639,406078723.5404967,621138713.628192,8.011021005028546,0.7391497431773946,114.50829223046213,4925054018.018605,204395334.89216164,1349710053.007386,116.42200026367902,1076066113.9319024
20243,11470620,신정1동,CS200001,일반교습학원,HL,상권축소,65.77340890665862,936561535.3164171,187099506.9159016,52.81923223653176,49.00000104341639,335225521.63707304,623475712.3439269,7.1575335175901245,0.16145086480868853,116.72298717047481,4714067574.956878,199022368.01755938,1283971351.0600955,117.7843497396146,1024003410.6932945
20233,11470620,신정1동,CS200003,예술학원,HL,상권축소,45.25091601062201,937590678.4558815,173749640.5589783,51.97776192433717,48.0,325416672.59596425,553818482.0318396,0.9700945456683621,0.8079892487392695,107.29418567691927,4466969344.341289,175767636.43331206,1140171956.375214,112.97090714817676,931252659.9306728
20234,11470620,신정1동,CS200003,예술학원,HL,상권축소,46.29274770548307,973079804.2094518,186898105.33079132,52.69131572027656,48.0,397498133.6411343,564776168.8899586,0.8168335228456504,2.895192717259663,109.6266244972278,4630298186.694918,200358061.5995989,1216216983.145616,114.53780896691005,1124693773.2607443
20241,11470620,신정1동,CS200003,예술학원,HL,상권축소,50.62565200483525,1007207643.9912503,196660813.21345505,52.76576021139123,49.00000104341639,388775106.2439587,639752597.0656676,-0.38202340832873394,3.1474610997469328,112.22258744583144,4820866773.471922,203983349.46366552,1300779003.4391067,115.26944564090822,1151693365.0477545
20242,11470620,신정1동,CS200003,예술학원,HL,상권축소,51.29084068454826,1000369249.2486516,185520028.648751,52.83624740966744,49.00000104341639,406078723.5404967,621138713.628192,0.04240442328542726,0.8216007167300754,114.50829223046213,4925054018.018605,204395334.89216164,1349710053.007386,116.42200026367902,1076066113.9319024
20243,11470620,신정1동,CS200003,예술학원,HL,상권축소,49.68596823550458,936561535.3164171,187099506.9159016,52.81923223653176,49.00000104341639,335225521.63707304,623475712.3439269,0.7880308499405129,0.7359685737052903,116.72298717047481,4714067574.956878,199022368.01755938,1283971351.0600955,117.7843497396146,1024003410.6932945
20233,11470620,신정1동,CS200031,세탁소,HL,상권축소,11.00520263467984,937590678.4558815,173749640.5589783,51.97776192433717,48.0,325416672.59596425,553818482.0318396,0.08165891857822201,-0.19681720700347827,107.29418567691927,4466969344.341289,175767636.43331206,1140171956.375214,112.97090714817676,931252659.9306728
20234,11470620,신정1동,CS200031,세탁소,HL,상권축소,10.085003552150495,973079804.2094518,186898105.33079132,52.69131572027656,48.0,397498133.6411343,564776168.8899586,0.5676258311976463,-0.23681433563517812,109.6266244972278,4630298186.694918,200358061.5995989,1216216983.145616,114.53780896691005,1124693773.2607443
20241,11470620,신정1동,CS200031,세탁소,HL,상권축소,10.71975617389968,1007207643.9912503,196660813.21345505,52.76576021139123,49.00000104341639,388775106.2439587,639752597.0656676,-0.03685574604519393,-0.34286477394361886,112.22258744583144,4820866773.471922,203983349.46366552,1300779003.4391067,115.26944564090822,1151693365.0477545
20242,11470620,신정1동,CS200031,세탁소,HL,상권축소,10.719585113678933,1000369249.2486516,185520028.648751,52.83624740966744,49.00000104341639,406078723.5404967,621138713.628192,-0.037802101286452436,-0.5311010795701422,114.50829223046213,4925054018.018605,204395334.89216164,1349710053.007386,116.42200026367902,1076066113.9319024
20243,11470620,신정1동,CS200031,세탁소,HL,상권축소,10.722873996851979,936561535.3164171,187099506.9159016,52.81923223653176,49.00000104341639,335225521.63707304,623475712.3439269,0.025038607557118054,-0.35269594101518664,116.72298717047481,4714067574.956878,199022368.01755938,1283971351.0600955,117.7843497396146,1024003410.6932945
20233,11470620,신정1동,CS200037,노래방,HL,상권축소,13.886246584818846,937590678.4558815,173749640.5589783,51.97776192433717,48.0,325416672.59596425,553818482.0318396,1.8574301838493616,0.03830883361151738,107.29418567691927,4466969344.341289,175767636.43331206,1140171956.375214,112.97090714817676,931252659.9306728
20234,11470620,신정1동,CS200037,노래방,HL,상권축소,13.661760651081853,973079804.2094518,186898105.33079132,52.69131572027656,48.0,397498133.6411343,564776168.8899586,2.127574516191462,0.2672490496513044,109.6266244972278,4630298186.694918,200358061.5995989,1216216983.145616,114.53780896691005,1124693773.2607443
20241,11470620,신정1동,CS200037,노래방,HL,상권축소,13.786912465758189,1007207643.9912503,196660813.21345505,52.76576021139123,49.00000104341639,388775106.2439587,639752597.0656676,0.6199935208090587,0.14029204330579725,112.22258744583144,4820866773.471922,203983349.46366552,1300779003.4391067,115.26944564090822,1151693365.0477545
20242,11470620,신정1동,CS200037,노래방,HL,상권축소,14.265762940592507,1000369249.2486516,185520028.648751,52.83624740966744,49.00000104341639,406078723.5404967,621138713.628192,2.0215861167529634,1.364670492057029,114.50829223046213,4925054018.018605,204395334.89216164,1349710053.007386,116.42200026367902,1076066113.9319024
20243,11470620,신정1동,CS200037,노래방,HL,상권축소,13.895585776250474,936561535.3164171,187099506.9159016,52.81923223653176,49.00000104341639,335225521.63707304,623475712.3439269,3.117460722932598,0.20455042733135625,116.72298717047481,4714067574.956878,199022368.01755938,1283971351.0600955,117.7843497396146,1024003410.6932945
20233,11470620,신정1동,CS300001,슈퍼마켓,HL,상권축소,17.60329259190431,937590678.4558815,173749640.5589783,51.97776192433717,48.0,325416672.59596425,553818482.0318396,0.8806052360498846,0.03576049624315736,107.29418567691927,4466969344.341289,175767636.43331206,1140171956.375214,112.97090714817676,931252659.9306728
20234,11470620,신정1동,CS300001,슈퍼마켓,HL,상권축소,18.10115410669007,973079804.2094518,186898105.33079132,52.69131572027656,48.0,397498133.6411343,564776168.8899586,0.813643991053186,0.7663285254713754,109.6266244972278,4630298186.694918,200358061.5995989,1216216983.145616,114.53780896691005,1124693773.2607443
20241,11470620,신정1동,CS300001,슈퍼마켓,HL,상권축소,18.45846425656916,1007207643.9912503,196660813.21345505,52.76576021139123,49.00000104341639,388775106.2439587,639752597.0656676,-0.07489787908349882,0.6206643562635618,112.22258744583144,4820866773.471922,203983349.46366552,1300779003.4391067,115.26944564090822,1151693365.0477545
20242,11470620,신정1동,CS300001,슈퍼마켓,HL,상권축소,18.482072539261562,1000369249.2486516,185520028.648751,52.83624740966744,49.00000104341639,406078723.5404967,621138713.628192,0.19984704193177394,1.065308324137649,114.50829223046213,4925054018.018605,204395334.89216164,1349710053.007386,116.42200026367902,1076066113.9319024
20243,11470620,신정1동,CS300001,슈퍼마켓,HL,상권축소,16.50874918732362,936561535.3164171,187099506.9159016,52.81923223653176,49.00000104341639,335225521.63707304,623475712.3439269,0.41797157021457865,0.06500948597300663,116.72298717047481,4714067574.956878,199022368.01755938,1283971351.0600955,117.7843497396146,1024003410.6932945
20233,11470620,신정1동,CS300002,편의점,HL,상권축소,13.088840179764013,937590678.4558815,173749640.5589783,51.97776192433717,48.0,325416672.59596425,553818482.0318396,0.8051861936716718,1.112491346305089,107.29418567691927,4466969344.341289,175767636.43331206,1140171956.375214,112.97090714817676,931252659.9306728
20234,11470620,신정1동,CS300002,편의점,HL,상권축소,12.095851784652451,973079804.2094518,186898105.33079132,52.69131572027656,48.0,397498133.6411343,564776168.8899586,1.097487504942284,-0.5172562555293305,109.6266244972278,4630298186.694918,200358061.5995989,1216216983.145616,114.53780896691005,1124693773.2607443
20241,11470620,신정1동,CS300002,편의점,HL,상권축소,12.648032981935067,1007207643.9912503,196660813.21345505,52.76576021139123,49.00000104341639,388775106.2439587,639752597.0656676,0.5990257843418954,0.3749366793313389,112.22258744583144,4820866773.471922,203983349.46366552,1300779003.4391067,115.26944564090822,1151693365.0477545
20242,11470620,신정1동,CS300002,편의점,HL,상권축소,12.863381229915452,1000369249.2486516,185520028.648751,52.83624740966744,49.00000104341639,406078723.5404967,621138713.628192,0.5936407124674494,0.10013248589531831,114.50829223046213,4925054018.018605,204395334.89216164,1349710053.007386,116.42200026367902,1076066113.9319024
20243,11470620,신정1동,CS300002,편의점,HL,상권축소,13.369972533433796,936561535.3164171,187099506.9159016,52.81923223653176,49.00000104341639,335225521.63707304,623475712.3439269,1.1201516525325335,0.8707734452061169,116.72298717047481,4714067574.956878,199022368.01755938,1283971351.0600955,117.7843497396146,1024003410.6932945
20233,11470620,신정1동,CS300007,육류판매,HL,상권축소,15.626266648244734,937590678.4558815,173749640.5589783,51.97776192433717,48.0,325416672.59596425,553818482.0318396,1.2726548863038654,1.5891859881914852,107.29418567691927,4466969344.341289,175767636.43331206,1140171956.375214,112.97090714817676,931252659.9306728
20234,11470620,신정1동,CS300007,육류판매,HL,상권축소,14.83705695374209,973079804.2094518,186898105.33079132,52.69131572027656,48.0,397498133.6411343,564776168.8899586,1.4385201860363934,0.6289917700967128,109.6266244972278,4630298186.694918,200358061.5995989,1216216983.145616,114.53780896691005,1124693773.2607443
20241,11470620,신정1동,CS300007,육류판매,HL,상권축소,15.02792027339263,1007207643.9912503,196660813.21345505,52.76576021139123,49.00000104341639,388775106.2439587,639752597.0656676,1.302213983757385,0.992198708384862,112.22258744583144,4820866773.471922,203983349.46366552,1300779003.4391067,115.26944564090822,1151693365.0477545
20242,11470620,신정1동,CS300007,육류판매,HL,상권축소,14.417854980784004,1000369249.2486516,185520028.648751,52.83624740966744,49.00000104341639,406078723.5404967,621138713.628192,2.032971917127134,0.7727160794728937,114.50829223046213,4925054018.018605,204395334.89216164,1349710053.007386,116.42200026367902,1076066113.9319024
20243,11470620,신정1동,CS300007,육류판매,HL,상권축소,15.136994863042517,936561535.3164171,187099506.9159016,52.81923223653176,49.00000104341639,335225521.63707304,623475712.3439269,1.5560749688189135,1.7138741548345695,116.72298717047481,4714067574.956878,199022368.01755938,1283971351.0600955,117.7843497396146,1024003410.6932945
20233,11470620,신정1동,CS300008,수산물판매,HL,상권축소,5.7368153321917505,937590678.4558815,173749640.5589783,51.97776192433717,48.0,325416672.59596425,553818482.0318396,0.34655136306439627,0.18247660836353008,107.29418567691927,4466969344.341289,175767636.43331206,1140171956.375214,112.97090714817676,931252659.9306728
20234,11470620,신정1동,CS300008,수산물판매,HL,상권축소,5.625360040677356,973079804.2094518,186898105.33079132,52.69131572027656,48.0,397498133.6411343,564776168.8899586,0.425426748764531,0.3635811439359155,109.6266244972278,4630298186.694918,200358061.5995989,1216216983.145616,114.53780896691005,1124693773.2607443
20241,11470620,신정1동,CS300008,수산물판매,HL,상권축소,4.918215582220896,1007207643.9912503,196660813.21345505,52.76576021139123,49.00000104341639,388775106.2439587,639752597.0656676,1.230571550189495,0.0034142968783000827,112.22258744583144,4820866773.471922,203983349.46366552,1300779003.4391067,115.26944564090822,1151693365.0477545
20242,11470620,신정1동,CS300008,수산물판매,HL,상권축소,4.796692428862113,1000369249.2486516,185520028.648751,52.83624740966744,49.00000104341639,406078723.5404967,621138713.628192,0.3814412181677873,0.002466221698977587,114.50829223046213,4925054018.018605,204395334.89216164,1349710053.007386,116.42200026367902,1076066113.9319024
20243,11470620,신정1동,CS300008,수산물판매,HL,상권축소,5.271487598586378,936561535.3164171,187099506.9159016,52.81923223653176,49.00000104341639,335225521.63707304,623475712.3439269,0.43876922376422756,0.2260076096227597,116.72298717047481,4714067574.956878,199022368.01755938,1283971351.0600955,117.7843497396146,1024003410.6932945
20233,11470620,신정1동,CS300011,일반의류,HL,상권축소,38.360535330741186,937590678.4558815,173749640.5589783,51.97776192433717,48.0,325416672.59596425,553818482.0318396,-0.13902036711111454,2.020578199179829,107.29418567691927,4466969344.341289,175767636.43331206,1140171956.375214,112.97090714817676,931252659.9306728
20234,11470620,신정1동,CS300011,일반의류,HL,상권축소,37.77313878905779,973079804.2094518,186898105.33079132,52.69131572027656,48.0,397498133.6411343,564776168.8899586,0.578709280965982,2.8822895627951466,109.6266244972278,4630298186.694918,200358061.5995989,1216216983.145616,114.53780896691005,1124693773.2607443
20241,11470620,신정1동,CS300011,일반의류,HL,상권축소,38.00855854765304,1007207643.9912503,196660813.21345505,52.76576021139123,49.00000104341639,388775106.2439587,639752597.0656676,-0.5568278766545509,1.9712894720616454,112.22258744583144,4820866773.471922,203983349.46366552,1300779003.4391067,115.26944564090822,1151693365.0477545
20242,11470620,신정1동,CS300011,일반의류,HL,상권축소,37.53274741480208,1000369249.2486516,185520028.648751,52.83624740966744,49.00000104341639,406078723.5404967,621138713.628192,-0.34881949442353416,1.5189404296801037,114.50829223046213,4925054018.018605,204395334.89216164,1349710053.007386,116.42200026367902,1076066113.9319024
20243,11470620,신정1동,CS300011,일반의류,HL,상권축소,36.700469868182296,936561535.3164171,187099506.9159016,52.81923223653176,49.00000104341639,335225521.63707304,623475712.3439269,1.420610694814387,2.6346447245840556,116.72298717047481,4714067574.956878,199022368.01755938,1283971351.0600955,117.7843497396146,1024003410.6932945
20233,11470620,신정1동,CS300016,안경,HL,상권축소,5.999999999999997,937590678.4558815,173749640.5589783,51.97776192433717,48.0,325416672.59596425,553818482.0318396,0.0,0.0,107.29418567691927,4466969344.341289,175767636.43331206,1140171956.375214,112.97090714817676,931252659.9306728
20234,11470620,신정1동,CS300016,안경,HL,상권축소,5.999999999999999,973079804.2094518,186898105.33079132,52.69131572027656,48.0,397498133.6411343,564776168.8899586,0.0,0.0,109.6266244972278,4630298186.694918,200358061.5995989,1216216983.145616,114.53780896691005,1124693773.2607443
20241,11470620,신정1동,CS300016,안경,HL,상권축소,5.999999999999996,1007207643.9912503,196660813.21345505,52.76576021139123,49.00000104341639,388775106.2439587,639752597.0656676,0.0,0.0,112.22258744583144,4820866773.471922,203983349.46366552,1300779003.4391067,115.26944564090822,1151693365.0477545
20242,11470620,신정1동,CS300016,안경,HL,상권축소,5.999999999999998,1000369249.2486516,185520028.648751,52.83624740966744,49.00000104341639,406078723.5404967,621138713.628192,0.0,0.0,114.50829223046213,4925054018.018605,204395334.89216164,1349710053.007386,116.42200026367902,1076066113.9319024
20243,11470620,신정1동,CS300016,안경,HL,상권축소,5.999999999999996,936561535.3164171,187099506.9159016,52.81923223653176,49.00000104341639,335225521.63707304,623475712.3439269,0.0,0.0,116.72298717047481,4714067574.956878,199022368.01755938,1283971351.0600955,117.7843497396146,1024003410.6932945
20233,11470620,신정1동,CS300021,문구,HL,상권축소,8.288687079065422,937590678.4558815,173749640.5589783,51.97776192433717,48.0,325416672.59596425,553818482.0318396,0.0,0.08244918827021426,107.29418567691927,4466969344.341289,175767636.43331206,1140171956.375214,112.97090714817676,931252659.9306728
20234,11470620,신정1동,CS300021,문구,HL,상권축소,8.257048896912634,973079804.2094518,186898105.33079132,52.69131572027656,48.0,397498133.6411343,564776168.8899586,0.0,-0.05249501476333787,109.6266244972278,4630298186.694918,200358061.5995989,1216216983.145616,114.53780896691005,1124693773.2607443
20241,11470620,신정1동,CS300021,문구,HL,상권축소,8.495965517360245,1007207643.9912503,196660813.21345505,52.76576021139123,49.00000104341639,388775106.2439587,639752597.0656676,0.0,0.10623127587538017,112.22258744583144,4820866773.471922,203983349.46366552,1300779003.4391067,115.26944564090822,1151693365.0477545
20242,11470620,신정1동,CS300021,문구,HL,상권축소,8.482558872800753,1000369249.2486516,185520028.648751,52.83624740966744,49.00000104341639,406078723.5404967,621138713.628192,0.0,-0.07719265740589487,114.50829223046213,4925054018.018605,204395334.89216164,1349710053.007386,116.42200026367902,1076066113.9319024
20243,11470620,신정1동,CS300021,문구,HL,상권축소,8.72987556138831,936561535.3164171,187099506.9159016,52.81923223653176,49.00000104341639,335225521.63707304,623475712.3439269,0.0,0.11427341505756852,116.72298717047481,4714067574.956878,199022368.01755938,1283971351.0600955,117.7843497396146,1024003410.6932945
20233,11470620,신정1동,CS300022,화장품,HL,상권축소,19.69935618166811,937590678.4558815,173749640.5589783,51.97776192433717,48.0,325416672.59596425,553818482.0318396,-0.019371873859818534,1.8029469625606456,107.29418567691927,4466969344.341289,175767636.43331206,1140171956.375214,112.97090714817676,931252659.9306728
20234,11470620,신정1동,CS300022,화장품,HL,상권축소,18.879075475337004,973079804.2094518,186898105.33079132,52.69131572027656,48.0,397498133.6411343,564776168.8899586,-0.030549477140102366,1.1861057396923447,109.6266244972278,4630298186.694918,200358061.5995989,1216216983.145616,114.53780896691005,1124693773.2607443
20241,11470620,신정1동,CS300022,화장품,HL,상권축소,19.027959836594814,1007207643.9912503,196660813.21345505,52.76576021139123,49.00000104341639,388775106.2439587,639752597.0656676,-1.4042210158410575,1.5024024526107649,112.22258744583144,4820866773.471922,203983349.46366552,1300779003.4391067,115.26944564090822,1151693365.0477545
20242,11470620,신정1동,CS300022,화장품,HL,상권축소,18.340112208934382,1000369249.2486516,185520028.648751,52.83624740966744,49.00000104341639,406078723.5404967,621138713.628192,0.14849939284196978,1.8563929920635296,114.50829223046213,4925054018.018605,204395334.89216164,1349710053.007386,116.42200026367902,1076066113.9319024
20243,11470620,신정1동,CS300022,화장품,HL,상권축소,20.927288088955205,936561535.3164171,187099506.9159016,52.81923223653176,49.00000104341639,335225521.63707304,623475712.3439269,-0.7522385339456741,2.851399473007451,116.72298717047481,4714067574.956878,199022368.01755938,1283971351.0600955,117.7843497396146,1024003410.6932945
20233,11470620,신정1동,CS300024,운동/경기용품,HL,상권축소,5.417453927184538,937590678.4558815,173749640.5589783,51.97776192433717,48.0,325416672.59596425,553818482.0318396,0.0206777216485432,0.5058005035100754,107.29418567691927,4466969344.341289,175767636.43331206,1140171956.375214,112.97090714817676,931252659.9306728
20234,11470620,신정1동,CS300024,운동/경기용품,HL,상권축소,5.437005068823683,973079804.2094518,186898105.33079132,52.69131572027656,48.0,397498133.6411343,564776168.8899586,-0.0588967419720397,0.23842801559450905,109.6266244972278,4630298186.694918,200358061.5995989,1216216983.145616,114.53780896691005,1124693773.2607443
20241,11470620,신정1동,CS300024,운동/경기용품,HL,상권축소,4.932855719767781,1007207643.9912503,196660813.21345505,52.76576021139123,49.00000104341639,388775106.2439587,639752597.0656676,0.22548041102441013,0.2384205735282732,112.22258744583144,4820866773.471922,203983349.46366552,1300779003.4391067,115.26944564090822,1151693365.0477545
20242,11470620,신정1동,CS300024,운동/경기용품,HL,상권축소,4.708525038147162,1000369249.2486516,185520028.648751,52.83624740966744,49.00000104341639,406078723.5404967,621138713.628192,0.08920664049125004,0.2897681325771475,114.50829223046213,4925054018.018605,204395334.89216164,1349710053.007386,116.42200026367902,1076066113.9319024
20243,11470620,신정1동,CS300024,운동/경기용품,HL,상권축소,4.973894665476205,936561535.3164171,187099506.9159016,52.81923223653176,49.00000104341639,335225521.63707304,623475712.3439269,-0.03708846153604026,0.5099450233482904,116.72298717047481,4714067574.956878,199022368.01755938,1283971351.0600955,117.7843497396146,1024003410.6932945
20233,11470620,신정1동,CS300032,가전제품,HL,상권축소,7.000000000656822,937590678.4558815,173749640.5589783,51.97776192433717,48.0,325416672.59596425,553818482.0318396,0.0,-0.06611013816406489,107.29418567691927,4466969344.341289,175767636.43331206,1140171956.375214,112.97090714817676,931252659.9306728
20234,11470620,신정1동,CS300032,가전제품,HL,상권축소,7.000000000656825,973079804.2094518,186898105.33079132,52.69131572027656,48.0,397498133.6411343,564776168.8899586,0.0,-0.06656111285931066,109.6266244972278,4630298186.694918,200358061.5995989,1216216983.145616,114.53780896691005,1124693773.2607443
20241,11470620,신정1동,CS300032,가전제품,HL,상권축소,7.000000000656828,1007207643.9912503,196660813.21345505,52.76576021139123,49.00000104341639,388775106.2439587,639752597.0656676,0.0,-0.06632660880179224,112.22258744583144,4820866773.471922,203983349.46366552,1300779003.4391067,115.26944564090822,1151693365.0477545
20242,11470620,신정1동,CS300032,가전제품,HL,상권축소,5.999986897247597,1000369249.2486516,185520028.648751,52.83624740966744,49.00000104341639,406078723.5404967,621138713.628192,0.0,0.16033933697502145,114.50829223046213,4925054018.018605,204395334.89216164,1349710053.007386,116.42200026367902,1076066113.9319024
20243,11470620,신정1동,CS300032,가전제품,HL,상권축소,5.999986897904422,936561535.3164171,187099506.9159016,52.81923223653176,49.00000104341639,335225521.63707304,623475712.3439269,0.0,-0.07397188559860564,116.72298717047481,4714067574.956878,199022368.01755938,1283971351.0600955,117.7843497396146,1024003410.6932945
20233,11470620,신정1동,CS300036,조명용품,HL,상권축소,6.844866514175316,937590678.4558815,173749640.5589783,51.97776192433717,48.0,325416672.59596425,553818482.0318396,-0.07211056589568139,0.10247369548926422,107.29418567691927,4466969344.341289,175767636.43331206,1140171956.375214,112.97090714817676,931252659.9306728
20234,11470620,신정1동,CS300036,조명용품,HL,상권축소,6.9436141375120295,973079804.2094518,186898105.33079132,52.69131572027656,48.0,397498133.6411343,564776168.8899586,-0.07081661564714843,0.11739201311028402,109.6266244972278,4630298186.694918,200358061.5995989,1216216983.145616,114.53780896691005,1124693773.2607443
20241,11470620,신정1동,CS300036,조명용품,HL,상권축소,6.879697407953793,1007207643.9912503,196660813.21345505,52.76576021139123,49.00000104341639,388775106.2439587,639752597.0656676,-0.07055269350168529,0.11758225999243821,112.22258744583144,4820866773.471922,203983349.46366552,1300779003.4391067,115.26944564090822,1151693365.0477545
20242,11470620,신정1동,CS300036,조명용품,HL,상권축소,7.257641659528545,1000369249.2486516,185520028.648751,52.83624740966744,49.00000104341639,406078723.5404967,621138713.628192,-0.07083948156077859,0.3683188903383683,114.50829223046213,4925054018.018605,204395334.89216164,1349710053.007386,116.42200026367902,1076066113.9319024
20243,11470620,신정1동,CS300036,조명용품,HL,상권축소,7.132459024342139,936561535.3164171,187099506.9159016,52.81923223653176,49.00000104341639,335225521.63707304,623475712.3439269,-0.14030807254145652,0.12098407404033262,116.72298717047481,4714067574.956878,199022368.01755938,1283971351.0600955,117.7843497396146,1024003410.6932945
20233,11470620,신정1동,CS300043,전자상거래업,HL,상권축소,72.08678657084882,937590678.4558815,173749640.5589783,51.97776192433717,48.0,325416672.59596425,553818482.0318396,1.9234815168872346,0.4218315459394383,107.29418567691927,4466969344.341289,175767636.43331206,1140171956.375214,112.97090714817676,931252659.9306728
20234,11470620,신정1동,CS300043,전자상거래업,HL,상권축소,73.89066252565901,973079804.2094518,186898105.33079132,52.69131572027656,48.0,397498133.6411343,564776168.8899586,1.4128988333813557,0.2685646696038546,109.6266244972278,4630298186.694918,200358061.5995989,1216216983.145616,114.53780896691005,1124693773.2607443
20241,11470620,신정1동,CS300043,전자상거래업,HL,상권축소,73.65771829961545,1007207643.9912503,196660813.21345505,52.76576021139123,49.00000104341639,388775106.2439587,639752597.0656676,2.920865861634144,-1.8589919727325124,112.22258744583144,4820866773.471922,203983349.46366552,1300779003.4391067,115.26944564090822,1151693365.0477545
20242,11470620,신정1동,CS300043,전자상거래업,HL,상권축소,75.46954362832975,1000369249.2486516,185520028.648751,52.83624740966744,49.00000104341639,406078723.5404967,621138713.628192,4.226603027115141,-0.06586845599128477,114.50829223046213,4925054018.018605,204395334.89216164,1349710053.007386,116.42200026367902,1076066113.9319024
20243,11470620,신정1동,CS300043,전자상거래업,HL,상권축소,78.06789581278149,936561535.3164171,187099506.9159016,52.81923223653176,49.00000104341639,335225521.63707304,623475712.3439269,2.846513992581299,-0.4638402749256947,116.72298717047481,4714067574.956878,199022368.01755938,1283971351.0600955,117.7843497396146,1024003410.6932945
