STDR_YYQU_CD,ADSTRD_CD,ADSTRD_CD_NM,SVC_INDUTY_CD,SVC_INDUTY_CD_NM,TRDAR_CHNGE_IX,TRDAR_CHNGE_IX_NM,SIMILR_INDUTY_STOR_CO,SU_CLS_SALE_MT_AVRG,FD_EXPNDTR_TOTAMT,MCP_EXPNDTR_TOTAMT,EDC_EXPNDTR_TOTAMT,CLTHS_FTWR_EXPNDTR_TOTAMT,APT_HSHLD_CO,MT_AVRG_INCOME_AMT,NON_APT_HSHLD_CO,EXPNDTR_TOTAMT,ETC_EXPNDTR_TOTAMT,OPBIZ_STOR_CO,LSR_CLTUR_EXPNDTR_TOTAMT,TMZON_11_14_FLPOP_CO,LVSPL_EXPNDTR_TOTAMT
20233,11500611,발산1동,CS100001,한식음식점,LL,다이나믹,206.79581405369595,51.97776192433717,3544138164.2655253,9096137611.782024,1444905309.8613815,136254753.88909757,-6.001039615427002e-14,3192517.0,14581.52759934569,24502481758.506763,834993881.6662388,10.004370258179256,-2210019210.0768166,707519.8450532982,201576651.56579167
20234,11500611,발산1동,CS100001,한식음식점,LL,다이나믹,209.1349737650089,52.69131572027656,3329838621.4555445,9470332310.944643,1524948198.8734713,117694160.98141609,9.550012735276164e-15,3192517.0,14990.230029670085,27254440027.821163,887569484.6800762,10.670214745491254,1041295343.4576306,726408.4857818901,207801628.13130853
20241,11500611,발산1동,CS100001,한식음식점,LL,다이나믹,219.89693436870638,52.76576021139123,3570685970.2063375,9838791557.740498,1519521334.483446,136484272.7606231,9.550211197302581e-15,3192517.0,15190.20723073941,30514314695.49271,949349039.2415303,16.573826499081648,1353739444.1205623,746513.4693370261,179935399.6692267
20242,11500611,발산1동,CS100001,한식음식점,LL,다이나믹,215.03101814540838,52.83624740966744,3525927629.00736,10056926097.156767,1591807995.1337514,115722815.6346521,9.550211196160506e-15,3192517.0,15190.207231327055,29153290130.916176,951353284.6283964,8.174015812783361,1140068118.2797904,721168.3437756479,180969789.48664123
20243,11500611,발산1동,CS100001,한식음식점,LL,다이나믹,212.82826017392915,52.81923223653176,3842160617.777744,10401213063.081387,1459200258.4253423,142975422.59065962,-5.046023926643826e-14,3192517.0,16507.15528606504,27653591764.849197,975865518.1172228,11.67847130660933,-3316000899.6084447,774495.8501516692,217949703.28536817
20233,11500611,발산1동,CS100002,중식음식점,LL,다이나믹,34.59461153482705,51.97776192433717,3544138164.2655253,9096137611.782024,1444905309.8613815,136254753.88909757,-6.001039615427002e-14,3192517.0,14581.52759934569,24502481758.506763,834993881.6662388,5.548785341351056,-2210019210.0768166,707519.8450532982,201576651.56579167
20234,11500611,발산1동,CS100002,중식음식점,LL,다이나믹,34.36788671704653,52.69131572027656,3329838621.4555445,9470332310.944643,1524948198.8734713,117694160.98141609,9.550012735276164e-15,3192517.0,14990.230029670085,27254440027.821163,887569484.6800762,0.47277353258314214,1041295343.4576306,726408.4857818901,207801628.13130853
20241,11500611,발산1동,CS100002,중식음식점,LL,다이나믹,36.75279724392739,52.76576021139123,3570685970.2063375,9838791557.740498,1519521334.483446,136484272.7606231,9.550211197302581e-15,3192517.0,15190.20723073941,30514314695.49271,949349039.2415303,4.903347589106465,1353739444.1205623,746513.4693370261,179935399.6692267
20242,11500611,발산1동,CS100002,중식음식점,LL,다이나믹,39.14142034907819,52.83624740966744,3525927629.00736,10056926097.156767,1591807995.1337514,115722815.6346521,9.550211196160506e-15,3192517.0,15190.207231327055,29153290130.916176,951353284.6283964,4.419729424011848,1140068118.2797904,721168.3437756479,180969789.48664123
20243,11500611,발산1동,CS100002,중식음식점,LL,다이나믹,43.06570164540293,52.81923223653176,3842160617.777744,10401213063.081387,1459200258.4253423,142975422.59065962,-5.046023926643826e-14,3192517.0,16507.15528606504,27653591764.849197,975865518.1172228,5.642067544547391,-3316000899.6084447,774495.8501516692,217949703.28536817
20233,11500611,발산1동,CS100003,일식음식점,LL,다이나믹,40.538496245527845,51.97776192433717,3544138164.2655253,9096137611.782024,1444905309.8613815,136254753.88909757,-6.001039615427002e-14,3192517.0,14581.52759934569,24502481758.506763,834993881.6662388,2.665534573306937,-2210019210.0768166,707519.8450532982,201576651.56579167
20234,11500611,발산1동,CS100003,일식음식점,LL,다이나믹,42.34365161816321,52.69131572027656,3329838621.4555445,9470332310.944643,1524948198.8734713,117694160.98141609,9.550012735276164e-15,3192517.0,14990.230029670085,27254440027.821163,887569484.6800762,4.042701318333682,1041295343.4576306,726408.4857818901,207801628.13130853
20241,11500611,발산1동,CS100003,일식음식점,LL,다이나믹,43.76712802743332,52.76576021139123,3570685970.2063375,9838791557.740498,1519521334.483446,136484272.7606231,9.550211197302581e-15,3192517.0,15190.20723073941,30514314695.49271,949349039.2415303,3.8393508109251746,1353739444.1205623,746513.4693370261,179935399.6692267
20242,11500611,발산1동,CS100003,일식음식점,LL,다이나믹,44.579737295979676,52.83624740966744,3525927629.00736,10056926097.156767,1591807995.1337514,115722815.6346521,9.550211196160506e-15,3192517.0,15190.207231327055,29153290130.916176,951353284.6283964,3.516126606400377,1140068118.2797904,721168.3437756479,180969789.48664123
20243,11500611,발산1동,CS100003,일식음식점,LL,다이나믹,45.112879738408395,52.81923223653176,3842160617.777744,10401213063.081387,1459200258.4253423,142975422.59065962,-5.046023926643826e-14,3192517.0,16507.15528606504,27653591764.849197,975865518.1172228,2.678091778800247,-3316000899.6084447,774495.8501516692,217949703.28536817
20233,11500611,발산1동,CS100004,양식음식점,LL,다이나믹,23.86061455374607,51.97776192433717,3544138164.2655253,9096137611.782024,1444905309.8613815,136254753.88909757,-6.001039615427002e-14,3192517.0,14581.52759934569,24502481758.506763,834993881.6662388,0.7492589021361368,-2210019210.0768166,707519.8450532982,201576651.56579167
20234,11500611,발산1동,CS100004,양식음식점,LL,다이나믹,23.72975548639871,52.69131572027656,3329838621.4555445,9470332310.944643,1524948198.8734713,117694160.98141609,9.550012735276164e-15,3192517.0,14990.230029670085,27254440027.821163,887569484.6800762,-0.2363645390032253,1041295343.4576306,726408.4857818901,207801628.13130853
20241,11500611,발산1동,CS100004,양식음식점,LL,다이나믹,23.175248271514782,52.76576021139123,3570685970.2063375,9838791557.740498,1519521334.483446,136484272.7606231,9.550211197302581e-15,3192517.0,15190.20723073941,30514314695.49271,949349039.2415303,-0.07687244901164947,1353739444.1205623,746513.4693370261,179935399.6692267
20242,11500611,발산1동,CS100004,양식음식점,LL,다이나믹,23.177246338785295,52.83624740966744,3525927629.00736,10056926097.156767,1591807995.1337514,115722815.6346521,9.550211196160506e-15,3192517.0,15190.207231327055,29153290130.916176,951353284.6283964,0.9546574489739051,1140068118.2797904,721168.3437756479,180969789.48664123
20243,11500611,발산1동,CS100004,양식음식점,LL,다이나믹,25.59500030605701,52.81923223653176,3842160617.777744,10401213063.081387,1459200258.4253423,142975422.59065962,-5.046023926643826e-14,3192517.0,16507.15528606504,27653591764.849197,975865518.1172228,0.7748619248990322,-3316000899.6084447,774495.8501516692,217949703.28536817
20233,11500611,발산1동,CS100005,제과점,LL,다이나믹,39.82484430724025,51.97776192433717,3544138164.2655253,9096137611.782024,1444905309.8613815,136254753.88909757,-6.001039615427002e-14,3192517.0,14581.52759934569,24502481758.506763,834993881.6662388,1.3777703385241518,-2210019210.0768166,707519.8450532982,201576651.56579167
20234,11500611,발산1동,CS100005,제과점,LL,다이나믹,42.19126024056959,52.69131572027656,3329838621.4555445,9470332310.944643,1524948198.8734713,117694160.98141609,9.550012735276164e-15,3192517.0,14990.230029670085,27254440027.821163,887569484.6800762,0.8420365444046535,1041295343.4576306,726408.4857818901,207801628.13130853
20241,11500611,발산1동,CS100005,제과점,LL,다이나믹,44.26218740347954,52.76576021139123,3570685970.2063375,9838791557.740498,1519521334.483446,136484272.7606231,9.550211197302581e-15,3192517.0,15190.20723073941,30514314695.49271,949349039.2415303,0.7961785948660044,1353739444.1205623,746513.4693370261,179935399.6692267
20242,11500611,발산1동,CS100005,제과점,LL,다이나믹,44.07208538158411,52.83624740966744,3525927629.00736,10056926097.156767,1591807995.1337514,115722815.6346521,9.550211196160506e-15,3192517.0,15190.207231327055,29153290130.916176,951353284.6283964,0.29369730256429094,1140068118.2797904,721168.3437756479,180969789.48664123
20243,11500611,발산1동,CS100005,제과점,LL,다이나믹,44.77852054396405,52.81923223653176,3842160617.777744,10401213063.081387,1459200258.4253423,142975422.59065962,-5.046023926643826e-14,3192517.0,16507.15528606504,27653591764.849197,975865518.1172228,0.21578894474728516,-3316000899.6084447,774495.8501516692,217949703.28536817
20233,11500611,발산1동,CS100006,패스트푸드점,LL,다이나믹,31.89564477185558,51.97776192433717,3544138164.2655253,9096137611.782024,1444905309.8613815,136254753.88909757,-6.001039615427002e-14,3192517.0,14581.52759934569,24502481758.506763,834993881.6662388,0.7012620742902921,-2210019210.0768166,707519.8450532982,201576651.56579167
20234,11500611,발산1동,CS100006,패스트푸드점,LL,다이나믹,30.143547447195893,52.69131572027656,3329838621.4555445,9470332310.944643,1524948198.8734713,117694160.98141609,9.550012735276164e-15,3192517.0,14990.230029670085,27254440027.821163,887569484.6800762,1.6862971345924354,1041295343.4576306,726408.4857818901,207801628.13130853
20241,11500611,발산1동,CS100006,패스트푸드점,LL,다이나믹,29.061358163992196,52.76576021139123,3570685970.2063375,9838791557.740498,1519521334.483446,136484272.7606231,9.550211197302581e-15,3192517.0,15190.20723073941,30514314695.49271,949349039.2415303,1.3165967526318225,1353739444.1205623,746513.4693370261,179935399.6692267
20242,11500611,발산1동,CS100006,패스트푸드점,LL,다이나믹,27.67973724537141,52.83624740966744,3525927629.00736,10056926097.156767,1591807995.1337514,115722815.6346521,9.550211196160506e-15,3192517.0,15190.207231327055,29153290130.916176,951353284.6283964,1.3310812837703532,1140068118.2797904,721168.3437756479,180969789.48664123
20243,11500611,발산1동,CS100006,패스트푸드점,LL,다이나믹,25.62623636980823,52.81923223653176,3842160617.777744,10401213063.081387,1459200258.4253423,142975422.59065962,-5.046023926643826e-14,3192517.0,16507.15528606504,27653591764.849197,975865518.1172228,1.0663200783849278,-3316000899.6084447,774495.8501516692,217949703.28536817
20233,11500611,발산1동,CS100007,치킨전문점,LL,다이나믹,22.482772584727115,51.97776192433717,3544138164.2655253,9096137611.782024,1444905309.8613815,136254753.88909757,-6.001039615427002e-14,3192517.0,14581.52759934569,24502481758.506763,834993881.6662388,-1.150003802926014,-2210019210.0768166,707519.8450532982,201576651.56579167
20234,11500611,발산1동,CS100007,치킨전문점,LL,다이나믹,22.26308742724301,52.69131572027656,3329838621.4555445,9470332310.944643,1524948198.8734713,117694160.98141609,9.550012735276164e-15,3192517.0,14990.230029670085,27254440027.821163,887569484.6800762,-1.1907474589756697,1041295343.4576306,726408.4857818901,207801628.13130853
20241,11500611,발산1동,CS100007,치킨전문점,LL,다이나믹,24.53592930020838,52.76576021139123,3570685970.2063375,9838791557.740498,1519521334.483446,136484272.7606231,9.550211197302581e-15,3192517.0,15190.20723073941,30514314695.49271,949349039.2415303,1.4622702173561728,1353739444.1205623,746513.4693370261,179935399.6692267
20242,11500611,발산1동,CS100007,치킨전문점,LL,다이나믹,23.508137199762757,52.83624740966744,3525927629.00736,10056926097.156767,1591807995.1337514,115722815.6346521,9.550211196160506e-15,3192517.0,15190.207231327055,29153290130.916176,951353284.6283964,0.009280844769319785,1140068118.2797904,721168.3437756479,180969789.48664123
20243,11500611,발산1동,CS100007,치킨전문점,LL,다이나믹,22.58158268812452,52.81923223653176,3842160617.777744,10401213063.081387,1459200258.4253423,142975422.59065962,-5.046023926643826e-14,3192517.0,16507.15528606504,27653591764.849197,975865518.1172228,-0.5768601679828621,-3316000899.6084447,774495.8501516692,217949703.28536817
20233,11500611,발산1동,CS100008,분식전문점,LL,다이나믹,79.9084420578942,51.97776192433717,3544138164.2655253,9096137611.782024,1444905309.8613815,136254753.88909757,-6.001039615427002e-14,3192517.0,14581.52759934569,24502481758.506763,834993881.6662388,5.806230588145768,-2210019210.0768166,707519.8450532982,201576651.56579167
20234,11500611,발산1동,CS100008,분식전문점,LL,다이나믹,82.0317224758648,52.69131572027656,3329838621.4555445,9470332310.944643,1524948198.8734713,117694160.98141609,9.550012735276164e-15,3192517.0,14990.230029670085,27254440027.821163,887569484.6800762,5.389581145546325,1041295343.4576306,726408.4857818901,207801628.13130853
20241,11500611,발산1동,CS100008,분식전문점,LL,다이나믹,84.25698400316269,52.76576021139123,3570685970.2063375,9838791557.740498,1519521334.483446,136484272.7606231,9.550211197302581e-15,3192517.0,15190.20723073941,30514314695.49271,949349039.2415303,9.51800264680245,1353739444.1205623,746513.4693370261,179935399.6692267
20242,11500611,발산1동,CS100008,분식전문점,LL,다이나믹,88.25201916768664,52.83624740966744,3525927629.00736,10056926097.156767,1591807995.1337514,115722815.6346521,9.550211196160506e-15,3192517.0,15190.207231327055,29153290130.916176,951353284.6283964,6.275928336027228,1140068118.2797904,721168.3437756479,180969789.48664123
20243,11500611,발산1동,CS100008,분식전문점,LL,다이나믹,86.8239447521501,52.81923223653176,3842160617.777744,10401213063.081387,1459200258.4253423,142975422.59065962,-5.046023926643826e-14,3192517.0,16507.15528606504,27653591764.849197,975865518.1172228,6.82858261541126,-3316000899.6084447,774495.8501516692,217949703.28536817
20233,11500611,발산1동,CS100009,호프-간이주점,LL,다이나믹,13.673229763983207,51.97776192433717,3544138164.2655253,9096137611.782024,1444905309.8613815,136254753.88909757,-6.001039615427002e-14,3192517.0,14581.52759934569,24502481758.506763,834993881.6662388,0.5280526733250988,-2210019210.0768166,707519.8450532982,201576651.56579167
20234,11500611,발산1동,CS100009,호프-간이주점,LL,다이나믹,13.550127290559294,52.69131572027656,3329838621.4555445,9470332310.944643,1524948198.8734713,117694160.98141609,9.550012735276164e-15,3192517.0,14990.230029670085,27254440027.821163,887569484.6800762,0.10531703331188502,1041295343.4576306,726408.4857818901,207801628.13130853
20241,11500611,발산1동,CS100009,호프-간이주점,LL,다이나믹,13.595930918019924,52.76576021139123,3570685970.2063375,9838791557.740498,1519521334.483446,136484272.7606231,9.550211197302581e-15,3192517.0,15190.20723073941,30514314695.49271,949349039.2415303,0.8098563186134903,1353739444.1205623,746513.4693370261,179935399.6692267
20242,11500611,발산1동,CS100009,호프-간이주점,LL,다이나믹,13.270394577618475,52.83624740966744,3525927629.00736,10056926097.156767,1591807995.1337514,115722815.6346521,9.550211196160506e-15,3192517.0,15190.207231327055,29153290130.916176,951353284.6283964,-0.18934196528695707,1140068118.2797904,721168.3437756479,180969789.48664123
20243,11500611,발산1동,CS100009,호프-간이주점,LL,다이나믹,14.019009491392087,52.81923223653176,3842160617.777744,10401213063.081387,1459200258.4253423,142975422.59065962,-5.046023926643826e-14,3192517.0,16507.15528606504,27653591764.849197,975865518.1172228,0.2877552179270132,-3316000899.6084447,774495.8501516692,217949703.28536817
20233,11500611,발산1동,CS100010,커피-음료,LL,다이나믹,132.9331740545702,51.97776192433717,3544138164.2655253,9096137611.782024,1444905309.8613815,136254753.88909757,-6.001039615427002e-14,3192517.0,14581.52759934569,24502481758.506763,834993881.6662388,5.833592990103869,-2210019210.0768166,707519.8450532982,201576651.56579167
20234,11500611,발산1동,CS100010,커피-음료,LL,다이나믹,131.8834900187935,52.69131572027656,3329838621.4555445,9470332310.944643,1524948198.8734713,117694160.98141609,9.550012735276164e-15,3192517.0,14990.230029670085,27254440027.821163,887569484.6800762,5.6968306206792585,1041295343.4576306,726408.4857818901,207801628.13130853
20241,11500611,발산1동,CS100010,커피-음료,LL,다이나믹,138.17101707559095,52.76576021139123,3570685970.2063375,9838791557.740498,1519521334.483446,136484272.7606231,9.550211197302581e-15,3192517.0,15190.20723073941,30514314695.49271,949349039.2415303,13.34456637326748,1353739444.1205623,746513.4693370261,179935399.6692267
20242,11500611,발산1동,CS100010,커피-음료,LL,다이나믹,138.40786975740681,52.83624740966744,3525927629.00736,10056926097.156767,1591807995.1337514,115722815.6346521,9.550211196160506e-15,3192517.0,15190.207231327055,29153290130.916176,951353284.6283964,7.571817801163937,1140068118.2797904,721168.3437756479,180969789.48664123
20243,11500611,발산1동,CS100010,커피-음료,LL,다이나믹,140.94224749849326,52.81923223653176,3842160617.777744,10401213063.081387,1459200258.4253423,142975422.59065962,-5.046023926643826e-14,3192517.0,16507.15528606504,27653591764.849197,975865518.1172228,5.542604975824436,-3316000899.6084447,774495.8501516692,217949703.28536817
20233,11500611,발산1동,CS200001,일반교습학원,LL,다이나믹,140.4165448804767,51.97776192433717,3544138164.2655253,9096137611.782024,1444905309.8613815,136254753.88909757,-6.001039615427002e-14,3192517.0,14581.52759934569,24502481758.506763,834993881.6662388,2.8154614480022464,-2210019210.0768166,707519.8450532982,201576651.56579167
20234,11500611,발산1동,CS200001,일반교습학원,LL,다이나믹,140.60425410923145,52.69131572027656,3329838621.4555445,9470332310.944643,1524948198.8734713,117694160.98141609,9.550012735276164e-15,3192517.0,14990.230029670085,27254440027.821163,887569484.6800762,2.083069913300656,1041295343.4576306,726408.4857818901,207801628.13130853
20241,11500611,발산1동,CS200001,일반교습학원,LL,다이나믹,143.05630533198843,52.76576021139123,3570685970.2063375,9838791557.740498,1519521334.483446,136484272.7606231,9.550211197302581e-15,3192517.0,15190.20723073941,30514314695.49271,949349039.2415303,1.4094104216998593,1353739444.1205623,746513.4693370261,179935399.6692267
20242,11500611,발산1동,CS200001,일반교습학원,LL,다이나믹,140.88585934706234,52.83624740966744,3525927629.00736,10056926097.156767,1591807995.1337514,115722815.6346521,9.550211196160506e-15,3192517.0,15190.207231327055,29153290130.916176,951353284.6283964,1.035797705393865,1140068118.2797904,721168.3437756479,180969789.48664123
20243,11500611,발산1동,CS200001,일반교습학원,LL,다이나믹,140.06476917595785,52.81923223653176,3842160617.777744,10401213063.081387,1459200258.4253423,142975422.59065962,-5.046023926643826e-14,3192517.0,16507.15528606504,27653591764.849197,975865518.1172228,1.8984055467356853,-3316000899.6084447,774495.8501516692,217949703.28536817
20233,11500611,발산1동,CS200002,외국어학원,LL,다이나믹,92.88306791587344,51.97776192433717,3544138164.2655253,9096137611.782024,1444905309.8613815,136254753.88909757,-6.001039615427002e-14,3192517.0,14581.52759934569,24502481758.506763,834993881.6662388,8.152178129290693,-2210019210.0768166,707519.8450532982,201576651.56579167
20234,11500611,발산1동,CS200002,외국어학원,LL,다이나믹,103.60361329788246,52.69131572027656,3329838621.4555445,9470332310.944643,1524948198.8734713,117694160.98141609,9.550012735276164e-15,3192517.0,14990.230029670085,27254440027.821163,887569484.6800762,13.088194444586822,1041295343.4576306,726408.4857818901,207801628.13130853
20241,11500611,발산1동,CS200002,외국어학원,LL,다이나믹,110.70028646531725,52.76576021139123,3570685970.2063375,9838791557.740498,1519521334.483446,136484272.7606231,9.550211197302581e-15,3192517.0,15190.20723073941,30514314695.49271,949349039.2415303,6.416799797925616,1353739444.1205623,746513.4693370261,179935399.6692267
20242,11500611,발산1동,CS200002,외국어학원,LL,다이나믹,119.88656430588154,52.83624740966744,3525927629.00736,10056926097.156767,1591807995.1337514,115722815.6346521,9.550211196160506e-15,3192517.0,15190.207231327055,29153290130.916176,951353284.6283964,9.32136162526947,1140068118.2797904,721168.3437756479,180969789.48664123
20243,11500611,발산1동,CS200002,외국어학원,LL,다이나믹,130.15283894887568,52.81923223653176,3842160617.777744,10401213063.081387,1459200258.4253423,142975422.59065962,-5.046023926643826e-14,3192517.0,16507.15528606504,27653591764.849197,975865518.1172228,9.178498316691492,-3316000899.6084447,774495.8501516692,217949703.28536817
20233,11500611,발산1동,CS200003,예술학원,LL,다이나믹,67.5861850922553,51.97776192433717,3544138164.2655253,9096137611.782024,1444905309.8613815,136254753.88909757,-6.001039615427002e-14,3192517.0,14581.52759934569,24502481758.506763,834993881.6662388,1.1963579108821993,-2210019210.0768166,707519.8450532982,201576651.56579167
20234,11500611,발산1동,CS200003,예술학원,LL,다이나믹,69.11937551043366,52.69131572027656,3329838621.4555445,9470332310.944643,1524948198.8734713,117694160.98141609,9.550012735276164e-15,3192517.0,14990.230029670085,27254440027.821163,887569484.6800762,0.48229577713352234,1041295343.4576306,726408.4857818901,207801628.13130853
20241,11500611,발산1동,CS200003,예술학원,LL,다이나믹,71.36928002647991,52.76576021139123,3570685970.2063375,9838791557.740498,1519521334.483446,136484272.7606231,9.550211197302581e-15,3192517.0,15190.20723073941,30514314695.49271,949349039.2415303,2.468367627989852,1353739444.1205623,746513.4693370261,179935399.6692267
20242,11500611,발산1동,CS200003,예술학원,LL,다이나믹,73.84855855486703,52.83624740966744,3525927629.00736,10056926097.156767,1591807995.1337514,115722815.6346521,9.550211196160506e-15,3192517.0,15190.207231327055,29153290130.916176,951353284.6283964,2.2591010811597276,1140068118.2797904,721168.3437756479,180969789.48664123
20243,11500611,발산1동,CS200003,예술학원,LL,다이나믹,75.55501277427561,52.81923223653176,3842160617.777744,10401213063.081387,1459200258.4253423,142975422.59065962,-5.046023926643826e-14,3192517.0,16507.15528606504,27653591764.849197,975865518.1172228,1.2279401144199253,-3316000899.6084447,774495.8501516692,217949703.28536817
20233,11500611,발산1동,CS200016,당구장,LL,다이나믹,8.036274133916152,51.97776192433717,3544138164.2655253,9096137611.782024,1444905309.8613815,136254753.88909757,-6.001039615427002e-14,3192517.0,14581.52759934569,24502481758.506763,834993881.6662388,-0.6162966772591558,-2210019210.0768166,707519.8450532982,201576651.56579167
20234,11500611,발산1동,CS200016,당구장,LL,다이나믹,7.873983701340552,52.69131572027656,3329838621.4555445,9470332310.944643,1524948198.8734713,117694160.98141609,9.550012735276164e-15,3192517.0,14990.230029670085,27254440027.821163,887569484.6800762,-0.779393926262277,1041295343.4576306,726408.4857818901,207801628.13130853
20241,11500611,발산1동,CS200016,당구장,LL,다이나믹,7.756427709510307,52.76576021139123,3570685970.2063375,9838791557.740498,1519521334.483446,136484272.7606231,9.550211197302581e-15,3192517.0,15190.20723073941,30514314695.49271,949349039.2415303,-0.3864067938011624,1353739444.1205623,746513.4693370261,179935399.6692267
20242,11500611,발산1동,CS200016,당구장,LL,다이나믹,7.6193581353287225,52.83624740966744,3525927629.00736,10056926097.156767,1591807995.1337514,115722815.6346521,9.550211196160506e-15,3192517.0,15190.207231327055,29153290130.916176,951353284.6283964,0.34718328328273684,1140068118.2797904,721168.3437756479,180969789.48664123
20243,11500611,발산1동,CS200016,당구장,LL,다이나믹,6.733983637358654,52.81923223653176,3842160617.777744,10401213063.081387,1459200258.4253423,142975422.59065962,-5.046023926643826e-14,3192517.0,16507.15528606504,27653591764.849197,975865518.1172228,-0.7306850921935922,-3316000899.6084447,774495.8501516692,217949703.28536817
20233,11500611,발산1동,CS200017,골프연습장,LL,다이나믹,14.72753704096125,51.97776192433717,3544138164.2655253,9096137611.782024,1444905309.8613815,136254753.88909757,-6.001039615427002e-14,3192517.0,14581.52759934569,24502481758.506763,834993881.6662388,0.818322901207205,-2210019210.0768166,707519.8450532982,201576651.56579167
20234,11500611,발산1동,CS200017,골프연습장,LL,다이나믹,14.845938441040094,52.69131572027656,3329838621.4555445,9470332310.944643,1524948198.8734713,117694160.98141609,9.550012735276164e-15,3192517.0,14990.230029670085,27254440027.821163,887569484.6800762,0.04420712678206451,1041295343.4576306,726408.4857818901,207801628.13130853
20241,11500611,발산1동,CS200017,골프연습장,LL,다이나믹,15.41145778098568,52.76576021139123,3570685970.2063375,9838791557.740498,1519521334.483446,136484272.7606231,9.550211197302581e-15,3192517.0,15190.20723073941,30514314695.49271,949349039.2415303,0.8507589306284239,1353739444.1205623,746513.4693370261,179935399.6692267
20242,11500611,발산1동,CS200017,골프연습장,LL,다이나믹,16.354613456751487,52.83624740966744,3525927629.00736,10056926097.156767,1591807995.1337514,115722815.6346521,9.550211196160506e-15,3192517.0,15190.207231327055,29153290130.916176,951353284.6283964,1.123213129195087,1140068118.2797904,721168.3437756479,180969789.48664123
20243,11500611,발산1동,CS200017,골프연습장,LL,다이나믹,17.11077805015399,52.81923223653176,3842160617.777744,10401213063.081387,1459200258.4253423,142975422.59065962,-5.046023926643826e-14,3192517.0,16507.15528606504,27653591764.849197,975865518.1172228,0.8107443935959919,-3316000899.6084447,774495.8501516692,217949703.28536817
20233,11500611,발산1동,CS200019,PC방,LL,다이나믹,5.441797216602208,51.97776192433717,3544138164.2655253,9096137611.782024,1444905309.8613815,136254753.88909757,-6.001039615427002e-14,3192517.0,14581.52759934569,24502481758.506763,834993881.6662388,0.6033584628970732,-2210019210.0768166,707519.8450532982,201576651.56579167
20234,11500611,발산1동,CS200019,PC방,LL,다이나믹,5.2176439632934075,52.69131572027656,3329838621.4555445,9470332310.944643,1524948198.8734713,117694160.98141609,9.550012735276164e-15,3192517.0,14990.230029670085,27254440027.821163,887569484.6800762,0.11930645904433201,1041295343.4576306,726408.4857818901,207801628.13130853
20241,11500611,발산1동,CS200019,PC방,LL,다이나믹,5.264273190056985,52.76576021139123,3570685970.2063375,9838791557.740498,1519521334.483446,136484272.7606231,9.550211197302581e-15,3192517.0,15190.20723073941,30514314695.49271,949349039.2415303,0.3742215417418976,1353739444.1205623,746513.4693370261,179935399.6692267
20242,11500611,발산1동,CS200019,PC방,LL,다이나믹,5.2798307661431885,52.83624740966744,3525927629.00736,10056926097.156767,1591807995.1337514,115722815.6346521,9.550211196160506e-15,3192517.0,15190.207231327055,29153290130.916176,951353284.6283964,0.022172171615241876,1140068118.2797904,721168.3437756479,180969789.48664123
20243,11500611,발산1동,CS200019,PC방,LL,다이나믹,5.7570165032088525,52.81923223653176,3842160617.777744,10401213063.081387,1459200258.4253423,142975422.59065962,-5.046023926643826e-14,3192517.0,16507.15528606504,27653591764.849197,975865518.1172228,0.4563437203891228,-3316000899.6084447,774495.8501516692,217949703.28536817
20233,11500611,발산1동,CS200031,세탁소,LL,다이나믹,17.167078490179602,51.97776192433717,3544138164.2655253,9096137611.782024,1444905309.8613815,136254753.88909757,-6.001039615427002e-14,3192517.0,14581.52759934569,24502481758.506763,834993881.6662388,0.016601082190623506,-2210019210.0768166,707519.8450532982,201576651.56579167
20234,11500611,발산1동,CS200031,세탁소,LL,다이나믹,17.144744314854588,52.69131572027656,3329838621.4555445,9470332310.944643,1524948198.8734713,117694160.98141609,9.550012735276164e-15,3192517.0,14990.230029670085,27254440027.821163,887569484.6800762,0.3247579114136106,1041295343.4576306,726408.4857818901,207801628.13130853
20241,11500611,발산1동,CS200031,세탁소,LL,다이나믹,17.276032295988763,52.76576021139123,3570685970.2063375,9838791557.740498,1519521334.483446,136484272.7606231,9.550211197302581e-15,3192517.0,15190.20723073941,30514314695.49271,949349039.2415303,0.012050494270043066,1353739444.1205623,746513.4693370261,179935399.6692267
20242,11500611,발산1동,CS200031,세탁소,LL,다이나믹,17.665460257316315,52.83624740966744,3525927629.00736,10056926097.156767,1591807995.1337514,115722815.6346521,9.550211196160506e-15,3192517.0,15190.207231327055,29153290130.916176,951353284.6283964,1.1978319135371172,1140068118.2797904,721168.3437756479,180969789.48664123
20243,11500611,발산1동,CS200031,세탁소,LL,다이나믹,17.689132981716426,52.81923223653176,3842160617.777744,10401213063.081387,1459200258.4253423,142975422.59065962,-5.046023926643826e-14,3192517.0,16507.15528606504,27653591764.849197,975865518.1172228,-0.005459524524604076,-3316000899.6084447,774495.8501516692,217949703.28536817
20233,11500611,발산1동,CS200037,노래방,LL,다이나믹,5.999999999999997,51.97776192433717,3544138164.2655253,9096137611.782024,1444905309.8613815,136254753.88909757,-6.001039615427002e-14,3192517.0,14581.52759934569,24502481758.506763,834993881.6662388,3.1512009998865655e-18,-2210019210.0768166,707519.8450532982,201576651.56579167
20234,11500611,발산1동,CS200037,노래방,LL,다이나믹,5.999999999999999,52.69131572027656,3329838621.4555445,9470332310.944643,1524948198.8734713,117694160.98141609,9.550012735276164e-15,3192517.0,14990.230029670085,27254440027.821163,887569484.6800762,3.151231669341905e-18,1041295343.4576306,726408.4857818901,207801628.13130853
20241,11500611,발산1동,CS200037,노래방,LL,다이나믹,5.999999999999996,52.76576021139123,3570685970.2063375,9838791557.740498,1519521334.483446,136484272.7606231,9.550211197302581e-15,3192517.0,15190.20723073941,30514314695.49271,949349039.2415303,3.1512455340396804e-18,1353739444.1205623,746513.4693370261,179935399.6692267
20242,11500611,발산1동,CS200037,노래방,LL,다이나믹,5.999999999999998,52.83624740966744,3525927629.00736,10056926097.156767,1591807995.1337514,115722815.6346521,9.550211196160506e-15,3192517.0,15190.207231327055,29153290130.916176,951353284.6283964,3.151243899011635e-18,1140068118.2797904,721168.3437756479,180969789.48664123
20243,11500611,발산1동,CS200037,노래방,LL,다이나믹,5.999999999999996,52.81923223653176,3842160617.777744,10401213063.081387,1459200258.4253423,142975422.59065962,-5.046023926643826e-14,3192517.0,16507.15528606504,27653591764.849197,975865518.1172228,6.302444928581608e-18,-3316000899.6084447,774495.8501516692,217949703.28536817
20233,11500611,발산1동,CS300001,슈퍼마켓,LL,다이나믹,60.12703847277647,51.97776192433717,3544138164.2655253,9096137611.782024,1444905309.8613815,136254753.88909757,-6.001039615427002e-14,3192517.0,14581.52759934569,24502481758.506763,834993881.6662388,0.8282479462915493,-2210019210.0768166,707519.8450532982,201576651.56579167
20234,11500611,발산1동,CS300001,슈퍼마켓,LL,다이나믹,58.11857445768412,52.69131572027656,3329838621.4555445,9470332310.944643,1524948198.8734713,117694160.98141609,9.550012735276164e-15,3192517.0,14990.230029670085,27254440027.821163,887569484.6800762,1.883084443092954,1041295343.4576306,726408.4857818901,207801628.13130853
20241,11500611,발산1동,CS300001,슈퍼마켓,LL,다이나믹,59.87829321438979,52.76576021139123,3570685970.2063375,9838791557.740498,1519521334.483446,136484272.7606231,9.550211197302581e-15,3192517.0,15190.20723073941,30514314695.49271,949349039.2415303,3.1568952578094907,1353739444.1205623,746513.4693370261,179935399.6692267
20242,11500611,발산1동,CS300001,슈퍼마켓,LL,다이나믹,60.73704179335963,52.83624740966744,3525927629.00736,10056926097.156767,1591807995.1337514,115722815.6346521,9.550211196160506e-15,3192517.0,15190.207231327055,29153290130.916176,951353284.6283964,1.2964376166085634,1140068118.2797904,721168.3437756479,180969789.48664123
20243,11500611,발산1동,CS300001,슈퍼마켓,LL,다이나믹,62.89715900021279,52.81923223653176,3842160617.777744,10401213063.081387,1459200258.4253423,142975422.59065962,-5.046023926643826e-14,3192517.0,16507.15528606504,27653591764.849197,975865518.1172228,1.1836483681562626,-3316000899.6084447,774495.8501516692,217949703.28536817
20233,11500611,발산1동,CS300002,편의점,LL,다이나믹,42.85283557029892,51.97776192433717,3544138164.2655253,9096137611.782024,1444905309.8613815,136254753.88909757,-6.001039615427002e-14,3192517.0,14581.52759934569,24502481758.506763,834993881.6662388,2.773933377749516,-2210019210.0768166,707519.8450532982,201576651.56579167
20234,11500611,발산1동,CS300002,편의점,LL,다이나믹,45.46973148050611,52.69131572027656,3329838621.4555445,9470332310.944643,1524948198.8734713,117694160.98141609,9.550012735276164e-15,3192517.0,14990.230029670085,27254440027.821163,887569484.6800762,3.5654678630494216,1041295343.4576306,726408.4857818901,207801628.13130853
20241,11500611,발산1동,CS300002,편의점,LL,다이나믹,44.610574937709025,52.76576021139123,3570685970.2063375,9838791557.740498,1519521334.483446,136484272.7606231,9.550211197302581e-15,3192517.0,15190.20723073941,30514314695.49271,949349039.2415303,1.2094013294571895,1353739444.1205623,746513.4693370261,179935399.6692267
20242,11500611,발산1동,CS300002,편의점,LL,다이나믹,44.83006731547523,52.83624740966744,3525927629.00736,10056926097.156767,1591807995.1337514,115722815.6346521,9.550211196160506e-15,3192517.0,15190.207231327055,29153290130.916176,951353284.6283964,1.7867171716315657,1140068118.2797904,721168.3437756479,180969789.48664123
20243,11500611,발산1동,CS300002,편의점,LL,다이나믹,46.8990333759226,52.81923223653176,3842160617.777744,10401213063.081387,1459200258.4253423,142975422.59065962,-5.046023926643826e-14,3192517.0,16507.15528606504,27653591764.849197,975865518.1172228,2.122775751410275,-3316000899.6084447,774495.8501516692,217949703.28536817
20233,11500611,발산1동,CS300003,컴퓨터및주변장치판매,LL,다이나믹,46.4442041502427,51.97776192433717,3544138164.2655253,9096137611.782024,1444905309.8613815,136254753.88909757,-6.001039615427002e-14,3192517.0,14581.52759934569,24502481758.506763,834993881.6662388,-0.4045240104332538,-2210019210.0768166,707519.8450532982,201576651.56579167
20234,11500611,발산1동,CS300003,컴퓨터및주변장치판매,LL,다이나믹,46.375091832631284,52.69131572027656,3329838621.4555445,9470332310.944643,1524948198.8734713,117694160.98141609,9.550012735276164e-15,3192517.0,14990.230029670085,27254440027.821163,887569484.6800762,-1.0066255471546106,1041295343.4576306,726408.4857818901,207801628.13130853
20241,11500611,발산1동,CS300003,컴퓨터및주변장치판매,LL,다이나믹,47.746342970646566,52.76576021139123,3570685970.2063375,9838791557.740498,1519521334.483446,136484272.7606231,9.550211197302581e-15,3192517.0,15190.20723073941,30514314695.49271,949349039.2415303,-0.13917388139362236,1353739444.1205623,746513.4693370261,179935399.6692267
20242,11500611,발산1동,CS300003,컴퓨터및주변장치판매,LL,다이나믹,48.44214042281485,52.83624740966744,3525927629.00736,10056926097.156767,1591807995.1337514,115722815.6346521,9.550211196160506e-15,3192517.0,15190.207231327055,29153290130.916176,951353284.6283964,0.020782702428917332,1140068118.2797904,721168.3437756479,180969789.48664123
20243,11500611,발산1동,CS300003,컴퓨터및주변장치판매,LL,다이나믹,48.49166380397823,52.81923223653176,3842160617.777744,10401213063.081387,1459200258.4253423,142975422.59065962,-5.046023926643826e-14,3192517.0,16507.15528606504,27653591764.849197,975865518.1172228,-0.9546839037726382,-3316000899.6084447,774495.8501516692,217949703.28536817
20233,11500611,발산1동,CS300004,핸드폰,LL,다이나믹,24.194468479825247,51.97776192433717,3544138164.2655253,9096137611.782024,1444905309.8613815,136254753.88909757,-6.001039615427002e-14,3192517.0,14581.52759934569,24502481758.506763,834993881.6662388,-0.5228765340432964,-2210019210.0768166,707519.8450532982,201576651.56579167
20234,11500611,발산1동,CS300004,핸드폰,LL,다이나믹,24.173811230823105,52.69131572027656,3329838621.4555445,9470332310.944643,1524948198.8734713,117694160.98141609,9.550012735276164e-15,3192517.0,14990.230029670085,27254440027.821163,887569484.6800762,-0.3422906951181479,1041295343.4576306,726408.4857818901,207801628.13130853
20241,11500611,발산1동,CS300004,핸드폰,LL,다이나믹,24.347622563033134,52.76576021139123,3570685970.2063375,9838791557.740498,1519521334.483446,136484272.7606231,9.550211197302581e-15,3192517.0,15190.20723073941,30514314695.49271,949349039.2415303,-0.8321551173276264,1353739444.1205623,746513.4693370261,179935399.6692267
20242,11500611,발산1동,CS300004,핸드폰,LL,다이나믹,24.73422222598281,52.83624740966744,3525927629.00736,10056926097.156767,1591807995.1337514,115722815.6346521,9.550211196160506e-15,3192517.0,15190.207231327055,29153290130.916176,951353284.6283964,0.6084905208723037,1140068118.2797904,721168.3437756479,180969789.48664123
20243,11500611,발산1동,CS300004,핸드폰,LL,다이나믹,25.000295664010288,52.81923223653176,3842160617.777744,10401213063.081387,1459200258.4253423,142975422.59065962,-5.046023926643826e-14,3192517.0,16507.15528606504,27653591764.849197,975865518.1172228,-0.8131994282085829,-3316000899.6084447,774495.8501516692,217949703.28536817
20233,11500611,발산1동,CS300006,미곡판매,LL,다이나믹,11.141965348012484,51.97776192433717,3544138164.2655253,9096137611.782024,1444905309.8613815,136254753.88909757,-6.001039615427002e-14,3192517.0,14581.52759934569,24502481758.506763,834993881.6662388,-0.10365661567856775,-2210019210.0768166,707519.8450532982,201576651.56579167
20234,11500611,발산1동,CS300006,미곡판매,LL,다이나믹,10.966063284915755,52.69131572027656,3329838621.4555445,9470332310.944643,1524948198.8734713,117694160.98141609,9.550012735276164e-15,3192517.0,14990.230029670085,27254440027.821163,887569484.6800762,-0.1554383871349284,1041295343.4576306,726408.4857818901,207801628.13130853
20241,11500611,발산1동,CS300006,미곡판매,LL,다이나믹,12.123570104301189,52.76576021139123,3570685970.2063375,9838791557.740498,1519521334.483446,136484272.7606231,9.550211197302581e-15,3192517.0,15190.20723073941,30514314695.49271,949349039.2415303,0.7538107570389279,1353739444.1205623,746513.4693370261,179935399.6692267
20242,11500611,발산1동,CS300006,미곡판매,LL,다이나믹,11.66225869381122,52.83624740966744,3525927629.00736,10056926097.156767,1591807995.1337514,115722815.6346521,9.550211196160506e-15,3192517.0,15190.207231327055,29153290130.916176,951353284.6283964,-0.13236253872640458,1140068118.2797904,721168.3437756479,180969789.48664123
20243,11500611,발산1동,CS300006,미곡판매,LL,다이나믹,11.751587246162789,52.81923223653176,3842160617.777744,10401213063.081387,1459200258.4253423,142975422.59065962,-5.046023926643826e-14,3192517.0,16507.15528606504,27653591764.849197,975865518.1172228,-0.20289842111291043,-3316000899.6084447,774495.8501516692,217949703.28536817
20233,11500611,발산1동,CS300007,육류판매,LL,다이나믹,28.678489044523765,51.97776192433717,3544138164.2655253,9096137611.782024,1444905309.8613815,136254753.88909757,-6.001039615427002e-14,3192517.0,14581.52759934569,24502481758.506763,834993881.6662388,2.39042625920068,-2210019210.0768166,707519.8450532982,201576651.56579167
20234,11500611,발산1동,CS300007,육류판매,LL,다이나믹,28.579520709276704,52.69131572027656,3329838621.4555445,9470332310.944643,1524948198.8734713,117694160.98141609,9.550012735276164e-15,3192517.0,14990.230029670085,27254440027.821163,887569484.6800762,1.1054389316245832,1041295343.4576306,726408.4857818901,207801628.13130853
20241,11500611,발산1동,CS300007,육류판매,LL,다이나믹,27.390163351826093,52.76576021139123,3570685970.2063375,9838791557.740498,1519521334.483446,136484272.7606231,9.550211197302581e-15,3192517.0,15190.20723073941,30514314695.49271,949349039.2415303,0.9066299760915137,1353739444.1205623,746513.4693370261,179935399.6692267
20242,11500611,발산1동,CS300007,육류판매,LL,다이나믹,27.23064977034933,52.83624740966744,3525927629.00736,10056926097.156767,1591807995.1337514,115722815.6346521,9.550211196160506e-15,3192517.0,15190.207231327055,29153290130.916176,951353284.6283964,0.9589896715344259,1140068118.2797904,721168.3437756479,180969789.48664123
20243,11500611,발산1동,CS300007,육류판매,LL,다이나믹,27.96133792561576,52.81923223653176,3842160617.777744,10401213063.081387,1459200258.4253423,142975422.59065962,-5.046023926643826e-14,3192517.0,16507.15528606504,27653591764.849197,975865518.1172228,2.3539878218709673,-3316000899.6084447,774495.8501516692,217949703.28536817
20233,11500611,발산1동,CS300008,수산물판매,LL,다이나믹,155.74042062021934,51.97776192433717,3544138164.2655253,9096137611.782024,1444905309.8613815,136254753.88909757,-6.001039615427002e-14,3192517.0,14581.52759934569,24502481758.506763,834993881.6662388,-2.1499366417271575,-2210019210.0768166,707519.8450532982,201576651.56579167
20234,11500611,발산1동,CS300008,수산물판매,LL,다이나믹,152.7955018242907,52.69131572027656,3329838621.4555445,9470332310.944643,1524948198.8734713,117694160.98141609,9.550012735276164e-15,3192517.0,14990.230029670085,27254440027.821163,887569484.6800762,-0.3197776447845089,1041295343.4576306,726408.4857818901,207801628.13130853
20241,11500611,발산1동,CS300008,수산물판매,LL,다이나믹,151.7818257489076,52.76576021139123,3570685970.2063375,9838791557.740498,1519521334.483446,136484272.7606231,9.550211197302581e-15,3192517.0,15190.20723073941,30514314695.49271,949349039.2415303,-2.067510831387919,1353739444.1205623,746513.4693370261,179935399.6692267
20242,11500611,발산1동,CS300008,수산물판매,LL,다이나믹,151.04622490165949,52.83624740966744,3525927629.00736,10056926097.156767,1591807995.1337514,115722815.6346521,9.550211196160506e-15,3192517.0,15190.207231327055,29153290130.916176,951353284.6283964,-2.0060997045731597,1140068118.2797904,721168.3437756479,180969789.48664123
20243,11500611,발산1동,CS300008,수산물판매,LL,다이나믹,149.7246212346879,52.81923223653176,3842160617.777744,10401213063.081387,1459200258.4253423,142975422.59065962,-5.046023926643826e-14,3192517.0,16507.15528606504,27653591764.849197,975865518.1172228,-3.2198446906777494,-3316000899.6084447,774495.8501516692,217949703.28536817
20233,11500611,발산1동,CS300009,청과상,LL,다이나믹,362.9922034431889,51.97776192433717,3544138164.2655253,9096137611.782024,1444905309.8613815,136254753.88909757,-6.001039615427002e-14,3192517.0,14581.52759934569,24502481758.506763,834993881.6662388,-1.9012939858823845,-2210019210.0768166,707519.8450532982,201576651.56579167
20234,11500611,발산1동,CS300009,청과상,LL,다이나믹,359.1424187831691,52.69131572027656,3329838621.4555445,9470332310.944643,1524948198.8734713,117694160.98141609,9.550012735276164e-15,3192517.0,14990.230029670085,27254440027.821163,887569484.6800762,1.3921834964152904,1041295343.4576306,726408.4857818901,207801628.13130853
20241,11500611,발산1동,CS300009,청과상,LL,다이나믹,355.79539732316726,52.76576021139123,3570685970.2063375,9838791557.740498,1519521334.483446,136484272.7606231,9.550211197302581e-15,3192517.0,15190.20723073941,30514314695.49271,949349039.2415303,1.4788978440784486,1353739444.1205623,746513.4693370261,179935399.6692267
20242,11500611,발산1동,CS300009,청과상,LL,다이나믹,353.5811473142555,52.83624740966744,3525927629.00736,10056926097.156767,1591807995.1337514,115722815.6346521,9.550211196160506e-15,3192517.0,15190.207231327055,29153290130.916176,951353284.6283964,-0.6189563640485012,1140068118.2797904,721168.3437756479,180969789.48664123
20243,11500611,발산1동,CS300009,청과상,LL,다이나믹,354.1526271694257,52.81923223653176,3842160617.777744,10401213063.081387,1459200258.4253423,142975422.59065962,-5.046023926643826e-14,3192517.0,16507.15528606504,27653591764.849197,975865518.1172228,-1.8925652515924787,-3316000899.6084447,774495.8501516692,217949703.28536817
20233,11500611,발산1동,CS300010,반찬가게,LL,다이나믹,90.24795448575283,51.97776192433717,3544138164.2655253,9096137611.782024,1444905309.8613815,136254753.88909757,-6.001039615427002e-14,3192517.0,14581.52759934569,24502481758.506763,834993881.6662388,2.184822431478798,-2210019210.0768166,707519.8450532982,201576651.56579167
20234,11500611,발산1동,CS300010,반찬가게,LL,다이나믹,90.83622974605939,52.69131572027656,3329838621.4555445,9470332310.944643,1524948198.8734713,117694160.98141609,9.550012735276164e-15,3192517.0,14990.230029670085,27254440027.821163,887569484.6800762,-0.7849786684157452,1041295343.4576306,726408.4857818901,207801628.13130853
20241,11500611,발산1동,CS300010,반찬가게,LL,다이나믹,93.59756409515285,52.76576021139123,3570685970.2063375,9838791557.740498,1519521334.483446,136484272.7606231,9.550211197302581e-15,3192517.0,15190.20723073941,30514314695.49271,949349039.2415303,2.628643300877724,1353739444.1205623,746513.4693370261,179935399.6692267
20242,11500611,발산1동,CS300010,반찬가게,LL,다이나믹,94.35134851500439,52.83624740966744,3525927629.00736,10056926097.156767,1591807995.1337514,115722815.6346521,9.550211196160506e-15,3192517.0,15190.207231327055,29153290130.916176,951353284.6283964,0.6082076877161016,1140068118.2797904,721168.3437756479,180969789.48664123
20243,11500611,발산1동,CS300010,반찬가게,LL,다이나믹,95.53554879799584,52.81923223653176,3842160617.777744,10401213063.081387,1459200258.4253423,142975422.59065962,-5.046023926643826e-14,3192517.0,16507.15528606504,27653591764.849197,975865518.1172228,1.70072713628971,-3316000899.6084447,774495.8501516692,217949703.28536817
20233,11500611,발산1동,CS300011,일반의류,LL,다이나믹,79.76893083261682,51.97776192433717,3544138164.2655253,9096137611.782024,1444905309.8613815,136254753.88909757,-6.001039615427002e-14,3192517.0,14581.52759934569,24502481758.506763,834993881.6662388,2.1403730785348243,-2210019210.0768166,707519.8450532982,201576651.56579167
20234,11500611,발산1동,CS300011,일반의류,LL,다이나믹,80.12206749348303,52.69131572027656,3329838621.4555445,9470332310.944643,1524948198.8734713,117694160.98141609,9.550012735276164e-15,3192517.0,14990.230029670085,27254440027.821163,887569484.6800762,0.056773978148392246,1041295343.4576306,726408.4857818901,207801628.13130853
20241,11500611,발산1동,CS300011,일반의류,LL,다이나믹,80.37515320910178,52.76576021139123,3570685970.2063375,9838791557.740498,1519521334.483446,136484272.7606231,9.550211197302581e-15,3192517.0,15190.20723073941,30514314695.49271,949349039.2415303,-0.8449406585214375,1353739444.1205623,746513.4693370261,179935399.6692267
20242,11500611,발산1동,CS300011,일반의류,LL,다이나믹,82.14611010467301,52.83624740966744,3525927629.00736,10056926097.156767,1591807995.1337514,115722815.6346521,9.550211196160506e-15,3192517.0,15190.207231327055,29153290130.916176,951353284.6283964,-2.2198812401969708,1140068118.2797904,721168.3437756479,180969789.48664123
20243,11500611,발산1동,CS300011,일반의류,LL,다이나믹,83.91869339532568,52.81923223653176,3842160617.777744,10401213063.081387,1459200258.4253423,142975422.59065962,-5.046023926643826e-14,3192517.0,16507.15528606504,27653591764.849197,975865518.1172228,-0.15166889938259642,-3316000899.6084447,774495.8501516692,217949703.28536817
20233,11500611,발산1동,CS300014,신발,LL,다이나믹,12.000000000143897,51.97776192433717,3544138164.2655253,9096137611.782024,1444905309.8613815,136254753.88909757,-6.001039615427002e-14,3192517.0,14581.52759934569,24502481758.506763,834993881.6662388,-0.2090424105444045,-2210019210.0768166,707519.8450532982,201576651.56579167
20234,11500611,발산1동,CS300014,신발,LL,다이나믹,12.000004466403883,52.69131572027656,3329838621.4555445,9470332310.944643,1524948198.8734713,117694160.98141609,9.550012735276164e-15,3192517.0,14990.230029670085,27254440027.821163,887569484.6800762,0.40447377770987847,1041295343.4576306,726408.4857818901,207801628.13130853
20241,11500611,발산1동,CS300014,신발,LL,다이나믹,12.000004466403881,52.76576021139123,3570685970.2063375,9838791557.740498,1519521334.483446,136484272.7606231,9.550211197302581e-15,3192517.0,15190.20723073941,30514314695.49271,949349039.2415303,-0.25249421026850627,1353739444.1205623,746513.4693370261,179935399.6692267
20242,11500611,발산1동,CS300014,신발,LL,다이나믹,12.000004466403881,52.83624740966744,3525927629.00736,10056926097.156767,1591807995.1337514,115722815.6346521,9.550211196160506e-15,3192517.0,15190.207231327055,29153290130.916176,951353284.6283964,-0.04570964939827604,1140068118.2797904,721168.3437756479,180969789.48664123
20243,11500611,발산1동,CS300014,신발,LL,다이나믹,12.000004466547779,52.81923223653176,3842160617.777744,10401213063.081387,1459200258.4253423,142975422.59065962,-5.046023926643826e-14,3192517.0,16507.15528606504,27653591764.849197,975865518.1172228,-0.27845685788354924,-3316000899.6084447,774495.8501516692,217949703.28536817
20233,11500611,발산1동,CS300016,안경,LL,다이나믹,10.366053290096687,51.97776192433717,3544138164.2655253,9096137611.782024,1444905309.8613815,136254753.88909757,-6.001039615427002e-14,3192517.0,14581.52759934569,24502481758.506763,834993881.6662388,0.5581101117357842,-2210019210.0768166,707519.8450532982,201576651.56579167
20234,11500611,발산1동,CS300016,안경,LL,다이나믹,10.417839186035376,52.69131572027656,3329838621.4555445,9470332310.944643,1524948198.8734713,117694160.98141609,9.550012735276164e-15,3192517.0,14990.230029670085,27254440027.821163,887569484.6800762,0.5230342708559451,1041295343.4576306,726408.4857818901,207801628.13130853
20241,11500611,발산1동,CS300016,안경,LL,다이나믹,10.715175478409515,52.76576021139123,3570685970.2063375,9838791557.740498,1519521334.483446,136484272.7606231,9.550211197302581e-15,3192517.0,15190.20723073941,30514314695.49271,949349039.2415303,0.5221967037860072,1353739444.1205623,746513.4693370261,179935399.6692267
20242,11500611,발산1동,CS300016,안경,LL,다이나믹,11.195995995862113,52.83624740966744,3525927629.00736,10056926097.156767,1591807995.1337514,115722815.6346521,9.550211196160506e-15,3192517.0,15190.207231327055,29153290130.916176,951353284.6283964,0.7708332387513847,1140068118.2797904,721168.3437756479,180969789.48664123
20243,11500611,발산1동,CS300016,안경,LL,다이나믹,11.419797897022798,52.81923223653176,3842160617.777744,10401213063.081387,1459200258.4253423,142975422.59065962,-5.046023926643826e-14,3192517.0,16507.15528606504,27653591764.849197,975865518.1172228,0.5097697530229814,-3316000899.6084447,774495.8501516692,217949703.28536817
20233,11500611,발산1동,CS300020,서적,LL,다이나믹,15.499690462220697,51.97776192433717,3544138164.2655253,9096137611.782024,1444905309.8613815,136254753.88909757,-6.001039615427002e-14,3192517.0,14581.52759934569,24502481758.506763,834993881.6662388,-0.5113817695866095,-2210019210.0768166,707519.8450532982,201576651.56579167
20234,11500611,발산1동,CS300020,서적,LL,다이나믹,15.44231813426829,52.69131572027656,3329838621.4555445,9470332310.944643,1524948198.8734713,117694160.98141609,9.550012735276164e-15,3192517.0,14990.230029670085,27254440027.821163,887569484.6800762,-0.29555888330346125,1041295343.4576306,726408.4857818901,207801628.13130853
20241,11500611,발산1동,CS300020,서적,LL,다이나믹,14.727198909516213,52.76576021139123,3570685970.2063375,9838791557.740498,1519521334.483446,136484272.7606231,9.550211197302581e-15,3192517.0,15190.20723073941,30514314695.49271,949349039.2415303,-0.40689492539390826,1353739444.1205623,746513.4693370261,179935399.6692267
20242,11500611,발산1동,CS300020,서적,LL,다이나믹,14.031108022411544,52.83624740966744,3525927629.00736,10056926097.156767,1591807995.1337514,115722815.6346521,9.550211196160506e-15,3192517.0,15190.207231327055,29153290130.916176,951353284.6283964,-0.3870676410047481,1140068118.2797904,721168.3437756479,180969789.48664123
20243,11500611,발산1동,CS300020,서적,LL,다이나믹,14.512749838202907,52.81923223653176,3842160617.777744,10401213063.081387,1459200258.4253423,142975422.59065962,-5.046023926643826e-14,3192517.0,16507.15528606504,27653591764.849197,975865518.1172228,-0.6978635269404192,-3316000899.6084447,774495.8501516692,217949703.28536817
20233,11500611,발산1동,CS300021,문구,LL,다이나믹,35.181967516434234,51.97776192433717,3544138164.2655253,9096137611.782024,1444905309.8613815,136254753.88909757,-6.001039615427002e-14,3192517.0,14581.52759934569,24502481758.506763,834993881.6662388,4.878869142251875,-2210019210.0768166,707519.8450532982,201576651.56579167
20234,11500611,발산1동,CS300021,문구,LL,다이나믹,36.14707573305678,52.69131572027656,3329838621.4555445,9470332310.944643,1524948198.8734713,117694160.98141609,9.550012735276164e-15,3192517.0,14990.230029670085,27254440027.821163,887569484.6800762,1.7917493701246077,1041295343.4576306,726408.4857818901,207801628.13130853
20241,11500611,발산1동,CS300021,문구,LL,다이나믹,35.12984141748984,52.76576021139123,3570685970.2063375,9838791557.740498,1519521334.483446,136484272.7606231,9.550211197302581e-15,3192517.0,15190.20723073941,30514314695.49271,949349039.2415303,0.7010837812023895,1353739444.1205623,746513.4693370261,179935399.6692267
20242,11500611,발산1동,CS300021,문구,LL,다이나믹,37.151729374599974,52.83624740966744,3525927629.00736,10056926097.156767,1591807995.1337514,115722815.6346521,9.550211196160506e-15,3192517.0,15190.207231327055,29153290130.916176,951353284.6283964,3.979880953841087,1140068118.2797904,721168.3437756479,180969789.48664123
20243,11500611,발산1동,CS300021,문구,LL,다이나믹,41.37036893964048,52.81923223653176,3842160617.777744,10401213063.081387,1459200258.4253423,142975422.59065962,-5.046023926643826e-14,3192517.0,16507.15528606504,27653591764.849197,975865518.1172228,5.780824781659921,-3316000899.6084447,774495.8501516692,217949703.28536817
20233,11500611,발산1동,CS300022,화장품,LL,다이나믹,91.43630471267727,51.97776192433717,3544138164.2655253,9096137611.782024,1444905309.8613815,136254753.88909757,-6.001039615427002e-14,3192517.0,14581.52759934569,24502481758.506763,834993881.6662388,2.5028021452436024,-2210019210.0768166,707519.8450532982,201576651.56579167
20234,11500611,발산1동,CS300022,화장품,LL,다이나믹,89.36079411174335,52.69131572027656,3329838621.4555445,9470332310.944643,1524948198.8734713,117694160.98141609,9.550012735276164e-15,3192517.0,14990.230029670085,27254440027.821163,887569484.6800762,-0.606100642814805,1041295343.4576306,726408.4857818901,207801628.13130853
20241,11500611,발산1동,CS300022,화장품,LL,다이나믹,91.29928153620358,52.76576021139123,3570685970.2063375,9838791557.740498,1519521334.483446,136484272.7606231,9.550211197302581e-15,3192517.0,15190.20723073941,30514314695.49271,949349039.2415303,1.434713093084666,1353739444.1205623,746513.4693370261,179935399.6692267
20242,11500611,발산1동,CS300022,화장품,LL,다이나믹,87.01593368044944,52.83624740966744,3525927629.00736,10056926097.156767,1591807995.1337514,115722815.6346521,9.550211196160506e-15,3192517.0,15190.207231327055,29153290130.916176,951353284.6283964,-1.024306484037146,1140068118.2797904,721168.3437756479,180969789.48664123
20243,11500611,발산1동,CS300022,화장품,LL,다이나믹,79.21322257570405,52.81923223653176,3842160617.777744,10401213063.081387,1459200258.4253423,142975422.59065962,-5.046023926643826e-14,3192517.0,16507.15528606504,27653591764.849197,975865518.1172228,0.18409188225007933,-3316000899.6084447,774495.8501516692,217949703.28536817
20233,11500611,발산1동,CS300036,조명용품,LL,다이나믹,14.312644560732082,51.97776192433717,3544138164.2655253,9096137611.782024,1444905309.8613815,136254753.88909757,-6.001039615427002e-14,3192517.0,14581.52759934569,24502481758.506763,834993881.6662388,0.04878566120275604,-2210019210.0768166,707519.8450532982,201576651.56579167
20234,11500611,발산1동,CS300036,조명용품,LL,다이나믹,13.402871200272214,52.69131572027656,3329838621.4555445,9470332310.944643,1524948198.8734713,117694160.98141609,9.550012735276164e-15,3192517.0,14990.230029670085,27254440027.821163,887569484.6800762,-0.28580945107790906,1041295343.4576306,726408.4857818901,207801628.13130853
20241,11500611,발산1동,CS300036,조명용품,LL,다이나믹,13.874424271659556,52.76576021139123,3570685970.2063375,9838791557.740498,1519521334.483446,136484272.7606231,9.550211197302581e-15,3192517.0,15190.20723073941,30514314695.49271,949349039.2415303,0.21067619051554093,1353739444.1205623,746513.4693370261,179935399.6692267
20242,11500611,발산1동,CS300036,조명용품,LL,다이나믹,13.6493231925989,52.83624740966744,3525927629.00736,10056926097.156767,1591807995.1337514,115722815.6346521,9.550211196160506e-15,3192517.0,15190.207231327055,29153290130.916176,951353284.6283964,-0.39168773413236063,1140068118.2797904,721168.3437756479,180969789.48664123
20243,11500611,발산1동,CS300036,조명용품,LL,다이나믹,13.682339423152358,52.81923223653176,3842160617.777744,10401213063.081387,1459200258.4253423,142975422.59065962,-5.046023926643826e-14,3192517.0,16507.15528606504,27653591764.849197,975865518.1172228,0.020662511185654986,-3316000899.6084447,774495.8501516692,217949703.28536817
