STDR_YYQU_CD,ADSTRD_CD,ADSTRD_CD_NM,SVC_INDUTY_CD,SVC_INDUTY_CD_NM,TRDAR_CHNGE_IX,TRDAR_CHNGE_IX_NM,SIMILR_INDUTY_STOR_CO,ETC_EXPNDTR_TOTAMT,LSR_CLTUR_EXPNDTR_TOTAMT,CLTHS_FTWR_EXPNDTR_TOTAMT,TRNSPORT_EXPNDTR_TOTAMT,TOT_HSHLD_CO,CLSBIZ_STOR_CO,MCP_EXPNDTR_TOTAMT,CLS_SALE_MT_AVRG,FD_EXPNDTR_TOTAMT,OPBIZ_STOR_CO,OPR_SALE_MT_AVRG,SU_OPR_SALE_MT_AVRG,ML_FLPOP_CO,FRI_FLPOP_CO
20233,11680531,논현2동,CS100001,한식음식점,LL,다이나믹,484.67190730026164,2926761914.6405387,3005463682.764926,938019852.8425602,1102804569.3366642,11550.695126090935,26.62542339728519,6297217045.265314,48.11916826759286,5978187548.270642,16.33281865764686,97.70339661792957,107.29418567691927,6049283.3996972265,1832597.9721208562
20234,11680531,논현2동,CS100001,한식음식점,LL,다이나믹,487.7915240625347,2129414339.070142,2252587722.3537135,1192976481.4723918,1018319750.5196805,10100.50954296718,21.46289684604592,6015448744.781614,48.09804320935986,5992430160.829343,17.017165212397863,100.56378453485159,109.6266244972278,6339635.081566114,1962562.878466459
20241,11680531,논현2동,CS100001,한식음식점,LL,다이나믹,496.1393663169611,2359511593.021057,2394016840.0883045,990864282.9199708,1094351775.384815,11682.400703795975,22.040993418146154,5881935446.927738,48.09158207092459,6158508254.930961,21.722957105134416,103.30330488891634,112.22258744583144,6369890.0793089,1938478.8154089244
20242,11680531,논현2동,CS100001,한식음식점,LL,다이나믹,494.6712213442266,1983909074.6495473,2164785207.9762874,1128315531.2076252,1119399166.338144,11689.507249490653,44.600167825743874,5571601834.342559,48.107044677260475,5995539079.401579,22.433096353545015,105.13159349076903,114.50829223046213,6455230.394361536,1958937.0957690477
20243,11680531,논현2동,CS100001,한식음식점,LL,다이나믹,489.78653206785015,2425130200.5581737,2684172086.26511,1005092214.7162006,1187614951.7960067,11531.62344683856,34.398181693973314,5652477896.686048,48.811386700567716,6330558816.865621,13.560640561461325,107.63750487791202,116.72298717047481,6668274.734403027,2018280.5434305689
20233,11680531,논현2동,CS100002,중식음식점,LL,다이나믹,49.78201299121238,2926761914.6405387,3005463682.764926,938019852.8425602,1102804569.3366642,11550.695126090935,1.9245379035983259,6297217045.265314,48.11916826759286,5978187548.270642,3.3951020968616867,97.70339661792957,107.29418567691927,6049283.3996972265,1832597.9721208562
20234,11680531,논현2동,CS100002,중식음식점,LL,다이나믹,50.5691467112083,2129414339.070142,2252587722.3537135,1192976481.4723918,1018319750.5196805,10100.50954296718,4.363286711245045,6015448744.781614,48.09804320935986,5992430160.829343,3.561157699404519,100.56378453485159,109.6266244972278,6339635.081566114,1962562.878466459
20241,11680531,논현2동,CS100002,중식음식점,LL,다이나믹,50.97983282912653,2359511593.021057,2394016840.0883045,990864282.9199708,1094351775.384815,11682.400703795975,3.9755379520814618,5881935446.927738,48.09158207092459,6158508254.930961,3.5630843545530495,103.30330488891634,112.22258744583144,6369890.0793089,1938478.8154089244
20242,11680531,논현2동,CS100002,중식음식점,LL,다이나믹,53.62057889010728,1983909074.6495473,2164785207.9762874,1128315531.2076252,1119399166.338144,11689.507249490653,2.876262084007257,5571601834.342559,48.107044677260475,5995539079.401579,4.3842445062390984,105.13159349076903,114.50829223046213,6455230.394361536,1958937.0957690477
20243,11680531,논현2동,CS100002,중식음식점,LL,다이나믹,53.65611338713768,2425130200.5581737,2684172086.26511,1005092214.7162006,1187614951.7960067,11531.62344683856,4.015068927851671,5652477896.686048,48.811386700567716,6330558816.865621,3.444918508332635,107.63750487791202,116.72298717047481,6668274.734403027,2018280.5434305689
20233,11680531,논현2동,CS100003,일식음식점,LL,다이나믹,79.81213415724085,2926761914.6405387,3005463682.764926,938019852.8425602,1102804569.3366642,11550.695126090935,4.204308758323178,6297217045.265314,48.11916826759286,5978187548.270642,3.1049769163722085,97.70339661792957,107.29418567691927,6049283.3996972265,1832597.9721208562
20234,11680531,논현2동,CS100003,일식음식점,LL,다이나믹,78.732130006165,2129414339.070142,2252587722.3537135,1192976481.4723918,1018319750.5196805,10100.50954296718,3.1087683421224392,6015448744.781614,48.09804320935986,5992430160.829343,0.7259336817465871,100.56378453485159,109.6266244972278,6339635.081566114,1962562.878466459
20241,11680531,논현2동,CS100003,일식음식점,LL,다이나믹,79.15591694670873,2359511593.021057,2394016840.0883045,990864282.9199708,1094351775.384815,11682.400703795975,1.6342340054031756,5881935446.927738,48.09158207092459,6158508254.930961,0.3373891583384534,103.30330488891634,112.22258744583144,6369890.0793089,1938478.8154089244
20242,11680531,논현2동,CS100003,일식음식점,LL,다이나믹,82.90707183827777,1983909074.6495473,2164785207.9762874,1128315531.2076252,1119399166.338144,11689.507249490653,0.7452504140786345,5571601834.342559,48.107044677260475,5995539079.401579,3.9853600532575237,105.13159349076903,114.50829223046213,6455230.394361536,1958937.0957690477
20243,11680531,논현2동,CS100003,일식음식점,LL,다이나믹,81.89250099573276,2425130200.5581737,2684172086.26511,1005092214.7162006,1187614951.7960067,11531.62344683856,4.115764503591826,5652477896.686048,48.811386700567716,6330558816.865621,2.7295817427169973,107.63750487791202,116.72298717047481,6668274.734403027,2018280.5434305689
20233,11680531,논현2동,CS100004,양식음식점,LL,다이나믹,116.30033067604869,2926761914.6405387,3005463682.764926,938019852.8425602,1102804569.3366642,11550.695126090935,4.5095929001955435,6297217045.265314,48.11916826759286,5978187548.270642,6.412035189653077,97.70339661792957,107.29418567691927,6049283.3996972265,1832597.9721208562
20234,11680531,논현2동,CS100004,양식음식점,LL,다이나믹,116.33699533537228,2129414339.070142,2252587722.3537135,1192976481.4723918,1018319750.5196805,10100.50954296718,6.675666331831446,6015448744.781614,48.09804320935986,5992430160.829343,4.478296141736652,100.56378453485159,109.6266244972278,6339635.081566114,1962562.878466459
20241,11680531,논현2동,CS100004,양식음식점,LL,다이나믹,118.96920239474817,2359511593.021057,2394016840.0883045,990864282.9199708,1094351775.384815,11682.400703795975,4.490939072594353,5881935446.927738,48.09158207092459,6158508254.930961,6.474848937520523,103.30330488891634,112.22258744583144,6369890.0793089,1938478.8154089244
20242,11680531,논현2동,CS100004,양식음식점,LL,다이나믹,119.81194201427687,1983909074.6495473,2164785207.9762874,1128315531.2076252,1119399166.338144,11689.507249490653,6.951675903853446,5571601834.342559,48.107044677260475,5995539079.401579,7.463885614830611,105.13159349076903,114.50829223046213,6455230.394361536,1958937.0957690477
20243,11680531,논현2동,CS100004,양식음식점,LL,다이나믹,122.32690973701328,2425130200.5581737,2684172086.26511,1005092214.7162006,1187614951.7960067,11531.62344683856,4.338796155701937,5652477896.686048,48.811386700567716,6330558816.865621,6.089226706255493,107.63750487791202,116.72298717047481,6668274.734403027,2018280.5434305689
20233,11680531,논현2동,CS100005,제과점,LL,다이나믹,41.39971769503348,2926761914.6405387,3005463682.764926,938019852.8425602,1102804569.3366642,11550.695126090935,2.5452887945682496,6297217045.265314,48.11916826759286,5978187548.270642,2.149097388988809,97.70339661792957,107.29418567691927,6049283.3996972265,1832597.9721208562
20234,11680531,논현2동,CS100005,제과점,LL,다이나믹,42.05232882917238,2129414339.070142,2252587722.3537135,1192976481.4723918,1018319750.5196805,10100.50954296718,1.617539064813874,6015448744.781614,48.09804320935986,5992430160.829343,0.5724095871138908,100.56378453485159,109.6266244972278,6339635.081566114,1962562.878466459
20241,11680531,논현2동,CS100005,제과점,LL,다이나믹,41.50823426451172,2359511593.021057,2394016840.0883045,990864282.9199708,1094351775.384815,11682.400703795975,3.29384587730125,5881935446.927738,48.09158207092459,6158508254.930961,1.1870001817138467,103.30330488891634,112.22258744583144,6369890.0793089,1938478.8154089244
20242,11680531,논현2동,CS100005,제과점,LL,다이나믹,42.27907876694196,1983909074.6495473,2164785207.9762874,1128315531.2076252,1119399166.338144,11689.507249490653,2.367996227542288,5571601834.342559,48.107044677260475,5995539079.401579,3.4252317322851233,105.13159349076903,114.50829223046213,6455230.394361536,1958937.0957690477
20243,11680531,논현2동,CS100005,제과점,LL,다이나믹,40.848612180216165,2425130200.5581737,2684172086.26511,1005092214.7162006,1187614951.7960067,11531.62344683856,3.0230180953935646,5652477896.686048,48.811386700567716,6330558816.865621,0.25725406970384057,107.63750487791202,116.72298717047481,6668274.734403027,2018280.5434305689
20233,11680531,논현2동,CS100006,패스트푸드점,LL,다이나믹,38.963597344979654,2926761914.6405387,3005463682.764926,938019852.8425602,1102804569.3366642,11550.695126090935,7.057756655554298,6297217045.265314,48.11916826759286,5978187548.270642,1.5219748780336422,97.70339661792957,107.29418567691927,6049283.3996972265,1832597.9721208562
20234,11680531,논현2동,CS100006,패스트푸드점,LL,다이나믹,33.2964158218676,2129414339.070142,2252587722.3537135,1192976481.4723918,1018319750.5196805,10100.50954296718,4.472765363846341,6015448744.781614,48.09804320935986,5992430160.829343,0.03790768435348313,100.56378453485159,109.6266244972278,6339635.081566114,1962562.878466459
20241,11680531,논현2동,CS100006,패스트푸드점,LL,다이나믹,29.099438148205664,2359511593.021057,2394016840.0883045,990864282.9199708,1094351775.384815,11682.400703795975,7.564578518018475,5881935446.927738,48.09158207092459,6158508254.930961,2.2557452596605874,103.30330488891634,112.22258744583144,6369890.0793089,1938478.8154089244
20242,11680531,논현2동,CS100006,패스트푸드점,LL,다이나믹,25.21822267164783,1983909074.6495473,2164785207.9762874,1128315531.2076252,1119399166.338144,11689.507249490653,4.0719631988445055,5571601834.342559,48.107044677260475,5995539079.401579,0.24796218199536135,105.13159349076903,114.50829223046213,6455230.394361536,1958937.0957690477
20243,11680531,논현2동,CS100006,패스트푸드점,LL,다이나믹,19.292168106697165,2425130200.5581737,2684172086.26511,1005092214.7162006,1187614951.7960067,11531.62344683856,7.420484963301817,5652477896.686048,48.811386700567716,6330558816.865621,0.9191236598365854,107.63750487791202,116.72298717047481,6668274.734403027,2018280.5434305689
20233,11680531,논현2동,CS100007,치킨전문점,LL,다이나믹,33.06029614427017,2926761914.6405387,3005463682.764926,938019852.8425602,1102804569.3366642,11550.695126090935,0.0036588414334897124,6297217045.265314,48.11916826759286,5978187548.270642,1.5871079243269972,97.70339661792957,107.29418567691927,6049283.3996972265,1832597.9721208562
20234,11680531,논현2동,CS100007,치킨전문점,LL,다이나믹,31.847196118730853,2129414339.070142,2252587722.3537135,1192976481.4723918,1018319750.5196805,10100.50954296718,1.1047410349718079,6015448744.781614,48.09804320935986,5992430160.829343,-0.018038429707304182,100.56378453485159,109.6266244972278,6339635.081566114,1962562.878466459
20241,11680531,논현2동,CS100007,치킨전문점,LL,다이나믹,33.17159352852687,2359511593.021057,2394016840.0883045,990864282.9199708,1094351775.384815,11682.400703795975,-0.4986247433456946,5881935446.927738,48.09158207092459,6158508254.930961,0.854958133547214,103.30330488891634,112.22258744583144,6369890.0793089,1938478.8154089244
20242,11680531,논현2동,CS100007,치킨전문점,LL,다이나믹,33.42375773559328,1983909074.6495473,2164785207.9762874,1128315531.2076252,1119399166.338144,11689.507249490653,1.1420043138946783,5571601834.342559,48.107044677260475,5995539079.401579,1.0234708095446774,105.13159349076903,114.50829223046213,6455230.394361536,1958937.0957690477
20243,11680531,논현2동,CS100007,치킨전문점,LL,다이나믹,34.177035955347684,2425130200.5581737,2684172086.26511,1005092214.7162006,1187614951.7960067,11531.62344683856,-0.06863405244119716,5652477896.686048,48.811386700567716,6330558816.865621,-0.7371581067813218,107.63750487791202,116.72298717047481,6668274.734403027,2018280.5434305689
20233,11680531,논현2동,CS100008,분식전문점,LL,다이나믹,119.5724201278272,2926761914.6405387,3005463682.764926,938019852.8425602,1102804569.3366642,11550.695126090935,5.293899966768921,6297217045.265314,48.11916826759286,5978187548.270642,3.9022161670727002,97.70339661792957,107.29418567691927,6049283.3996972265,1832597.9721208562
20234,11680531,논현2동,CS100008,분식전문점,LL,다이나믹,123.06723330564333,2129414339.070142,2252587722.3537135,1192976481.4723918,1018319750.5196805,10100.50954296718,3.735037595006336,6015448744.781614,48.09804320935986,5992430160.829343,6.888140221825195,100.56378453485159,109.6266244972278,6339635.081566114,1962562.878466459
20241,11680531,논현2동,CS100008,분식전문점,LL,다이나믹,127.67123849202872,2359511593.021057,2394016840.0883045,990864282.9199708,1094351775.384815,11682.400703795975,4.517582886318853,5881935446.927738,48.09158207092459,6158508254.930961,7.911779730785895,103.30330488891634,112.22258744583144,6369890.0793089,1938478.8154089244
20242,11680531,논현2동,CS100008,분식전문점,LL,다이나믹,127.61164337463028,1983909074.6495473,2164785207.9762874,1128315531.2076252,1119399166.338144,11689.507249490653,6.000653730335547,5571601834.342559,48.107044677260475,5995539079.401579,6.242706267227617,105.13159349076903,114.50829223046213,6455230.394361536,1958937.0957690477
20243,11680531,논현2동,CS100008,분식전문점,LL,다이나믹,128.32089260702938,2425130200.5581737,2684172086.26511,1005092214.7162006,1187614951.7960067,11531.62344683856,4.303577455704978,5652477896.686048,48.811386700567716,6330558816.865621,4.958450726739129,107.63750487791202,116.72298717047481,6668274.734403027,2018280.5434305689
20233,11680531,논현2동,CS100009,호프-간이주점,LL,다이나믹,57.68626667591332,2926761914.6405387,3005463682.764926,938019852.8425602,1102804569.3366642,11550.695126090935,0.7711402436339729,6297217045.265314,48.11916826759286,5978187548.270642,-0.035841070438653366,97.70339661792957,107.29418567691927,6049283.3996972265,1832597.9721208562
20234,11680531,논현2동,CS100009,호프-간이주점,LL,다이나믹,55.55881776651487,2129414339.070142,2252587722.3537135,1192976481.4723918,1018319750.5196805,10100.50954296718,0.596160235412512,6015448744.781614,48.09804320935986,5992430160.829343,-1.8253569513518053,100.56378453485159,109.6266244972278,6339635.081566114,1962562.878466459
20241,11680531,논현2동,CS100009,호프-간이주점,LL,다이나믹,53.57144649113796,2359511593.021057,2394016840.0883045,990864282.9199708,1094351775.384815,11682.400703795975,1.1651441960875324,5881935446.927738,48.09158207092459,6158508254.930961,-0.7904201962154414,103.30330488891634,112.22258744583144,6369890.0793089,1938478.8154089244
20242,11680531,논현2동,CS100009,호프-간이주점,LL,다이나믹,49.73242120468834,1983909074.6495473,2164785207.9762874,1128315531.2076252,1119399166.338144,11689.507249490653,1.4913112046842147,5571601834.342559,48.107044677260475,5995539079.401579,-0.21477871381746105,105.13159349076903,114.50829223046213,6455230.394361536,1958937.0957690477
20243,11680531,논현2동,CS100009,호프-간이주점,LL,다이나믹,45.847980239558936,2425130200.5581737,2684172086.26511,1005092214.7162006,1187614951.7960067,11531.62344683856,1.9745840270383004,5652477896.686048,48.811386700567716,6330558816.865621,-1.4727536974085396,107.63750487791202,116.72298717047481,6668274.734403027,2018280.5434305689
20233,11680531,논현2동,CS100010,커피-음료,LL,다이나믹,231.86570666779053,2926761914.6405387,3005463682.764926,938019852.8425602,1102804569.3366642,11550.695126090935,7.25624258470218,6297217045.265314,48.11916826759286,5978187548.270642,15.679319900772368,97.70339661792957,107.29418567691927,6049283.3996972265,1832597.9721208562
20234,11680531,논현2동,CS100010,커피-음료,LL,다이나믹,230.80789109927278,2129414339.070142,2252587722.3537135,1192976481.4723918,1018319750.5196805,10100.50954296718,10.94809691657629,6015448744.781614,48.09804320935986,5992430160.829343,9.913789801474188,100.56378453485159,109.6266244972278,6339635.081566114,1962562.878466459
20241,11680531,논현2동,CS100010,커피-음료,LL,다이나믹,233.79305929923635,2359511593.021057,2394016840.0883045,990864282.9199708,1094351775.384815,11682.400703795975,12.222014712655636,5881935446.927738,48.09158207092459,6158508254.930961,11.32963383979689,103.30330488891634,112.22258744583144,6369890.0793089,1938478.8154089244
20242,11680531,논현2동,CS100010,커피-음료,LL,다이나믹,237.717980224598,1983909074.6495473,2164785207.9762874,1128315531.2076252,1119399166.338144,11689.507249490653,6.5307973051882895,5571601834.342559,48.107044677260475,5995539079.401579,10.124713165869823,105.13159349076903,114.50829223046213,6455230.394361536,1958937.0957690477
20243,11680531,논현2동,CS100010,커피-음료,LL,다이나믹,245.3662039696578,2425130200.5581737,2684172086.26511,1005092214.7162006,1187614951.7960067,11531.62344683856,7.724323816289593,5652477896.686048,48.811386700567716,6330558816.865621,14.63162165519854,107.63750487791202,116.72298717047481,6668274.734403027,2018280.5434305689
20233,11680531,논현2동,CS200001,일반교습학원,LL,다이나믹,33.936996329876195,2926761914.6405387,3005463682.764926,938019852.8425602,1102804569.3366642,11550.695126090935,0.7904759750668484,6297217045.265314,48.11916826759286,5978187548.270642,1.4749786832433398,97.70339661792957,107.29418567691927,6049283.3996972265,1832597.9721208562
20234,11680531,논현2동,CS200001,일반교습학원,LL,다이나믹,34.685893759636,2129414339.070142,2252587722.3537135,1192976481.4723918,1018319750.5196805,10100.50954296718,0.19078454973817482,6015448744.781614,48.09804320935986,5992430160.829343,2.640324216340247,100.56378453485159,109.6266244972278,6339635.081566114,1962562.878466459
20241,11680531,논현2동,CS200001,일반교습학원,LL,다이나믹,35.00363779781224,2359511593.021057,2394016840.0883045,990864282.9199708,1094351775.384815,11682.400703795975,0.8903659373801434,5881935446.927738,48.09158207092459,6158508254.930961,1.85962711899985,103.30330488891634,112.22258744583144,6369890.0793089,1938478.8154089244
20242,11680531,논현2동,CS200001,일반교습학원,LL,다이나믹,36.56771978877887,1983909074.6495473,2164785207.9762874,1128315531.2076252,1119399166.338144,11689.507249490653,-0.09947443175062587,5571601834.342559,48.107044677260475,5995539079.401579,1.2013656322692685,105.13159349076903,114.50829223046213,6455230.394361536,1958937.0957690477
20243,11680531,논현2동,CS200001,일반교습학원,LL,다이나믹,36.87604182688299,2425130200.5581737,2684172086.26511,1005092214.7162006,1187614951.7960067,11531.62344683856,0.07509861809635021,5652477896.686048,48.811386700567716,6330558816.865621,0.9335296526845144,107.63750487791202,116.72298717047481,6668274.734403027,2018280.5434305689
20233,11680531,논현2동,CS200016,당구장,LL,다이나믹,21.311306124108732,2926761914.6405387,3005463682.764926,938019852.8425602,1102804569.3366642,11550.695126090935,1.119921830993239,6297217045.265314,48.11916826759286,5978187548.270642,-0.8269896249551834,97.70339661792957,107.29418567691927,6049283.3996972265,1832597.9721208562
20234,11680531,논현2동,CS200016,당구장,LL,다이나믹,20.501815923890415,2129414339.070142,2252587722.3537135,1192976481.4723918,1018319750.5196805,10100.50954296718,0.2731275064986439,6015448744.781614,48.09804320935986,5992430160.829343,-0.6529917714967084,100.56378453485159,109.6266244972278,6339635.081566114,1962562.878466459
20241,11680531,논현2동,CS200016,당구장,LL,다이나믹,20.792766031800046,2359511593.021057,2394016840.0883045,990864282.9199708,1094351775.384815,11682.400703795975,-0.4215000988359967,5881935446.927738,48.09158207092459,6158508254.930961,-0.5988115923082011,103.30330488891634,112.22258744583144,6369890.0793089,1938478.8154089244
20242,11680531,논현2동,CS200016,당구장,LL,다이나믹,20.259454896510277,1983909074.6495473,2164785207.9762874,1128315531.2076252,1119399166.338144,11689.507249490653,1.0160534844168665,5571601834.342559,48.107044677260475,5995539079.401579,-0.3496965664596384,105.13159349076903,114.50829223046213,6455230.394361536,1958937.0957690477
20243,11680531,논현2동,CS200016,당구장,LL,다이나믹,19.90982395578285,2425130200.5581737,2684172086.26511,1005092214.7162006,1187614951.7960067,11531.62344683856,1.2601911166728743,5652477896.686048,48.811386700567716,6330558816.865621,-0.3984107547969429,107.63750487791202,116.72298717047481,6668274.734403027,2018280.5434305689
20233,11680531,논현2동,CS200017,골프연습장,LL,다이나믹,22.598239104011007,2926761914.6405387,3005463682.764926,938019852.8425602,1102804569.3366642,11550.695126090935,0.24944109057820907,6297217045.265314,48.11916826759286,5978187548.270642,0.7207484650302846,97.70339661792957,107.29418567691927,6049283.3996972265,1832597.9721208562
20234,11680531,논현2동,CS200017,골프연습장,LL,다이나믹,22.957060838357183,2129414339.070142,2252587722.3537135,1192976481.4723918,1018319750.5196805,10100.50954296718,-0.3705017627745946,6015448744.781614,48.09804320935986,5992430160.829343,1.125230408582095,100.56378453485159,109.6266244972278,6339635.081566114,1962562.878466459
20241,11680531,논현2동,CS200017,골프연습장,LL,다이나믹,23.034681731381347,2359511593.021057,2394016840.0883045,990864282.9199708,1094351775.384815,11682.400703795975,0.12644424742180316,5881935446.927738,48.09158207092459,6158508254.930961,1.6958414840581573,103.30330488891634,112.22258744583144,6369890.0793089,1938478.8154089244
20242,11680531,논현2동,CS200017,골프연습장,LL,다이나믹,23.320973007145255,1983909074.6495473,2164785207.9762874,1128315531.2076252,1119399166.338144,11689.507249490653,0.08284711707301096,5571601834.342559,48.107044677260475,5995539079.401579,0.4622796473082935,105.13159349076903,114.50829223046213,6455230.394361536,1958937.0957690477
20243,11680531,논현2동,CS200017,골프연습장,LL,다이나믹,23.52538748911629,2425130200.5581737,2684172086.26511,1005092214.7162006,1187614951.7960067,11531.62344683856,0.11060888146252024,5652477896.686048,48.811386700567716,6330558816.865621,0.6739987290632149,107.63750487791202,116.72298717047481,6668274.734403027,2018280.5434305689
20233,11680531,논현2동,CS200031,세탁소,LL,다이나믹,37.258468249537636,2926761914.6405387,3005463682.764926,938019852.8425602,1102804569.3366642,11550.695126090935,0.27197725682789065,6297217045.265314,48.11916826759286,5978187548.270642,1.4799076708751577,97.70339661792957,107.29418567691927,6049283.3996972265,1832597.9721208562
20234,11680531,논현2동,CS200031,세탁소,LL,다이나믹,37.71326224612148,2129414339.070142,2252587722.3537135,1192976481.4723918,1018319750.5196805,10100.50954296718,-0.18272492218899528,6015448744.781614,48.09804320935986,5992430160.829343,1.7166832309944673,100.56378453485159,109.6266244972278,6339635.081566114,1962562.878466459
20241,11680531,논현2동,CS200031,세탁소,LL,다이나믹,38.0697623259531,2359511593.021057,2394016840.0883045,990864282.9199708,1094351775.384815,11682.400703795975,0.4684218972253855,5881935446.927738,48.09158207092459,6158508254.930961,1.2874834321674522,103.30330488891634,112.22258744583144,6369890.0793089,1938478.8154089244
20242,11680531,논현2동,CS200031,세탁소,LL,다이나믹,37.87463248512392,1983909074.6495473,2164785207.9762874,1128315531.2076252,1119399166.338144,11689.507249490653,0.7213850013227148,5571601834.342559,48.107044677260475,5995539079.401579,0.6252057016804082,105.13159349076903,114.50829223046213,6455230.394361536,1958937.0957690477
20243,11680531,논현2동,CS200031,세탁소,LL,다이나믹,38.123955443279975,2425130200.5581737,2684172086.26511,1005092214.7162006,1187614951.7960067,11531.62344683856,0.18307623148819951,5652477896.686048,48.811386700567716,6330558816.865621,0.9613416575387204,107.63750487791202,116.72298717047481,6668274.734403027,2018280.5434305689
20233,11680531,논현2동,CS200037,노래방,LL,다이나믹,6.21876342032737,2926761914.6405387,3005463682.764926,938019852.8425602,1102804569.3366642,11550.695126090935,0.9914271478497697,6297217045.265314,48.11916826759286,5978187548.270642,-0.12419271536002777,97.70339661792957,107.29418567691927,6049283.3996972265,1832597.9721208562
20234,11680531,논현2동,CS200037,노래방,LL,다이나믹,5.597668698837027,2129414339.070142,2252587722.3537135,1192976481.4723918,1018319750.5196805,10100.50954296718,-0.758510217382482,6015448744.781614,48.09804320935986,5992430160.829343,-0.1720544189634546,100.56378453485159,109.6266244972278,6339635.081566114,1962562.878466459
20241,11680531,논현2동,CS200037,노래방,LL,다이나믹,5.300066675446581,2359511593.021057,2394016840.0883045,990864282.9199708,1094351775.384815,11682.400703795975,0.20714263139217481,5881935446.927738,48.09158207092459,6158508254.930961,0.02241736561704366,103.30330488891634,112.22258744583144,6369890.0793089,1938478.8154089244
20242,11680531,논현2동,CS200037,노래방,LL,다이나믹,4.612648172875216,1983909074.6495473,2164785207.9762874,1128315531.2076252,1119399166.338144,11689.507249490653,0.16349870708705638,5571601834.342559,48.107044677260475,5995539079.401579,0.027010677010487212,105.13159349076903,114.50829223046213,6455230.394361536,1958937.0957690477
20243,11680531,논현2동,CS200037,노래방,LL,다이나믹,3.9678323815214878,2425130200.5581737,2684172086.26511,1005092214.7162006,1187614951.7960067,11531.62344683856,0.519677569728837,5652477896.686048,48.811386700567716,6330558816.865621,-0.19513218895780024,107.63750487791202,116.72298717047481,6668274.734403027,2018280.5434305689
20233,11680531,논현2동,CS300002,편의점,LL,다이나믹,70.02586665286631,2926761914.6405387,3005463682.764926,938019852.8425602,1102804569.3366642,11550.695126090935,1.1725320211294123,6297217045.265314,48.11916826759286,5978187548.270642,-0.9486773107798413,97.70339661792957,107.29418567691927,6049283.3996972265,1832597.9721208562
20234,11680531,논현2동,CS300002,편의점,LL,다이나믹,68.54107505030062,2129414339.070142,2252587722.3537135,1192976481.4723918,1018319750.5196805,10100.50954296718,1.2307573858494936,6015448744.781614,48.09804320935986,5992430160.829343,-2.1271447568826365,100.56378453485159,109.6266244972278,6339635.081566114,1962562.878466459
20241,11680531,논현2동,CS300002,편의점,LL,다이나믹,68.50164827007072,2359511593.021057,2394016840.0883045,990864282.9199708,1094351775.384815,11682.400703795975,1.091056617802066,5881935446.927738,48.09158207092459,6158508254.930961,-0.12341398158891789,103.30330488891634,112.22258744583144,6369890.0793089,1938478.8154089244
20242,11680531,논현2동,CS300002,편의점,LL,다이나믹,69.03805100899903,1983909074.6495473,2164785207.9762874,1128315531.2076252,1119399166.338144,11689.507249490653,0.6743272771545228,5571601834.342559,48.107044677260475,5995539079.401579,0.18322421454837978,105.13159349076903,114.50829223046213,6455230.394361536,1958937.0957690477
20243,11680531,논현2동,CS300002,편의점,LL,다이나믹,68.03566565010337,2425130200.5581737,2684172086.26511,1005092214.7162006,1187614951.7960067,11531.62344683856,1.1939818186730036,5652477896.686048,48.811386700567716,6330558816.865621,-1.679485026681837,107.63750487791202,116.72298717047481,6668274.734403027,2018280.5434305689
20233,11680531,논현2동,CS300003,컴퓨터및주변장치판매,LL,다이나믹,63.881100149627116,2926761914.6405387,3005463682.764926,938019852.8425602,1102804569.3366642,11550.695126090935,0.6728733148124213,6297217045.265314,48.11916826759286,5978187548.270642,1.2489854045943438,97.70339661792957,107.29418567691927,6049283.3996972265,1832597.9721208562
20234,11680531,논현2동,CS300003,컴퓨터및주변장치판매,LL,다이나믹,63.08301518713844,2129414339.070142,2252587722.3537135,1192976481.4723918,1018319750.5196805,10100.50954296718,1.4884248809023226,6015448744.781614,48.09804320935986,5992430160.829343,0.04019919314805778,100.56378453485159,109.6266244972278,6339635.081566114,1962562.878466459
20241,11680531,논현2동,CS300003,컴퓨터및주변장치판매,LL,다이나믹,61.922206269593744,2359511593.021057,2394016840.0883045,990864282.9199708,1094351775.384815,11682.400703795975,1.5182402729446332,5881935446.927738,48.09158207092459,6158508254.930961,0.7637812740686298,103.30330488891634,112.22258744583144,6369890.0793089,1938478.8154089244
20242,11680531,논현2동,CS300003,컴퓨터및주변장치판매,LL,다이나믹,61.511658628587,1983909074.6495473,2164785207.9762874,1128315531.2076252,1119399166.338144,11689.507249490653,1.5635426434817754,5571601834.342559,48.107044677260475,5995539079.401579,0.3175603245673372,105.13159349076903,114.50829223046213,6455230.394361536,1958937.0957690477
20243,11680531,논현2동,CS300003,컴퓨터및주변장치판매,LL,다이나믹,62.345693701802325,2425130200.5581737,2684172086.26511,1005092214.7162006,1187614951.7960067,11531.62344683856,0.6714554082421168,5652477896.686048,48.811386700567716,6330558816.865621,1.0624005545258677,107.63750487791202,116.72298717047481,6668274.734403027,2018280.5434305689
20233,11680531,논현2동,CS300006,미곡판매,LL,다이나믹,8.962433384167682,2926761914.6405387,3005463682.764926,938019852.8425602,1102804569.3366642,11550.695126090935,0.1427031069059864,6297217045.265314,48.11916826759286,5978187548.270642,0.3516248565365583,97.70339661792957,107.29418567691927,6049283.3996972265,1832597.9721208562
20234,11680531,논현2동,CS300006,미곡판매,LL,다이나믹,9.20112641098541,2129414339.070142,2252587722.3537135,1192976481.4723918,1018319750.5196805,10100.50954296718,0.057238404241692076,6015448744.781614,48.09804320935986,5992430160.829343,0.22088744159571405,100.56378453485159,109.6266244972278,6339635.081566114,1962562.878466459
20241,11680531,논현2동,CS300006,미곡판매,LL,다이나믹,9.084887609551773,2359511593.021057,2394016840.0883045,990864282.9199708,1094351775.384815,11682.400703795975,0.24843690051016445,5881935446.927738,48.09158207092459,6158508254.930961,-0.22688988336645188,103.30330488891634,112.22258744583144,6369890.0793089,1938478.8154089244
20242,11680531,논현2동,CS300006,미곡판매,LL,다이나믹,6.326358854577972,1983909074.6495473,2164785207.9762874,1128315531.2076252,1119399166.338144,11689.507249490653,-0.12840747402775124,5571601834.342559,48.107044677260475,5995539079.401579,-0.2575912419470293,105.13159349076903,114.50829223046213,6455230.394361536,1958937.0957690477
20243,11680531,논현2동,CS300006,미곡판매,LL,다이나믹,5.365839003198711,2425130200.5581737,2684172086.26511,1005092214.7162006,1187614951.7960067,11531.62344683856,0.09566592984122807,5652477896.686048,48.811386700567716,6330558816.865621,0.1725401148173761,107.63750487791202,116.72298717047481,6668274.734403027,2018280.5434305689
20233,11680531,논현2동,CS300007,육류판매,LL,다이나믹,11.39859802079739,2926761914.6405387,3005463682.764926,938019852.8425602,1102804569.3366642,11550.695126090935,0.13212878075196755,6297217045.265314,48.11916826759286,5978187548.270642,0.752602467911807,97.70339661792957,107.29418567691927,6049283.3996972265,1832597.9721208562
20234,11680531,논현2동,CS300007,육류판매,LL,다이나믹,11.49005090770196,2129414339.070142,2252587722.3537135,1192976481.4723918,1018319750.5196805,10100.50954296718,0.31773339005848034,6015448744.781614,48.09804320935986,5992430160.829343,0.14474032628589462,100.56378453485159,109.6266244972278,6339635.081566114,1962562.878466459
20241,11680531,논현2동,CS300007,육류판매,LL,다이나믹,11.618342856809571,2359511593.021057,2394016840.0883045,990864282.9199708,1094351775.384815,11682.400703795975,0.7521578856867313,5881935446.927738,48.09158207092459,6158508254.930961,0.8213073753503983,103.30330488891634,112.22258744583144,6369890.0793089,1938478.8154089244
20242,11680531,논현2동,CS300007,육류판매,LL,다이나믹,11.092176790188514,1983909074.6495473,2164785207.9762874,1128315531.2076252,1119399166.338144,11689.507249490653,0.5347543741906947,5571601834.342559,48.107044677260475,5995539079.401579,0.18193458269649265,105.13159349076903,114.50829223046213,6455230.394361536,1958937.0957690477
20243,11680531,논현2동,CS300007,육류판매,LL,다이나믹,11.38723158809449,2425130200.5581737,2684172086.26511,1005092214.7162006,1187614951.7960067,11531.62344683856,0.1783449025278282,5652477896.686048,48.811386700567716,6330558816.865621,0.5223856782435878,107.63750487791202,116.72298717047481,6668274.734403027,2018280.5434305689
20233,11680531,논현2동,CS300010,반찬가게,LL,다이나믹,60.046413182984956,2926761914.6405387,3005463682.764926,938019852.8425602,1102804569.3366642,11550.695126090935,-1.362343197730107,6297217045.265314,48.11916826759286,5978187548.270642,0.7169707234725216,97.70339661792957,107.29418567691927,6049283.3996972265,1832597.9721208562
20234,11680531,논현2동,CS300010,반찬가게,LL,다이나믹,58.67295619586938,2129414339.070142,2252587722.3537135,1192976481.4723918,1018319750.5196805,10100.50954296718,0.31705687325706405,6015448744.781614,48.09804320935986,5992430160.829343,1.1586133530230565,100.56378453485159,109.6266244972278,6339635.081566114,1962562.878466459
20241,11680531,논현2동,CS300010,반찬가게,LL,다이나믹,60.22735589287655,2359511593.021057,2394016840.0883045,990864282.9199708,1094351775.384815,11682.400703795975,0.5094067523847379,5881935446.927738,48.09158207092459,6158508254.930961,0.21001926886494315,103.30330488891634,112.22258744583144,6369890.0793089,1938478.8154089244
20242,11680531,논현2동,CS300010,반찬가게,LL,다이나믹,61.560044982245095,1983909074.6495473,2164785207.9762874,1128315531.2076252,1119399166.338144,11689.507249490653,1.7536086250467764,5571601834.342559,48.107044677260475,5995539079.401579,2.331968742175373,105.13159349076903,114.50829223046213,6455230.394361536,1958937.0957690477
20243,11680531,논현2동,CS300010,반찬가게,LL,다이나믹,64.06518997857304,2425130200.5581737,2684172086.26511,1005092214.7162006,1187614951.7960067,11531.62344683856,-0.3306852527412736,5652477896.686048,48.811386700567716,6330558816.865621,0.9966343932928301,107.63750487791202,116.72298717047481,6668274.734403027,2018280.5434305689
20233,11680531,논현2동,CS300011,일반의류,LL,다이나믹,196.5757400492868,2926761914.6405387,3005463682.764926,938019852.8425602,1102804569.3366642,11550.695126090935,2.3667409055655932,6297217045.265314,48.11916826759286,5978187548.270642,1.4452113181103612,97.70339661792957,107.29418567691927,6049283.3996972265,1832597.9721208562
20234,11680531,논현2동,CS300011,일반의류,LL,다이나믹,189.04635915551546,2129414339.070142,2252587722.3537135,1192976481.4723918,1018319750.5196805,10100.50954296718,6.1207115266251435,6015448744.781614,48.09804320935986,5992430160.829343,0.46409074604168943,100.56378453485159,109.6266244972278,6339635.081566114,1962562.878466459
20241,11680531,논현2동,CS300011,일반의류,LL,다이나믹,192.75293718981297,2359511593.021057,2394016840.0883045,990864282.9199708,1094351775.384815,11682.400703795975,1.068516843957261,5881935446.927738,48.09158207092459,6158508254.930961,4.21505160454042,103.30330488891634,112.22258744583144,6369890.0793089,1938478.8154089244
20242,11680531,논현2동,CS300011,일반의류,LL,다이나믹,192.9525897653095,1983909074.6495473,2164785207.9762874,1128315531.2076252,1119399166.338144,11689.507249490653,3.2288546171563546,5571601834.342559,48.107044677260475,5995539079.401579,2.5774906276799383,105.13159349076903,114.50829223046213,6455230.394361536,1958937.0957690477
20243,11680531,논현2동,CS300011,일반의류,LL,다이나믹,193.05507099019187,2425130200.5581737,2684172086.26511,1005092214.7162006,1187614951.7960067,11531.62344683856,1.0724312555449702,5652477896.686048,48.811386700567716,6330558816.865621,0.38268157060048197,107.63750487791202,116.72298717047481,6668274.734403027,2018280.5434305689
20233,11680531,논현2동,CS300016,안경,LL,다이나믹,9.90787001640058,2926761914.6405387,3005463682.764926,938019852.8425602,1102804569.3366642,11550.695126090935,-0.04766701635614972,6297217045.265314,48.11916826759286,5978187548.270642,0.0973582529873098,97.70339661792957,107.29418567691927,6049283.3996972265,1832597.9721208562
20234,11680531,논현2동,CS300016,안경,LL,다이나믹,9.63686776029723,2129414339.070142,2252587722.3537135,1192976481.4723918,1018319750.5196805,10100.50954296718,0.4499470271673243,6015448744.781614,48.09804320935986,5992430160.829343,0.11620095092489015,100.56378453485159,109.6266244972278,6339635.081566114,1962562.878466459
20241,11680531,논현2동,CS300016,안경,LL,다이나믹,9.885659717312022,2359511593.021057,2394016840.0883045,990864282.9199708,1094351775.384815,11682.400703795975,-0.0905622024071902,5881935446.927738,48.09158207092459,6158508254.930961,0.36677177102037667,103.30330488891634,112.22258744583144,6369890.0793089,1938478.8154089244
20242,11680531,논현2동,CS300016,안경,LL,다이나믹,9.885669085925674,1983909074.6495473,2164785207.9762874,1128315531.2076252,1119399166.338144,11689.507249490653,-0.08877643787860204,5571601834.342559,48.107044677260475,5995539079.401579,0.11623963357713657,105.13159349076903,114.50829223046213,6455230.394361536,1958937.0957690477
20243,11680531,논현2동,CS300016,안경,LL,다이나믹,9.88180572860212,2425130200.5581737,2684172086.26511,1005092214.7162006,1187614951.7960067,11531.62344683856,-0.09138410443942542,5652477896.686048,48.811386700567716,6330558816.865621,0.11980749755570938,107.63750487791202,116.72298717047481,6668274.734403027,2018280.5434305689
20233,11680531,논현2동,CS300021,문구,LL,다이나믹,26.412440858909925,2926761914.6405387,3005463682.764926,938019852.8425602,1102804569.3366642,11550.695126090935,0.6216538945929759,6297217045.265314,48.11916826759286,5978187548.270642,-0.0033729256489616593,97.70339661792957,107.29418567691927,6049283.3996972265,1832597.9721208562
20234,11680531,논현2동,CS300021,문구,LL,다이나믹,26.71701488869082,2129414339.070142,2252587722.3537135,1192976481.4723918,1018319750.5196805,10100.50954296718,0.17733138845851365,6015448744.781614,48.09804320935986,5992430160.829343,0.6206846981729819,100.56378453485159,109.6266244972278,6339635.081566114,1962562.878466459
20241,11680531,논현2동,CS300021,문구,LL,다이나믹,26.13913563172505,2359511593.021057,2394016840.0883045,990864282.9199708,1094351775.384815,11682.400703795975,1.0663137029454792,5881935446.927738,48.09158207092459,6158508254.930961,0.029392567849597317,103.30330488891634,112.22258744583144,6369890.0793089,1938478.8154089244
20242,11680531,논현2동,CS300021,문구,LL,다이나믹,26.68341940193231,1983909074.6495473,2164785207.9762874,1128315531.2076252,1119399166.338144,11689.507249490653,0.17950847063224998,5571601834.342559,48.107044677260475,5995539079.401579,-0.0029534450506222276,105.13159349076903,114.50829223046213,6455230.394361536,1958937.0957690477
20243,11680531,논현2동,CS300021,문구,LL,다이나믹,26.258719596584704,2425130200.5581737,2684172086.26511,1005092214.7162006,1187614951.7960067,11531.62344683856,0.5573806457423316,5652477896.686048,48.811386700567716,6330558816.865621,-0.0035549717490291465,107.63750487791202,116.72298717047481,6668274.734403027,2018280.5434305689
20233,11680531,논현2동,CS300022,화장품,LL,다이나믹,235.19060769155334,2926761914.6405387,3005463682.764926,938019852.8425602,1102804569.3366642,11550.695126090935,3.0780910049445147,6297217045.265314,48.11916826759286,5978187548.270642,3.271149362946852,97.70339661792957,107.29418567691927,6049283.3996972265,1832597.9721208562
20234,11680531,논현2동,CS300022,화장품,LL,다이나믹,229.77504599170538,2129414339.070142,2252587722.3537135,1192976481.4723918,1018319750.5196805,10100.50954296718,8.20380380574153,6015448744.781614,48.09804320935986,5992430160.829343,2.0596089176683567,100.56378453485159,109.6266244972278,6339635.081566114,1962562.878466459
20241,11680531,논현2동,CS300022,화장품,LL,다이나믹,235.606524040092,2359511593.021057,2394016840.0883045,990864282.9199708,1094351775.384815,11682.400703795975,1.2115663562168653,5881935446.927738,48.09158207092459,6158508254.930961,2.188792905365886,103.30330488891634,112.22258744583144,6369890.0793089,1938478.8154089244
20242,11680531,논현2동,CS300022,화장품,LL,다이나믹,217.3496362172286,1983909074.6495473,2164785207.9762874,1128315531.2076252,1119399166.338144,11689.507249490653,5.566260549890963,5571601834.342559,48.107044677260475,5995539079.401579,3.415541634489836,105.13159349076903,114.50829223046213,6455230.394361536,1958937.0957690477
20243,11680531,논현2동,CS300022,화장품,LL,다이나믹,222.83292892447193,2425130200.5581737,2684172086.26511,1005092214.7162006,1187614951.7960067,11531.62344683856,8.201732640436237,5652477896.686048,48.811386700567716,6330558816.865621,2.5202878822556274,107.63750487791202,116.72298717047481,6668274.734403027,2018280.5434305689
20233,11680531,논현2동,CS300024,운동/경기용품,LL,다이나믹,79.32581767005244,2926761914.6405387,3005463682.764926,938019852.8425602,1102804569.3366642,11550.695126090935,0.573062771930777,6297217045.265314,48.11916826759286,5978187548.270642,2.099960834577346,97.70339661792957,107.29418567691927,6049283.3996972265,1832597.9721208562
20234,11680531,논현2동,CS300024,운동/경기용품,LL,다이나믹,80.96035329679306,2129414339.070142,2252587722.3537135,1192976481.4723918,1018319750.5196805,10100.50954296718,0.8250481149477569,6015448744.781614,48.09804320935986,5992430160.829343,1.4944928664333226,100.56378453485159,109.6266244972278,6339635.081566114,1962562.878466459
20241,11680531,논현2동,CS300024,운동/경기용품,LL,다이나믹,81.48192165532426,2359511593.021057,2394016840.0883045,990864282.9199708,1094351775.384815,11682.400703795975,-0.1853503351114516,5881935446.927738,48.09158207092459,6158508254.930961,2.15436532076102,103.30330488891634,112.22258744583144,6369890.0793089,1938478.8154089244
20242,11680531,논현2동,CS300024,운동/경기용품,LL,다이나믹,82.51205449670584,1983909074.6495473,2164785207.9762874,1128315531.2076252,1119399166.338144,11689.507249490653,1.6883332434264338,5571601834.342559,48.107044677260475,5995539079.401579,0.5180337401527035,105.13159349076903,114.50829223046213,6455230.394361536,1958937.0957690477
20243,11680531,논현2동,CS300024,운동/경기용품,LL,다이나믹,81.67177094092915,2425130200.5581737,2684172086.26511,1005092214.7162006,1187614951.7960067,11531.62344683856,0.64069902695471,5652477896.686048,48.811386700567716,6330558816.865621,1.9084437502149623,107.63750487791202,116.72298717047481,6668274.734403027,2018280.5434305689
20233,11680531,논현2동,CS300028,화초,LL,다이나믹,64.51342463722054,2926761914.6405387,3005463682.764926,938019852.8425602,1102804569.3366642,11550.695126090935,1.5222527232720622,6297217045.265314,48.11916826759286,5978187548.270642,0.3298588765551256,97.70339661792957,107.29418567691927,6049283.3996972265,1832597.9721208562
20234,11680531,논현2동,CS300028,화초,LL,다이나믹,64.35772887425718,2129414339.070142,2252587722.3537135,1192976481.4723918,1018319750.5196805,10100.50954296718,1.4420218265135651,6015448744.781614,48.09804320935986,5992430160.829343,0.7029895461564633,100.56378453485159,109.6266244972278,6339635.081566114,1962562.878466459
20241,11680531,논현2동,CS300028,화초,LL,다이나믹,64.61618410615763,2359511593.021057,2394016840.0883045,990864282.9199708,1094351775.384815,11682.400703795975,0.934816769909269,5881935446.927738,48.09158207092459,6158508254.930961,0.21125674745678769,103.30330488891634,112.22258744583144,6369890.0793089,1938478.8154089244
20242,11680531,논현2동,CS300028,화초,LL,다이나믹,64.0253369254728,1983909074.6495473,2164785207.9762874,1128315531.2076252,1119399166.338144,11689.507249490653,0.6533632761952135,5571601834.342559,48.107044677260475,5995539079.401579,-0.644775901659522,105.13159349076903,114.50829223046213,6455230.394361536,1958937.0957690477
20243,11680531,논현2동,CS300028,화초,LL,다이나믹,65.07671333491147,2425130200.5581737,2684172086.26511,1005092214.7162006,1187614951.7960067,11531.62344683856,1.6835155212344004,5652477896.686048,48.811386700567716,6330558816.865621,1.9634895330411732,107.63750487791202,116.72298717047481,6668274.734403027,2018280.5434305689
20233,11680531,논현2동,CS300029,애완동물,LL,다이나믹,27.739017303294254,2926761914.6405387,3005463682.764926,938019852.8425602,1102804569.3366642,11550.695126090935,2.1714980016286907,6297217045.265314,48.11916826759286,5978187548.270642,0.846941686307705,97.70339661792957,107.29418567691927,6049283.3996972265,1832597.9721208562
20234,11680531,논현2동,CS300029,애완동물,LL,다이나믹,29.04597870882281,2129414339.070142,2252587722.3537135,1192976481.4723918,1018319750.5196805,10100.50954296718,0.29780251924796286,6015448744.781614,48.09804320935986,5992430160.829343,0.16010938436191557,100.56378453485159,109.6266244972278,6339635.081566114,1962562.878466459
20241,11680531,논현2동,CS300029,애완동물,LL,다이나믹,29.652268480470255,2359511593.021057,2394016840.0883045,990864282.9199708,1094351775.384815,11682.400703795975,1.1096042688721142,5881935446.927738,48.09158207092459,6158508254.930961,1.4704963977986028,103.30330488891634,112.22258744583144,6369890.0793089,1938478.8154089244
20242,11680531,논현2동,CS300029,애완동물,LL,다이나믹,29.846805812627466,1983909074.6495473,2164785207.9762874,1128315531.2076252,1119399166.338144,11689.507249490653,1.9178164721066024,5571601834.342559,48.107044677260475,5995539079.401579,0.6604527451575262,105.13159349076903,114.50829223046213,6455230.394361536,1958937.0957690477
20243,11680531,논현2동,CS300029,애완동물,LL,다이나믹,30.364960303191708,2425130200.5581737,2684172086.26511,1005092214.7162006,1187614951.7960067,11531.62344683856,2.096808805930292,5652477896.686048,48.811386700567716,6330558816.865621,0.8882666211541956,107.63750487791202,116.72298717047481,6668274.734403027,2018280.5434305689
20233,11680531,논현2동,CS300031,가구,LL,다이나믹,67.208247441689,2926761914.6405387,3005463682.764926,938019852.8425602,1102804569.3366642,11550.695126090935,0.604446540185311,6297217045.265314,48.11916826759286,5978187548.270642,3.378156393038913,97.70339661792957,107.29418567691927,6049283.3996972265,1832597.9721208562
20234,11680531,논현2동,CS300031,가구,LL,다이나믹,66.78407713041503,2129414339.070142,2252587722.3537135,1192976481.4723918,1018319750.5196805,10100.50954296718,3.5445662254681585,6015448744.781614,48.09804320935986,5992430160.829343,0.7820259562051928,100.56378453485159,109.6266244972278,6339635.081566114,1962562.878466459
20241,11680531,논현2동,CS300031,가구,LL,다이나믹,66.42936427739862,2359511593.021057,2394016840.0883045,990864282.9199708,1094351775.384815,11682.400703795975,0.8649664720898703,5881935446.927738,48.09158207092459,6158508254.930961,0.6047040317369154,103.30330488891634,112.22258744583144,6369890.0793089,1938478.8154089244
20242,11680531,논현2동,CS300031,가구,LL,다이나믹,67.43815859031773,1983909074.6495473,2164785207.9762874,1128315531.2076252,1119399166.338144,11689.507249490653,0.7182177580899933,5571601834.342559,48.107044677260475,5995539079.401579,0.038970036304186495,105.13159349076903,114.50829223046213,6455230.394361536,1958937.0957690477
20243,11680531,논현2동,CS300031,가구,LL,다이나믹,67.74877195419222,2425130200.5581737,2684172086.26511,1005092214.7162006,1187614951.7960067,11531.62344683856,0.19615704128955724,5652477896.686048,48.811386700567716,6330558816.865621,2.3986209663522713,107.63750487791202,116.72298717047481,6668274.734403027,2018280.5434305689
20233,11680531,논현2동,CS300043,전자상거래업,LL,다이나믹,450.21258560393744,2926761914.6405387,3005463682.764926,938019852.8425602,1102804569.3366642,11550.695126090935,22.757025016838277,6297217045.265314,48.11916826759286,5978187548.270642,37.67316840441412,97.70339661792957,107.29418567691927,6049283.3996972265,1832597.9721208562
20234,11680531,논현2동,CS300043,전자상거래업,LL,다이나믹,439.13643953776034,2129414339.070142,2252587722.3537135,1192976481.4723918,1018319750.5196805,10100.50954296718,22.513968614052803,6015448744.781614,48.09804320935986,5992430160.829343,-46.21566652902141,100.56378453485159,109.6266244972278,6339635.081566114,1962562.878466459
20241,11680531,논현2동,CS300043,전자상거래업,LL,다이나믹,423.9108618821773,2359511593.021057,2394016840.0883045,990864282.9199708,1094351775.384815,11682.400703795975,24.359927531482935,5881935446.927738,48.09158207092459,6158508254.930961,-42.0111763989988,103.30330488891634,112.22258744583144,6369890.0793089,1938478.8154089244
20242,11680531,논현2동,CS300043,전자상거래업,LL,다이나믹,413.54411002175027,1983909074.6495473,2164785207.9762874,1128315531.2076252,1119399166.338144,11689.507249490653,29.98421878389574,5571601834.342559,48.107044677260475,5995539079.401579,-43.77668806717656,105.13159349076903,114.50829223046213,6455230.394361536,1958937.0957690477
20243,11680531,논현2동,CS300043,전자상거래업,LL,다이나믹,422.315666544209,2425130200.5581737,2684172086.26511,1005092214.7162006,1187614951.7960067,11531.62344683856,26.816403883126405,5652477896.686048,48.811386700567716,6330558816.865621,-45.04166864870301,107.63750487791202,116.72298717047481,6668274.734403027,2018280.5434305689
