STDR_YYQU_CD,ADSTRD_CD,ADSTRD_CD_NM,SVC_INDUTY_CD,SVC_INDUTY_CD_NM,TRDAR_CHNGE_IX,TRDAR_CHNGE_IX_NM,SIMILR_INDUTY_STOR_CO,SU_OPR_SALE_MT_AVRG,FD_EXPNDTR_TOTAMT,AGRDE_40_REPOP_CO,CLS_SALE_MT_AVRG,MAG_40_REPOP_CO,ETC_EXPNDTR_TOTAMT,FAG_40_REPOP_CO,AGRDE_60_ABOVE_REPOP_CO,FAG_20_REPOP_CO,FAG_60_ABOVE_REPOP_CO,OPR_SALE_MT_AVRG,AGRDE_50_REPOP_CO,FAG_50_REPOP_CO,MAG_60_ABOVE_REPOP_CO
20233,11680750,수서동,CS100001,한식음식점,HH,정체,100.71668539242735,107.29418567691927,1599279301.8790333,3676.5613743556223,56.28714375482978,2121.4739999972917,155021139.07186732,1544.718484401981,6954.926486988796,509.5688555548794,4223.339781528796,114.97111453378733,1763.365823250585,958.5315473455764,2683.2095688622294
20234,11680750,수서동,CS100001,한식음식점,HH,정체,99.34559476551698,109.6266244972278,1609468946.0257988,3686.938516180845,56.828166183557656,2123.7669005230123,173718365.5904511,1545.4176334366425,6965.907612446506,510.08591399906726,4223.53492416092,117.45036122708336,1769.2097200505245,959.3254483114297,2680.852351020616
20241,11680750,수서동,CS100001,한식음식점,HH,정체,99.3061974566546,112.22258744583144,1704145140.2509425,3681.6886080231384,57.01334460792596,2120.794593199638,174306927.06733152,1543.328010549559,6931.318500175484,504.64379870188077,4200.628365896251,119.18213152809882,1766.5804999749814,956.9407386903292,2670.114532567872
20242,11680750,수서동,CS100001,한식음식점,HH,정체,98.20108735661643,114.50829223046213,1675583612.9455283,3681.691397583512,57.167800679891386,2120.7947861410353,172417692.21960062,1543.3280324074422,6923.532134927001,504.64406553522554,4196.504604980299,121.12908954726998,1767.2450787666353,956.9406888767636,2667.777783819476
20243,11680750,수서동,CS100001,한식음식점,HH,정체,99.75894003793425,116.72298717047481,1769599634.150831,4953.35704277891,57.42189292724491,2873.715269252279,167903495.86119768,2046.9692975635573,7260.7224942054845,411.2125001233579,4438.378245438693,122.57216591472395,1437.7833016060133,761.3114802062743,2799.023937965729
20233,11680750,수서동,CS100002,중식음식점,HH,정체,7.5246610524120285,107.29418567691927,1599279301.8790333,3676.5613743556223,56.28714375482978,2121.4739999972917,155021139.07186732,1544.718484401981,6954.926486988796,509.5688555548794,4223.339781528796,114.97111453378733,1763.365823250585,958.5315473455764,2683.2095688622294
20234,11680750,수서동,CS100002,중식음식점,HH,정체,7.734809428263969,109.6266244972278,1609468946.0257988,3686.938516180845,56.828166183557656,2123.7669005230123,173718365.5904511,1545.4176334366425,6965.907612446506,510.08591399906726,4223.53492416092,117.45036122708336,1769.2097200505245,959.3254483114297,2680.852351020616
20241,11680750,수서동,CS100002,중식음식점,HH,정체,6.661268104430285,112.22258744583144,1704145140.2509425,3681.6886080231384,57.01334460792596,2120.794593199638,174306927.06733152,1543.328010549559,6931.318500175484,504.64379870188077,4200.628365896251,119.18213152809882,1766.5804999749814,956.9407386903292,2670.114532567872
20242,11680750,수서동,CS100002,중식음식점,HH,정체,7.682974201993473,114.50829223046213,1675583612.9455283,3681.691397583512,57.167800679891386,2120.7947861410353,172417692.21960062,1543.3280324074422,6923.532134927001,504.64406553522554,4196.504604980299,121.12908954726998,1767.2450787666353,956.9406888767636,2667.777783819476
20243,11680750,수서동,CS100002,중식음식점,HH,정체,7.198673901640774,116.72298717047481,1769599634.150831,4953.35704277891,57.42189292724491,2873.715269252279,167903495.86119768,2046.9692975635573,7260.7224942054845,411.2125001233579,4438.378245438693,122.57216591472395,1437.7833016060133,761.3114802062743,2799.023937965729
20233,11680750,수서동,CS100003,일식음식점,HH,정체,12.306978491497675,107.29418567691927,1599279301.8790333,3676.5613743556223,56.28714375482978,2121.4739999972917,155021139.07186732,1544.718484401981,6954.926486988796,509.5688555548794,4223.339781528796,114.97111453378733,1763.365823250585,958.5315473455764,2683.2095688622294
20234,11680750,수서동,CS100003,일식음식점,HH,정체,12.62187558309208,109.6266244972278,1609468946.0257988,3686.938516180845,56.828166183557656,2123.7669005230123,173718365.5904511,1545.4176334366425,6965.907612446506,510.08591399906726,4223.53492416092,117.45036122708336,1769.2097200505245,959.3254483114297,2680.852351020616
20241,11680750,수서동,CS100003,일식음식점,HH,정체,12.957746187007752,112.22258744583144,1704145140.2509425,3681.6886080231384,57.01334460792596,2120.794593199638,174306927.06733152,1543.328010549559,6931.318500175484,504.64379870188077,4200.628365896251,119.18213152809882,1766.5804999749814,956.9407386903292,2670.114532567872
20242,11680750,수서동,CS100003,일식음식점,HH,정체,14.648339255461053,114.50829223046213,1675583612.9455283,3681.691397583512,57.167800679891386,2120.7947861410353,172417692.21960062,1543.3280324074422,6923.532134927001,504.64406553522554,4196.504604980299,121.12908954726998,1767.2450787666353,956.9406888767636,2667.777783819476
20243,11680750,수서동,CS100003,일식음식점,HH,정체,15.53030569422368,116.72298717047481,1769599634.150831,4953.35704277891,57.42189292724491,2873.715269252279,167903495.86119768,2046.9692975635573,7260.7224942054845,411.2125001233579,4438.378245438693,122.57216591472395,1437.7833016060133,761.3114802062743,2799.023937965729
20233,11680750,수서동,CS100004,양식음식점,HH,정체,7.021083176079591,107.29418567691927,1599279301.8790333,3676.5613743556223,56.28714375482978,2121.4739999972917,155021139.07186732,1544.718484401981,6954.926486988796,509.5688555548794,4223.339781528796,114.97111453378733,1763.365823250585,958.5315473455764,2683.2095688622294
20234,11680750,수서동,CS100004,양식음식점,HH,정체,7.673725267968863,109.6266244972278,1609468946.0257988,3686.938516180845,56.828166183557656,2123.7669005230123,173718365.5904511,1545.4176334366425,6965.907612446506,510.08591399906726,4223.53492416092,117.45036122708336,1769.2097200505245,959.3254483114297,2680.852351020616
20241,11680750,수서동,CS100004,양식음식점,HH,정체,7.911553261183564,112.22258744583144,1704145140.2509425,3681.6886080231384,57.01334460792596,2120.794593199638,174306927.06733152,1543.328010549559,6931.318500175484,504.64379870188077,4200.628365896251,119.18213152809882,1766.5804999749814,956.9407386903292,2670.114532567872
20242,11680750,수서동,CS100004,양식음식점,HH,정체,7.932534085395868,114.50829223046213,1675583612.9455283,3681.691397583512,57.167800679891386,2120.7947861410353,172417692.21960062,1543.3280324074422,6923.532134927001,504.64406553522554,4196.504604980299,121.12908954726998,1767.2450787666353,956.9406888767636,2667.777783819476
20243,11680750,수서동,CS100004,양식음식점,HH,정체,7.946213157133021,116.72298717047481,1769599634.150831,4953.35704277891,57.42189292724491,2873.715269252279,167903495.86119768,2046.9692975635573,7260.7224942054845,411.2125001233579,4438.378245438693,122.57216591472395,1437.7833016060133,761.3114802062743,2799.023937965729
20233,11680750,수서동,CS100005,제과점,HH,정체,15.182136537233239,107.29418567691927,1599279301.8790333,3676.5613743556223,56.28714375482978,2121.4739999972917,155021139.07186732,1544.718484401981,6954.926486988796,509.5688555548794,4223.339781528796,114.97111453378733,1763.365823250585,958.5315473455764,2683.2095688622294
20234,11680750,수서동,CS100005,제과점,HH,정체,15.221867871631218,109.6266244972278,1609468946.0257988,3686.938516180845,56.828166183557656,2123.7669005230123,173718365.5904511,1545.4176334366425,6965.907612446506,510.08591399906726,4223.53492416092,117.45036122708336,1769.2097200505245,959.3254483114297,2680.852351020616
20241,11680750,수서동,CS100005,제과점,HH,정체,15.141618314518547,112.22258744583144,1704145140.2509425,3681.6886080231384,57.01334460792596,2120.794593199638,174306927.06733152,1543.328010549559,6931.318500175484,504.64379870188077,4200.628365896251,119.18213152809882,1766.5804999749814,956.9407386903292,2670.114532567872
20242,11680750,수서동,CS100005,제과점,HH,정체,15.213084998596026,114.50829223046213,1675583612.9455283,3681.691397583512,57.167800679891386,2120.7947861410353,172417692.21960062,1543.3280324074422,6923.532134927001,504.64406553522554,4196.504604980299,121.12908954726998,1767.2450787666353,956.9406888767636,2667.777783819476
20243,11680750,수서동,CS100005,제과점,HH,정체,15.070122952113374,116.72298717047481,1769599634.150831,4953.35704277891,57.42189292724491,2873.715269252279,167903495.86119768,2046.9692975635573,7260.7224942054845,411.2125001233579,4438.378245438693,122.57216591472395,1437.7833016060133,761.3114802062743,2799.023937965729
20233,11680750,수서동,CS100006,패스트푸드점,HH,정체,15.919650536184475,107.29418567691927,1599279301.8790333,3676.5613743556223,56.28714375482978,2121.4739999972917,155021139.07186732,1544.718484401981,6954.926486988796,509.5688555548794,4223.339781528796,114.97111453378733,1763.365823250585,958.5315473455764,2683.2095688622294
20234,11680750,수서동,CS100006,패스트푸드점,HH,정체,16.103396834634626,109.6266244972278,1609468946.0257988,3686.938516180845,56.828166183557656,2123.7669005230123,173718365.5904511,1545.4176334366425,6965.907612446506,510.08591399906726,4223.53492416092,117.45036122708336,1769.2097200505245,959.3254483114297,2680.852351020616
20241,11680750,수서동,CS100006,패스트푸드점,HH,정체,15.610128251674825,112.22258744583144,1704145140.2509425,3681.6886080231384,57.01334460792596,2120.794593199638,174306927.06733152,1543.328010549559,6931.318500175484,504.64379870188077,4200.628365896251,119.18213152809882,1766.5804999749814,956.9407386903292,2670.114532567872
20242,11680750,수서동,CS100006,패스트푸드점,HH,정체,16.268864747571616,114.50829223046213,1675583612.9455283,3681.691397583512,57.167800679891386,2120.7947861410353,172417692.21960062,1543.3280324074422,6923.532134927001,504.64406553522554,4196.504604980299,121.12908954726998,1767.2450787666353,956.9406888767636,2667.777783819476
20243,11680750,수서동,CS100006,패스트푸드점,HH,정체,16.658621079475232,116.72298717047481,1769599634.150831,4953.35704277891,57.42189292724491,2873.715269252279,167903495.86119768,2046.9692975635573,7260.7224942054845,411.2125001233579,4438.378245438693,122.57216591472395,1437.7833016060133,761.3114802062743,2799.023937965729
20233,11680750,수서동,CS100007,치킨전문점,HH,정체,7.54428117610073,107.29418567691927,1599279301.8790333,3676.5613743556223,56.28714375482978,2121.4739999972917,155021139.07186732,1544.718484401981,6954.926486988796,509.5688555548794,4223.339781528796,114.97111453378733,1763.365823250585,958.5315473455764,2683.2095688622294
20234,11680750,수서동,CS100007,치킨전문점,HH,정체,6.357849045642131,109.6266244972278,1609468946.0257988,3686.938516180845,56.828166183557656,2123.7669005230123,173718365.5904511,1545.4176334366425,6965.907612446506,510.08591399906726,4223.53492416092,117.45036122708336,1769.2097200505245,959.3254483114297,2680.852351020616
20241,11680750,수서동,CS100007,치킨전문점,HH,정체,6.1616791259906725,112.22258744583144,1704145140.2509425,3681.6886080231384,57.01334460792596,2120.794593199638,174306927.06733152,1543.328010549559,6931.318500175484,504.64379870188077,4200.628365896251,119.18213152809882,1766.5804999749814,956.9407386903292,2670.114532567872
20242,11680750,수서동,CS100007,치킨전문점,HH,정체,6.639217872285769,114.50829223046213,1675583612.9455283,3681.691397583512,57.167800679891386,2120.7947861410353,172417692.21960062,1543.3280324074422,6923.532134927001,504.64406553522554,4196.504604980299,121.12908954726998,1767.2450787666353,956.9406888767636,2667.777783819476
20243,11680750,수서동,CS100007,치킨전문점,HH,정체,7.053184733674247,116.72298717047481,1769599634.150831,4953.35704277891,57.42189292724491,2873.715269252279,167903495.86119768,2046.9692975635573,7260.7224942054845,411.2125001233579,4438.378245438693,122.57216591472395,1437.7833016060133,761.3114802062743,2799.023937965729
20233,11680750,수서동,CS100008,분식전문점,HH,정체,15.759213187955663,107.29418567691927,1599279301.8790333,3676.5613743556223,56.28714375482978,2121.4739999972917,155021139.07186732,1544.718484401981,6954.926486988796,509.5688555548794,4223.339781528796,114.97111453378733,1763.365823250585,958.5315473455764,2683.2095688622294
20234,11680750,수서동,CS100008,분식전문점,HH,정체,15.849824855789901,109.6266244972278,1609468946.0257988,3686.938516180845,56.828166183557656,2123.7669005230123,173718365.5904511,1545.4176334366425,6965.907612446506,510.08591399906726,4223.53492416092,117.45036122708336,1769.2097200505245,959.3254483114297,2680.852351020616
20241,11680750,수서동,CS100008,분식전문점,HH,정체,15.443524027072767,112.22258744583144,1704145140.2509425,3681.6886080231384,57.01334460792596,2120.794593199638,174306927.06733152,1543.328010549559,6931.318500175484,504.64379870188077,4200.628365896251,119.18213152809882,1766.5804999749814,956.9407386903292,2670.114532567872
20242,11680750,수서동,CS100008,분식전문점,HH,정체,16.605517109387392,114.50829223046213,1675583612.9455283,3681.691397583512,57.167800679891386,2120.7947861410353,172417692.21960062,1543.3280324074422,6923.532134927001,504.64406553522554,4196.504604980299,121.12908954726998,1767.2450787666353,956.9406888767636,2667.777783819476
20243,11680750,수서동,CS100008,분식전문점,HH,정체,16.381036530204643,116.72298717047481,1769599634.150831,4953.35704277891,57.42189292724491,2873.715269252279,167903495.86119768,2046.9692975635573,7260.7224942054845,411.2125001233579,4438.378245438693,122.57216591472395,1437.7833016060133,761.3114802062743,2799.023937965729
20233,11680750,수서동,CS100010,커피-음료,HH,정체,47.29623043623242,107.29418567691927,1599279301.8790333,3676.5613743556223,56.28714375482978,2121.4739999972917,155021139.07186732,1544.718484401981,6954.926486988796,509.5688555548794,4223.339781528796,114.97111453378733,1763.365823250585,958.5315473455764,2683.2095688622294
20234,11680750,수서동,CS100010,커피-음료,HH,정체,48.818854623505615,109.6266244972278,1609468946.0257988,3686.938516180845,56.828166183557656,2123.7669005230123,173718365.5904511,1545.4176334366425,6965.907612446506,510.08591399906726,4223.53492416092,117.45036122708336,1769.2097200505245,959.3254483114297,2680.852351020616
20241,11680750,수서동,CS100010,커피-음료,HH,정체,49.72098957571586,112.22258744583144,1704145140.2509425,3681.6886080231384,57.01334460792596,2120.794593199638,174306927.06733152,1543.328010549559,6931.318500175484,504.64379870188077,4200.628365896251,119.18213152809882,1766.5804999749814,956.9407386903292,2670.114532567872
20242,11680750,수서동,CS100010,커피-음료,HH,정체,47.99841748575299,114.50829223046213,1675583612.9455283,3681.691397583512,57.167800679891386,2120.7947861410353,172417692.21960062,1543.3280324074422,6923.532134927001,504.64406553522554,4196.504604980299,121.12908954726998,1767.2450787666353,956.9406888767636,2667.777783819476
20243,11680750,수서동,CS100010,커피-음료,HH,정체,48.57936943668963,116.72298717047481,1769599634.150831,4953.35704277891,57.42189292724491,2873.715269252279,167903495.86119768,2046.9692975635573,7260.7224942054845,411.2125001233579,4438.378245438693,122.57216591472395,1437.7833016060133,761.3114802062743,2799.023937965729
20233,11680750,수서동,CS200001,일반교습학원,HH,정체,6.836006556444109,107.29418567691927,1599279301.8790333,3676.5613743556223,56.28714375482978,2121.4739999972917,155021139.07186732,1544.718484401981,6954.926486988796,509.5688555548794,4223.339781528796,114.97111453378733,1763.365823250585,958.5315473455764,2683.2095688622294
20234,11680750,수서동,CS200001,일반교습학원,HH,정체,7.038999995503972,109.6266244972278,1609468946.0257988,3686.938516180845,56.828166183557656,2123.7669005230123,173718365.5904511,1545.4176334366425,6965.907612446506,510.08591399906726,4223.53492416092,117.45036122708336,1769.2097200505245,959.3254483114297,2680.852351020616
20241,11680750,수서동,CS200001,일반교습학원,HH,정체,7.223629967342987,112.22258744583144,1704145140.2509425,3681.6886080231384,57.01334460792596,2120.794593199638,174306927.06733152,1543.328010549559,6931.318500175484,504.64379870188077,4200.628365896251,119.18213152809882,1766.5804999749814,956.9407386903292,2670.114532567872
20242,11680750,수서동,CS200001,일반교습학원,HH,정체,7.242516772161192,114.50829223046213,1675583612.9455283,3681.691397583512,57.167800679891386,2120.7947861410353,172417692.21960062,1543.3280324074422,6923.532134927001,504.64406553522554,4196.504604980299,121.12908954726998,1767.2450787666353,956.9406888767636,2667.777783819476
20243,11680750,수서동,CS200001,일반교습학원,HH,정체,7.643029643476423,116.72298717047481,1769599634.150831,4953.35704277891,57.42189292724491,2873.715269252279,167903495.86119768,2046.9692975635573,7260.7224942054845,411.2125001233579,4438.378245438693,122.57216591472395,1437.7833016060133,761.3114802062743,2799.023937965729
20233,11680750,수서동,CS200031,세탁소,HH,정체,7.083786571532139,107.29418567691927,1599279301.8790333,3676.5613743556223,56.28714375482978,2121.4739999972917,155021139.07186732,1544.718484401981,6954.926486988796,509.5688555548794,4223.339781528796,114.97111453378733,1763.365823250585,958.5315473455764,2683.2095688622294
20234,11680750,수서동,CS200031,세탁소,HH,정체,7.258062333102468,109.6266244972278,1609468946.0257988,3686.938516180845,56.828166183557656,2123.7669005230123,173718365.5904511,1545.4176334366425,6965.907612446506,510.08591399906726,4223.53492416092,117.45036122708336,1769.2097200505245,959.3254483114297,2680.852351020616
20241,11680750,수서동,CS200031,세탁소,HH,정체,7.180204805812215,112.22258744583144,1704145140.2509425,3681.6886080231384,57.01334460792596,2120.794593199638,174306927.06733152,1543.328010549559,6931.318500175484,504.64379870188077,4200.628365896251,119.18213152809882,1766.5804999749814,956.9407386903292,2670.114532567872
20242,11680750,수서동,CS200031,세탁소,HH,정체,7.053418039071035,114.50829223046213,1675583612.9455283,3681.691397583512,57.167800679891386,2120.7947861410353,172417692.21960062,1543.3280324074422,6923.532134927001,504.64406553522554,4196.504604980299,121.12908954726998,1767.2450787666353,956.9406888767636,2667.777783819476
20243,11680750,수서동,CS200031,세탁소,HH,정체,7.213406605959114,116.72298717047481,1769599634.150831,4953.35704277891,57.42189292724491,2873.715269252279,167903495.86119768,2046.9692975635573,7260.7224942054845,411.2125001233579,4438.378245438693,122.57216591472395,1437.7833016060133,761.3114802062743,2799.023937965729
20233,11680750,수서동,CS200037,노래방,HH,정체,2.9090125405872582,107.29418567691927,1599279301.8790333,3676.5613743556223,56.28714375482978,2121.4739999972917,155021139.07186732,1544.718484401981,6954.926486988796,509.5688555548794,4223.339781528796,114.97111453378733,1763.365823250585,958.5315473455764,2683.2095688622294
20234,11680750,수서동,CS200037,노래방,HH,정체,3.0260427530065095,109.6266244972278,1609468946.0257988,3686.938516180845,56.828166183557656,2123.7669005230123,173718365.5904511,1545.4176334366425,6965.907612446506,510.08591399906726,4223.53492416092,117.45036122708336,1769.2097200505245,959.3254483114297,2680.852351020616
20241,11680750,수서동,CS200037,노래방,HH,정체,2.766226711144299,112.22258744583144,1704145140.2509425,3681.6886080231384,57.01334460792596,2120.794593199638,174306927.06733152,1543.328010549559,6931.318500175484,504.64379870188077,4200.628365896251,119.18213152809882,1766.5804999749814,956.9407386903292,2670.114532567872
20242,11680750,수서동,CS200037,노래방,HH,정체,2.595668045890834,114.50829223046213,1675583612.9455283,3681.691397583512,57.167800679891386,2120.7947861410353,172417692.21960062,1543.3280324074422,6923.532134927001,504.64406553522554,4196.504604980299,121.12908954726998,1767.2450787666353,956.9406888767636,2667.777783819476
20243,11680750,수서동,CS200037,노래방,HH,정체,2.5021417391654,116.72298717047481,1769599634.150831,4953.35704277891,57.42189292724491,2873.715269252279,167903495.86119768,2046.9692975635573,7260.7224942054845,411.2125001233579,4438.378245438693,122.57216591472395,1437.7833016060133,761.3114802062743,2799.023937965729
20233,11680750,수서동,CS300002,편의점,HH,정체,9.269435847725283,107.29418567691927,1599279301.8790333,3676.5613743556223,56.28714375482978,2121.4739999972917,155021139.07186732,1544.718484401981,6954.926486988796,509.5688555548794,4223.339781528796,114.97111453378733,1763.365823250585,958.5315473455764,2683.2095688622294
20234,11680750,수서동,CS300002,편의점,HH,정체,8.913893596297411,109.6266244972278,1609468946.0257988,3686.938516180845,56.828166183557656,2123.7669005230123,173718365.5904511,1545.4176334366425,6965.907612446506,510.08591399906726,4223.53492416092,117.45036122708336,1769.2097200505245,959.3254483114297,2680.852351020616
20241,11680750,수서동,CS300002,편의점,HH,정체,6.450785894785263,112.22258744583144,1704145140.2509425,3681.6886080231384,57.01334460792596,2120.794593199638,174306927.06733152,1543.328010549559,6931.318500175484,504.64379870188077,4200.628365896251,119.18213152809882,1766.5804999749814,956.9407386903292,2670.114532567872
20242,11680750,수서동,CS300002,편의점,HH,정체,4.4546285906044085,114.50829223046213,1675583612.9455283,3681.691397583512,57.167800679891386,2120.7947861410353,172417692.21960062,1543.3280324074422,6923.532134927001,504.64406553522554,4196.504604980299,121.12908954726998,1767.2450787666353,956.9406888767636,2667.777783819476
20243,11680750,수서동,CS300002,편의점,HH,정체,-2.813159008432743,116.72298717047481,1769599634.150831,4953.35704277891,57.42189292724491,2873.715269252279,167903495.86119768,2046.9692975635573,7260.7224942054845,411.2125001233579,4438.378245438693,122.57216591472395,1437.7833016060133,761.3114802062743,2799.023937965729
20233,11680750,수서동,CS300004,핸드폰,HH,정체,4.111241839180435,107.29418567691927,1599279301.8790333,3676.5613743556223,56.28714375482978,2121.4739999972917,155021139.07186732,1544.718484401981,6954.926486988796,509.5688555548794,4223.339781528796,114.97111453378733,1763.365823250585,958.5315473455764,2683.2095688622294
20234,11680750,수서동,CS300004,핸드폰,HH,정체,4.042630890238867,109.6266244972278,1609468946.0257988,3686.938516180845,56.828166183557656,2123.7669005230123,173718365.5904511,1545.4176334366425,6965.907612446506,510.08591399906726,4223.53492416092,117.45036122708336,1769.2097200505245,959.3254483114297,2680.852351020616
20241,11680750,수서동,CS300004,핸드폰,HH,정체,3.819245399424455,112.22258744583144,1704145140.2509425,3681.6886080231384,57.01334460792596,2120.794593199638,174306927.06733152,1543.328010549559,6931.318500175484,504.64379870188077,4200.628365896251,119.18213152809882,1766.5804999749814,956.9407386903292,2670.114532567872
20242,11680750,수서동,CS300004,핸드폰,HH,정체,3.7864349695495387,114.50829223046213,1675583612.9455283,3681.691397583512,57.167800679891386,2120.7947861410353,172417692.21960062,1543.3280324074422,6923.532134927001,504.64406553522554,4196.504604980299,121.12908954726998,1767.2450787666353,956.9406888767636,2667.777783819476
20243,11680750,수서동,CS300004,핸드폰,HH,정체,3.799585318512901,116.72298717047481,1769599634.150831,4953.35704277891,57.42189292724491,2873.715269252279,167903495.86119768,2046.9692975635573,7260.7224942054845,411.2125001233579,4438.378245438693,122.57216591472395,1437.7833016060133,761.3114802062743,2799.023937965729
20233,11680750,수서동,CS300010,반찬가게,HH,정체,30.25970561132417,107.29418567691927,1599279301.8790333,3676.5613743556223,56.28714375482978,2121.4739999972917,155021139.07186732,1544.718484401981,6954.926486988796,509.5688555548794,4223.339781528796,114.97111453378733,1763.365823250585,958.5315473455764,2683.2095688622294
20234,11680750,수서동,CS300010,반찬가게,HH,정체,30.70991543036111,109.6266244972278,1609468946.0257988,3686.938516180845,56.828166183557656,2123.7669005230123,173718365.5904511,1545.4176334366425,6965.907612446506,510.08591399906726,4223.53492416092,117.45036122708336,1769.2097200505245,959.3254483114297,2680.852351020616
20241,11680750,수서동,CS300010,반찬가게,HH,정체,31.373953975463966,112.22258744583144,1704145140.2509425,3681.6886080231384,57.01334460792596,2120.794593199638,174306927.06733152,1543.328010549559,6931.318500175484,504.64379870188077,4200.628365896251,119.18213152809882,1766.5804999749814,956.9407386903292,2670.114532567872
20242,11680750,수서동,CS300010,반찬가게,HH,정체,30.950238993262133,114.50829223046213,1675583612.9455283,3681.691397583512,57.167800679891386,2120.7947861410353,172417692.21960062,1543.3280324074422,6923.532134927001,504.64406553522554,4196.504604980299,121.12908954726998,1767.2450787666353,956.9406888767636,2667.777783819476
20243,11680750,수서동,CS300010,반찬가게,HH,정체,30.980986516618515,116.72298717047481,1769599634.150831,4953.35704277891,57.42189292724491,2873.715269252279,167903495.86119768,2046.9692975635573,7260.7224942054845,411.2125001233579,4438.378245438693,122.57216591472395,1437.7833016060133,761.3114802062743,2799.023937965729
20233,11680750,수서동,CS300011,일반의류,HH,정체,31.433726270420692,107.29418567691927,1599279301.8790333,3676.5613743556223,56.28714375482978,2121.4739999972917,155021139.07186732,1544.718484401981,6954.926486988796,509.5688555548794,4223.339781528796,114.97111453378733,1763.365823250585,958.5315473455764,2683.2095688622294
20234,11680750,수서동,CS300011,일반의류,HH,정체,31.355844221540867,109.6266244972278,1609468946.0257988,3686.938516180845,56.828166183557656,2123.7669005230123,173718365.5904511,1545.4176334366425,6965.907612446506,510.08591399906726,4223.53492416092,117.45036122708336,1769.2097200505245,959.3254483114297,2680.852351020616
20241,11680750,수서동,CS300011,일반의류,HH,정체,32.200717501223245,112.22258744583144,1704145140.2509425,3681.6886080231384,57.01334460792596,2120.794593199638,174306927.06733152,1543.328010549559,6931.318500175484,504.64379870188077,4200.628365896251,119.18213152809882,1766.5804999749814,956.9407386903292,2670.114532567872
20242,11680750,수서동,CS300011,일반의류,HH,정체,32.350838914902255,114.50829223046213,1675583612.9455283,3681.691397583512,57.167800679891386,2120.7947861410353,172417692.21960062,1543.3280324074422,6923.532134927001,504.64406553522554,4196.504604980299,121.12908954726998,1767.2450787666353,956.9406888767636,2667.777783819476
20243,11680750,수서동,CS300011,일반의류,HH,정체,36.62785344388668,116.72298717047481,1769599634.150831,4953.35704277891,57.42189292724491,2873.715269252279,167903495.86119768,2046.9692975635573,7260.7224942054845,411.2125001233579,4438.378245438693,122.57216591472395,1437.7833016060133,761.3114802062743,2799.023937965729
20233,11680750,수서동,CS300016,안경,HH,정체,5.9999999999834905,107.29418567691927,1599279301.8790333,3676.5613743556223,56.28714375482978,2121.4739999972917,155021139.07186732,1544.718484401981,6954.926486988796,509.5688555548794,4223.339781528796,114.97111453378733,1763.365823250585,958.5315473455764,2683.2095688622294
20234,11680750,수서동,CS300016,안경,HH,정체,5.645451017425405,109.6266244972278,1609468946.0257988,3686.938516180845,56.828166183557656,2123.7669005230123,173718365.5904511,1545.4176334366425,6965.907612446506,510.08591399906726,4223.53492416092,117.45036122708336,1769.2097200505245,959.3254483114297,2680.852351020616
20241,11680750,수서동,CS300016,안경,HH,정체,5.6454510174324195,112.22258744583144,1704145140.2509425,3681.6886080231384,57.01334460792596,2120.794593199638,174306927.06733152,1543.328010549559,6931.318500175484,504.64379870188077,4200.628365896251,119.18213152809882,1766.5804999749814,956.9407386903292,2670.114532567872
20242,11680750,수서동,CS300016,안경,HH,정체,5.6454510174324195,114.50829223046213,1675583612.9455283,3681.691397583512,57.167800679891386,2120.7947861410353,172417692.21960062,1543.3280324074422,6923.532134927001,504.64406553522554,4196.504604980299,121.12908954726998,1767.2450787666353,956.9406888767636,2667.777783819476
20243,11680750,수서동,CS300016,안경,HH,정체,5.645451017420342,116.72298717047481,1769599634.150831,4953.35704277891,57.42189292724491,2873.715269252279,167903495.86119768,2046.9692975635573,7260.7224942054845,411.2125001233579,4438.378245438693,122.57216591472395,1437.7833016060133,761.3114802062743,2799.023937965729
20233,11680750,수서동,CS300020,서적,HH,정체,4.000000000000002,107.29418567691927,1599279301.8790333,3676.5613743556223,56.28714375482978,2121.4739999972917,155021139.07186732,1544.718484401981,6954.926486988796,509.5688555548794,4223.339781528796,114.97111453378733,1763.365823250585,958.5315473455764,2683.2095688622294
20234,11680750,수서동,CS300020,서적,HH,정체,4.0000000000000036,109.6266244972278,1609468946.0257988,3686.938516180845,56.828166183557656,2123.7669005230123,173718365.5904511,1545.4176334366425,6965.907612446506,510.08591399906726,4223.53492416092,117.45036122708336,1769.2097200505245,959.3254483114297,2680.852351020616
20241,11680750,수서동,CS300020,서적,HH,정체,4.000000000000004,112.22258744583144,1704145140.2509425,3681.6886080231384,57.01334460792596,2120.794593199638,174306927.06733152,1543.328010549559,6931.318500175484,504.64379870188077,4200.628365896251,119.18213152809882,1766.5804999749814,956.9407386903292,2670.114532567872
20242,11680750,수서동,CS300020,서적,HH,정체,4.000000000000002,114.50829223046213,1675583612.9455283,3681.691397583512,57.167800679891386,2120.7947861410353,172417692.21960062,1543.3280324074422,6923.532134927001,504.64406553522554,4196.504604980299,121.12908954726998,1767.2450787666353,956.9406888767636,2667.777783819476
20243,11680750,수서동,CS300020,서적,HH,정체,4.0000000000000036,116.72298717047481,1769599634.150831,4953.35704277891,57.42189292724491,2873.715269252279,167903495.86119768,2046.9692975635573,7260.7224942054845,411.2125001233579,4438.378245438693,122.57216591472395,1437.7833016060133,761.3114802062743,2799.023937965729
20233,11680750,수서동,CS300021,문구,HH,정체,8.732146452111952,107.29418567691927,1599279301.8790333,3676.5613743556223,56.28714375482978,2121.4739999972917,155021139.07186732,1544.718484401981,6954.926486988796,509.5688555548794,4223.339781528796,114.97111453378733,1763.365823250585,958.5315473455764,2683.2095688622294
20234,11680750,수서동,CS300021,문구,HH,정체,8.623621454396446,109.6266244972278,1609468946.0257988,3686.938516180845,56.828166183557656,2123.7669005230123,173718365.5904511,1545.4176334366425,6965.907612446506,510.08591399906726,4223.53492416092,117.45036122708336,1769.2097200505245,959.3254483114297,2680.852351020616
20241,11680750,수서동,CS300021,문구,HH,정체,8.364654295597118,112.22258744583144,1704145140.2509425,3681.6886080231384,57.01334460792596,2120.794593199638,174306927.06733152,1543.328010549559,6931.318500175484,504.64379870188077,4200.628365896251,119.18213152809882,1766.5804999749814,956.9407386903292,2670.114532567872
20242,11680750,수서동,CS300021,문구,HH,정체,9.079623201371284,114.50829223046213,1675583612.9455283,3681.691397583512,57.167800679891386,2120.7947861410353,172417692.21960062,1543.3280324074422,6923.532134927001,504.64406553522554,4196.504604980299,121.12908954726998,1767.2450787666353,956.9406888767636,2667.777783819476
20243,11680750,수서동,CS300021,문구,HH,정체,8.265392753973785,116.72298717047481,1769599634.150831,4953.35704277891,57.42189292724491,2873.715269252279,167903495.86119768,2046.9692975635573,7260.7224942054845,411.2125001233579,4438.378245438693,122.57216591472395,1437.7833016060133,761.3114802062743,2799.023937965729
20233,11680750,수서동,CS300022,화장품,HH,정체,39.23389359170312,107.29418567691927,1599279301.8790333,3676.5613743556223,56.28714375482978,2121.4739999972917,155021139.07186732,1544.718484401981,6954.926486988796,509.5688555548794,4223.339781528796,114.97111453378733,1763.365823250585,958.5315473455764,2683.2095688622294
20234,11680750,수서동,CS300022,화장품,HH,정체,39.39047810468663,109.6266244972278,1609468946.0257988,3686.938516180845,56.828166183557656,2123.7669005230123,173718365.5904511,1545.4176334366425,6965.907612446506,510.08591399906726,4223.53492416092,117.45036122708336,1769.2097200505245,959.3254483114297,2680.852351020616
20241,11680750,수서동,CS300022,화장품,HH,정체,38.26591569896152,112.22258744583144,1704145140.2509425,3681.6886080231384,57.01334460792596,2120.794593199638,174306927.06733152,1543.328010549559,6931.318500175484,504.64379870188077,4200.628365896251,119.18213152809882,1766.5804999749814,956.9407386903292,2670.114532567872
20242,11680750,수서동,CS300022,화장품,HH,정체,36.20696283407535,114.50829223046213,1675583612.9455283,3681.691397583512,57.167800679891386,2120.7947861410353,172417692.21960062,1543.3280324074422,6923.532134927001,504.64406553522554,4196.504604980299,121.12908954726998,1767.2450787666353,956.9406888767636,2667.777783819476
20243,11680750,수서동,CS300022,화장품,HH,정체,37.56338978649076,116.72298717047481,1769599634.150831,4953.35704277891,57.42189292724491,2873.715269252279,167903495.86119768,2046.9692975635573,7260.7224942054845,411.2125001233579,4438.378245438693,122.57216591472395,1437.7833016060133,761.3114802062743,2799.023937965729
20233,11680750,수서동,CS300043,전자상거래업,HH,정체,60.27042644996057,107.29418567691927,1599279301.8790333,3676.5613743556223,56.28714375482978,2121.4739999972917,155021139.07186732,1544.718484401981,6954.926486988796,509.5688555548794,4223.339781528796,114.97111453378733,1763.365823250585,958.5315473455764,2683.2095688622294
20234,11680750,수서동,CS300043,전자상거래업,HH,정체,61.130846565348975,109.6266244972278,1609468946.0257988,3686.938516180845,56.828166183557656,2123.7669005230123,173718365.5904511,1545.4176334366425,6965.907612446506,510.08591399906726,4223.53492416092,117.45036122708336,1769.2097200505245,959.3254483114297,2680.852351020616
20241,11680750,수서동,CS300043,전자상거래업,HH,정체,62.13701014053044,112.22258744583144,1704145140.2509425,3681.6886080231384,57.01334460792596,2120.794593199638,174306927.06733152,1543.328010549559,6931.318500175484,504.64379870188077,4200.628365896251,119.18213152809882,1766.5804999749814,956.9407386903292,2670.114532567872
20242,11680750,수서동,CS300043,전자상거래업,HH,정체,62.98661451588519,114.50829223046213,1675583612.9455283,3681.691397583512,57.167800679891386,2120.7947861410353,172417692.21960062,1543.3280324074422,6923.532134927001,504.64406553522554,4196.504604980299,121.12908954726998,1767.2450787666353,956.9406888767636,2667.777783819476
20243,11680750,수서동,CS300043,전자상거래업,HH,정체,66.46059096403798,116.72298717047481,1769599634.150831,4953.35704277891,57.42189292724491,2873.715269252279,167903495.86119768,2046.9692975635573,7260.7224942054845,411.2125001233579,4438.378245438693,122.57216591472395,1437.7833016060133,761.3114802062743,2799.023937965729
