STDR_YYQU_CD,SIGNGU_CD,SIGNGU_CD_NM,SVC_INDUTY_CD,SVC_INDUTY_CD_NM,TRDAR_CHNGE_IX,TRDAR_CHNGE_IX_NM,SIMILR_INDUTY_STOR_CO,MCP_EXPNDTR_TOTAMT,CLS_SALE_MT_AVRG,OPBIZ_STOR_CO,CLSBIZ_STOR_CO,ETC_EXPNDTR_TOTAMT,FDSTFFS_EXPNDTR_TOTAMT,SU_OPR_SALE_MT_AVRG,FAG_10_REPOP_CO,TRNSPORT_EXPNDTR_TOTAMT,SU_CLS_SALE_MT_AVRG,CLTHS_FTWR_EXPNDTR_TOTAMT,EXPNDTR_TOTAMT,FD_EXPNDTR_TOTAMT,MAG_50_REPOP_CO
20233,11260,중랑구,CS100001,한식음식점,LL,다이나믹,2099.93578289757,10258796824.396559,49.0,65.49061927165673,91.96971042977354,2598002230.522082,18565961945.689163,107.29418567691927,19561.6866449823,4309852980.051981,51.97776192433717,1396480214.9470282,65006293161.50929,17275329132.90198,31428.38321578714
20234,11260,중랑구,CS100001,한식음식점,LL,다이나믹,2090.654971354793,9800393096.228226,49.99999936981228,49.43623543676821,62.63525561709754,2516932018.697086,19437546871.79726,109.6266244972278,19556.701891110883,3862967003.803287,52.69131572027656,1377355183.7495959,66749489018.43889,17644415551.692005,31461.75324499081
20241,11260,중랑구,CS100001,한식음식점,LL,다이나믹,2096.5286074210103,10121242479.204504,49.99999936981292,68.57809191873905,77.02983576628402,2591158090.7007337,20003276450.411407,112.22258744583144,19474.749056091492,4056162445.0370955,52.76576021139123,1553783102.8040848,69662881253.90195,19011069690.71101,31429.868424647786
20242,11260,중랑구,CS100001,한식음식점,LL,다이나믹,2076.4227405596216,9633113293.819405,49.99999936981292,60.772633043199015,102.95167262347924,2365758261.8708706,20248843041.740135,114.50829223046213,19390.588787541517,4478378513.935045,52.83624740966744,1188802528.5130837,68519414854.12479,18420748394.974518,31460.078413476644
20243,11260,중랑구,CS100001,한식음식점,LL,다이나믹,2061.7693141008062,9371685536.42802,49.99999936981292,57.79995075140798,96.01485065882675,2377794655.279283,19291038261.71272,116.72298717047481,17057.630585400297,4070463244.3036923,52.81923223653176,1474898559.5988476,67590979401.87459,19029741134.05043,30026.4038762511
20233,11260,중랑구,CS100002,중식음식점,LL,다이나믹,123.25361100156258,10258796824.396559,49.0,7.683714250594603,3.0998072218810275,2598002230.522082,18565961945.689163,107.29418567691927,19561.6866449823,4309852980.051981,51.97776192433717,1396480214.9470282,65006293161.50929,17275329132.90198,31428.38321578714
20234,11260,중랑구,CS100002,중식음식점,LL,다이나믹,122.09937166422466,9800393096.228226,49.99999936981228,5.637814239075512,2.588294143687392,2516932018.697086,19437546871.79726,109.6266244972278,19556.701891110883,3862967003.803287,52.69131572027656,1377355183.7495959,66749489018.43889,17644415551.692005,31461.75324499081
20241,11260,중랑구,CS100002,중식음식점,LL,다이나믹,127.84773460968432,10121242479.204504,49.99999936981292,9.54584621019696,4.176006822892103,2591158090.7007337,20003276450.411407,112.22258744583144,19474.749056091492,4056162445.0370955,52.76576021139123,1553783102.8040848,69662881253.90195,19011069690.71101,31429.868424647786
20242,11260,중랑구,CS100002,중식음식점,LL,다이나믹,123.82883940283749,9633113293.819405,49.99999936981292,9.165537667020434,14.462061637781709,2365758261.8708706,20248843041.740135,114.50829223046213,19390.588787541517,4478378513.935045,52.83624740966744,1188802528.5130837,68519414854.12479,18420748394.974518,31460.078413476644
20243,11260,중랑구,CS100002,중식음식점,LL,다이나믹,129.81785181216586,9371685536.42802,49.99999936981292,8.331666604818956,2.7754220016320073,2377794655.279283,19291038261.71272,116.72298717047481,17057.630585400297,4070463244.3036923,52.81923223653176,1474898559.5988476,67590979401.87459,19029741134.05043,30026.4038762511
20233,11260,중랑구,CS100003,일식음식점,LL,다이나믹,159.8869445319933,10258796824.396559,49.0,4.976648592591521,3.1389210398414127,2598002230.522082,18565961945.689163,107.29418567691927,19561.6866449823,4309852980.051981,51.97776192433717,1396480214.9470282,65006293161.50929,17275329132.90198,31428.38321578714
20234,11260,중랑구,CS100003,일식음식점,LL,다이나믹,162.53796347206372,9800393096.228226,49.99999936981228,7.729656346995534,3.2593441890403723,2516932018.697086,19437546871.79726,109.6266244972278,19556.701891110883,3862967003.803287,52.69131572027656,1377355183.7495959,66749489018.43889,17644415551.692005,31461.75324499081
20241,11260,중랑구,CS100003,일식음식점,LL,다이나믹,168.71041410784105,10121242479.204504,49.99999936981292,8.50680775312086,4.234777206447618,2591158090.7007337,20003276450.411407,112.22258744583144,19474.749056091492,4056162445.0370955,52.76576021139123,1553783102.8040848,69662881253.90195,19011069690.71101,31429.868424647786
20242,11260,중랑구,CS100003,일식음식점,LL,다이나믹,173.3711824847025,9633113293.819405,49.99999936981292,10.459407816756228,7.136733054169382,2365758261.8708706,20248843041.740135,114.50829223046213,19390.588787541517,4478378513.935045,52.83624740966744,1188802528.5130837,68519414854.12479,18420748394.974518,31460.078413476644
20243,11260,중랑구,CS100003,일식음식점,LL,다이나믹,176.76808990438013,9371685536.42802,49.99999936981292,6.253974187169926,3.005662827399073,2377794655.279283,19291038261.71272,116.72298717047481,17057.630585400297,4070463244.3036923,52.81923223653176,1474898559.5988476,67590979401.87459,19029741134.05043,30026.4038762511
20233,11260,중랑구,CS100005,제과점,LL,다이나믹,152.65612939783273,10258796824.396559,49.0,4.39730595174633,8.457483247093498,2598002230.522082,18565961945.689163,107.29418567691927,19561.6866449823,4309852980.051981,51.97776192433717,1396480214.9470282,65006293161.50929,17275329132.90198,31428.38321578714
20234,11260,중랑구,CS100005,제과점,LL,다이나믹,154.7804802021223,9800393096.228226,49.99999936981228,5.031578043274293,6.0449523566977295,2516932018.697086,19437546871.79726,109.6266244972278,19556.701891110883,3862967003.803287,52.69131572027656,1377355183.7495959,66749489018.43889,17644415551.692005,31461.75324499081
20241,11260,중랑구,CS100005,제과점,LL,다이나믹,159.69478463543135,10121242479.204504,49.99999936981292,12.997036614467195,7.556272685287294,2591158090.7007337,20003276450.411407,112.22258744583144,19474.749056091492,4056162445.0370955,52.76576021139123,1553783102.8040848,69662881253.90195,19011069690.71101,31429.868424647786
20242,11260,중랑구,CS100005,제과점,LL,다이나믹,159.28948400312314,9633113293.819405,49.99999936981292,5.471152355146774,7.046216804743957,2365758261.8708706,20248843041.740135,114.50829223046213,19390.588787541517,4478378513.935045,52.83624740966744,1188802528.5130837,68519414854.12479,18420748394.974518,31460.078413476644
20243,11260,중랑구,CS100005,제과점,LL,다이나믹,161.08253912798463,9371685536.42802,49.99999936981292,4.038867733400355,6.084328326859477,2377794655.279283,19291038261.71272,116.72298717047481,17057.630585400297,4070463244.3036923,52.81923223653176,1474898559.5988476,67590979401.87459,19029741134.05043,30026.4038762511
20233,11260,중랑구,CS100006,패스트푸드점,LL,다이나믹,160.27626591045527,10258796824.396559,49.0,7.679176875188921,4.411959431851527,2598002230.522082,18565961945.689163,107.29418567691927,19561.6866449823,4309852980.051981,51.97776192433717,1396480214.9470282,65006293161.50929,17275329132.90198,31428.38321578714
20234,11260,중랑구,CS100006,패스트푸드점,LL,다이나믹,155.28079284055835,9800393096.228226,49.99999936981228,5.390108568687323,7.894219019630394,2516932018.697086,19437546871.79726,109.6266244972278,19556.701891110883,3862967003.803287,52.69131572027656,1377355183.7495959,66749489018.43889,17644415551.692005,31461.75324499081
20241,11260,중랑구,CS100006,패스트푸드점,LL,다이나믹,159.0604066276184,10121242479.204504,49.99999936981292,3.2673070925211665,7.228857139485276,2591158090.7007337,20003276450.411407,112.22258744583144,19474.749056091492,4056162445.0370955,52.76576021139123,1553783102.8040848,69662881253.90195,19011069690.71101,31429.868424647786
20242,11260,중랑구,CS100006,패스트푸드점,LL,다이나믹,157.54221923746698,9633113293.819405,49.99999936981292,3.779230587354049,8.533198494714139,2365758261.8708706,20248843041.740135,114.50829223046213,19390.588787541517,4478378513.935045,52.83624740966744,1188802528.5130837,68519414854.12479,18420748394.974518,31460.078413476644
20243,11260,중랑구,CS100006,패스트푸드점,LL,다이나믹,162.82507671473715,9371685536.42802,49.99999936981292,6.119763570733655,6.491655511545855,2377794655.279283,19291038261.71272,116.72298717047481,17057.630585400297,4070463244.3036923,52.81923223653176,1474898559.5988476,67590979401.87459,19029741134.05043,30026.4038762511
20233,11260,중랑구,CS100007,치킨전문점,LL,다이나믹,213.53824257137657,10258796824.396559,49.0,16.023891454991475,12.236360026014253,2598002230.522082,18565961945.689163,107.29418567691927,19561.6866449823,4309852980.051981,51.97776192433717,1396480214.9470282,65006293161.50929,17275329132.90198,31428.38321578714
20234,11260,중랑구,CS100007,치킨전문점,LL,다이나믹,216.80137705714088,9800393096.228226,49.99999936981228,9.062407787354784,13.770334743306872,2516932018.697086,19437546871.79726,109.6266244972278,19556.701891110883,3862967003.803287,52.69131572027656,1377355183.7495959,66749489018.43889,17644415551.692005,31461.75324499081
20241,11260,중랑구,CS100007,치킨전문점,LL,다이나믹,214.43828064528137,10121242479.204504,49.99999936981292,12.936918454470987,12.062923533579713,2591158090.7007337,20003276450.411407,112.22258744583144,19474.749056091492,4056162445.0370955,52.76576021139123,1553783102.8040848,69662881253.90195,19011069690.71101,31429.868424647786
20242,11260,중랑구,CS100007,치킨전문점,LL,다이나믹,220.08645779707177,9633113293.819405,49.99999936981292,7.555965839640945,13.356697084450712,2365758261.8708706,20248843041.740135,114.50829223046213,19390.588787541517,4478378513.935045,52.83624740966744,1188802528.5130837,68519414854.12479,18420748394.974518,31460.078413476644
20243,11260,중랑구,CS100007,치킨전문점,LL,다이나믹,204.1169621423548,9371685536.42802,49.99999936981292,13.289838066651246,15.03754994943684,2377794655.279283,19291038261.71272,116.72298717047481,17057.630585400297,4070463244.3036923,52.81923223653176,1474898559.5988476,67590979401.87459,19029741134.05043,30026.4038762511
20233,11260,중랑구,CS100008,분식전문점,LL,다이나믹,409.09908732194697,10258796824.396559,49.0,16.27166553316595,20.690406917116903,2598002230.522082,18565961945.689163,107.29418567691927,19561.6866449823,4309852980.051981,51.97776192433717,1396480214.9470282,65006293161.50929,17275329132.90198,31428.38321578714
20234,11260,중랑구,CS100008,분식전문점,LL,다이나믹,416.4454608016211,9800393096.228226,49.99999936981228,20.120632036804395,15.123777526742597,2516932018.697086,19437546871.79726,109.6266244972278,19556.701891110883,3862967003.803287,52.69131572027656,1377355183.7495959,66749489018.43889,17644415551.692005,31461.75324499081
20241,11260,중랑구,CS100008,분식전문점,LL,다이나믹,428.91044956722016,10121242479.204504,49.99999936981292,25.32878008595154,20.319965735720157,2591158090.7007337,20003276450.411407,112.22258744583144,19474.749056091492,4056162445.0370955,52.76576021139123,1553783102.8040848,69662881253.90195,19011069690.71101,31429.868424647786
20242,11260,중랑구,CS100008,분식전문점,LL,다이나믹,432.4189231838114,9633113293.819405,49.99999936981292,29.61223901420239,20.087772598478594,2365758261.8708706,20248843041.740135,114.50829223046213,19390.588787541517,4478378513.935045,52.83624740966744,1188802528.5130837,68519414854.12479,18420748394.974518,31460.078413476644
20243,11260,중랑구,CS100008,분식전문점,LL,다이나믹,431.99856498289955,9371685536.42802,49.99999936981292,21.27871543678054,20.9456515449477,2377794655.279283,19291038261.71272,116.72298717047481,17057.630585400297,4070463244.3036923,52.81923223653176,1474898559.5988476,67590979401.87459,19029741134.05043,30026.4038762511
20233,11260,중랑구,CS100009,호프-간이주점,LL,다이나믹,365.26802095167193,10258796824.396559,49.0,17.90218845986488,6.8351262131118045,2598002230.522082,18565961945.689163,107.29418567691927,19561.6866449823,4309852980.051981,51.97776192433717,1396480214.9470282,65006293161.50929,17275329132.90198,31428.38321578714
20234,11260,중랑구,CS100009,호프-간이주점,LL,다이나믹,368.85659804743955,9800393096.228226,49.99999936981228,14.796075113258976,-4.091303779960986,2516932018.697086,19437546871.79726,109.6266244972278,19556.701891110883,3862967003.803287,52.69131572027656,1377355183.7495959,66749489018.43889,17644415551.692005,31461.75324499081
20241,11260,중랑구,CS100009,호프-간이주점,LL,다이나믹,370.34829643505,10121242479.204504,49.99999936981292,26.307187194079486,9.014279755212428,2591158090.7007337,20003276450.411407,112.22258744583144,19474.749056091492,4056162445.0370955,52.76576021139123,1553783102.8040848,69662881253.90195,19011069690.71101,31429.868424647786
20242,11260,중랑구,CS100009,호프-간이주점,LL,다이나믹,372.19674380301296,9633113293.819405,49.99999936981292,20.05982492306373,2.181872394178848,2365758261.8708706,20248843041.740135,114.50829223046213,19390.588787541517,4478378513.935045,52.83624740966744,1188802528.5130837,68519414854.12479,18420748394.974518,31460.078413476644
20243,11260,중랑구,CS100009,호프-간이주점,LL,다이나믹,378.06971207320964,9371685536.42802,49.99999936981292,18.79354024215093,2.27341284659067,2377794655.279283,19291038261.71272,116.72298717047481,17057.630585400297,4070463244.3036923,52.81923223653176,1474898559.5988476,67590979401.87459,19029741134.05043,30026.4038762511
20233,11260,중랑구,CS100010,커피-음료,LL,다이나믹,559.3794975442322,10258796824.396559,49.0,38.6520175378505,28.12086055113059,2598002230.522082,18565961945.689163,107.29418567691927,19561.6866449823,4309852980.051981,51.97776192433717,1396480214.9470282,65006293161.50929,17275329132.90198,31428.38321578714
20234,11260,중랑구,CS100010,커피-음료,LL,다이나믹,574.0717495449261,9800393096.228226,49.99999936981228,36.289049929888584,28.61735099507549,2516932018.697086,19437546871.79726,109.6266244972278,19556.701891110883,3862967003.803287,52.69131572027656,1377355183.7495959,66749489018.43889,17644415551.692005,31461.75324499081
20241,11260,중랑구,CS100010,커피-음료,LL,다이나믹,588.257037947768,10121242479.204504,49.99999936981292,44.85058906361807,38.86254736350504,2591158090.7007337,20003276450.411407,112.22258744583144,19474.749056091492,4056162445.0370955,52.76576021139123,1553783102.8040848,69662881253.90195,19011069690.71101,31429.868424647786
20242,11260,중랑구,CS100010,커피-음료,LL,다이나믹,588.7831424167478,9633113293.819405,49.99999936981292,33.99440125947949,44.50317222350601,2365758261.8708706,20248843041.740135,114.50829223046213,19390.588787541517,4478378513.935045,52.83624740966744,1188802528.5130837,68519414854.12479,18420748394.974518,31460.078413476644
20243,11260,중랑구,CS100010,커피-음료,LL,다이나믹,603.7818325454443,9371685536.42802,49.99999936981292,40.555308766444035,36.24102740801003,2377794655.279283,19291038261.71272,116.72298717047481,17057.630585400297,4070463244.3036923,52.81923223653176,1474898559.5988476,67590979401.87459,19029741134.05043,30026.4038762511
20233,11260,중랑구,CS200001,일반교습학원,LL,다이나믹,341.0994241604009,10258796824.396559,49.0,4.405955065486594,9.196829343532917,2598002230.522082,18565961945.689163,107.29418567691927,19561.6866449823,4309852980.051981,51.97776192433717,1396480214.9470282,65006293161.50929,17275329132.90198,31428.38321578714
20234,11260,중랑구,CS200001,일반교습학원,LL,다이나믹,333.00212050946584,9800393096.228226,49.99999936981228,-0.0524606772071623,8.973025974668026,2516932018.697086,19437546871.79726,109.6266244972278,19556.701891110883,3862967003.803287,52.69131572027656,1377355183.7495959,66749489018.43889,17644415551.692005,31461.75324499081
20241,11260,중랑구,CS200001,일반교습학원,LL,다이나믹,328.86455446177524,10121242479.204504,49.99999936981292,0.7443312425142865,5.805329625914256,2591158090.7007337,20003276450.411407,112.22258744583144,19474.749056091492,4056162445.0370955,52.76576021139123,1553783102.8040848,69662881253.90195,19011069690.71101,31429.868424647786
20242,11260,중랑구,CS200001,일반교습학원,LL,다이나믹,315.57997363967354,9633113293.819405,49.99999936981292,1.6370565560557395,10.76517541629512,2365758261.8708706,20248843041.740135,114.50829223046213,19390.588787541517,4478378513.935045,52.83624740966744,1188802528.5130837,68519414854.12479,18420748394.974518,31460.078413476644
20243,11260,중랑구,CS200001,일반교습학원,LL,다이나믹,302.9578753684957,9371685536.42802,49.99999936981292,-0.8079836726154802,11.667463680281333,2377794655.279283,19291038261.71272,116.72298717047481,17057.630585400297,4070463244.3036923,52.81923223653176,1474898559.5988476,67590979401.87459,19029741134.05043,30026.4038762511
20233,11260,중랑구,CS200002,외국어학원,LL,다이나믹,101.3550081340863,10258796824.396559,49.0,11.30960682245062,0.539409998640948,2598002230.522082,18565961945.689163,107.29418567691927,19561.6866449823,4309852980.051981,51.97776192433717,1396480214.9470282,65006293161.50929,17275329132.90198,31428.38321578714
20234,11260,중랑구,CS200002,외국어학원,LL,다이나믹,107.83974521615093,9800393096.228226,49.99999936981228,6.492117519522515,2.0644815950622677,2516932018.697086,19437546871.79726,109.6266244972278,19556.701891110883,3862967003.803287,52.69131572027656,1377355183.7495959,66749489018.43889,17644415551.692005,31461.75324499081
20241,11260,중랑구,CS200002,외국어학원,LL,다이나믹,115.40627501709383,10121242479.204504,49.99999936981292,7.2659927303091365,0.9548066295620053,2591158090.7007337,20003276450.411407,112.22258744583144,19474.749056091492,4056162445.0370955,52.76576021139123,1553783102.8040848,69662881253.90195,19011069690.71101,31429.868424647786
20242,11260,중랑구,CS200002,외국어학원,LL,다이나믹,123.94212188493864,9633113293.819405,49.99999936981292,11.026397768340038,2.1745036773860384,2365758261.8708706,20248843041.740135,114.50829223046213,19390.588787541517,4478378513.935045,52.83624740966744,1188802528.5130837,68519414854.12479,18420748394.974518,31460.078413476644
20243,11260,중랑구,CS200002,외국어학원,LL,다이나믹,137.15531073945263,9371685536.42802,49.99999936981292,14.933362480483291,0.5733223356950341,2377794655.279283,19291038261.71272,116.72298717047481,17057.630585400297,4070463244.3036923,52.81923223653176,1474898559.5988476,67590979401.87459,19029741134.05043,30026.4038762511
20233,11260,중랑구,CS200003,예술학원,LL,다이나믹,230.33497815268657,10258796824.396559,49.0,8.681558829791435,3.4728498851802887,2598002230.522082,18565961945.689163,107.29418567691927,19561.6866449823,4309852980.051981,51.97776192433717,1396480214.9470282,65006293161.50929,17275329132.90198,31428.38321578714
20234,11260,중랑구,CS200003,예술학원,LL,다이나믹,227.9163663132677,9800393096.228226,49.99999936981228,5.666295920712566,10.626975537343771,2516932018.697086,19437546871.79726,109.6266244972278,19556.701891110883,3862967003.803287,52.69131572027656,1377355183.7495959,66749489018.43889,17644415551.692005,31461.75324499081
20241,11260,중랑구,CS200003,예술학원,LL,다이나믹,236.5841360825366,10121242479.204504,49.99999936981292,8.229641129420592,1.7299951311893969,2591158090.7007337,20003276450.411407,112.22258744583144,19474.749056091492,4056162445.0370955,52.76576021139123,1553783102.8040848,69662881253.90195,19011069690.71101,31429.868424647786
20242,11260,중랑구,CS200003,예술학원,LL,다이나믹,231.04516440187663,9633113293.819405,49.99999936981292,6.11134497857417,11.67251523338937,2365758261.8708706,20248843041.740135,114.50829223046213,19390.588787541517,4478378513.935045,52.83624740966744,1188802528.5130837,68519414854.12479,18420748394.974518,31460.078413476644
20243,11260,중랑구,CS200003,예술학원,LL,다이나믹,238.1850019871553,9371685536.42802,49.99999936981292,8.495831769414732,3.4878913264368414,2377794655.279283,19291038261.71272,116.72298717047481,17057.630585400297,4070463244.3036923,52.81923223653176,1474898559.5988476,67590979401.87459,19029741134.05043,30026.4038762511
20233,11260,중랑구,CS200016,당구장,LL,다이나믹,135.84529977825358,10258796824.396559,49.0,8.273494080812931,9.859287480174531,2598002230.522082,18565961945.689163,107.29418567691927,19561.6866449823,4309852980.051981,51.97776192433717,1396480214.9470282,65006293161.50929,17275329132.90198,31428.38321578714
20234,11260,중랑구,CS200016,당구장,LL,다이나믹,131.7941767844266,9800393096.228226,49.99999936981228,6.4686310662603725,9.905861458087815,2516932018.697086,19437546871.79726,109.6266244972278,19556.701891110883,3862967003.803287,52.69131572027656,1377355183.7495959,66749489018.43889,17644415551.692005,31461.75324499081
20241,11260,중랑구,CS200016,당구장,LL,다이나믹,132.095282455847,10121242479.204504,49.99999936981292,6.648056003975391,10.702689458994818,2591158090.7007337,20003276450.411407,112.22258744583144,19474.749056091492,4056162445.0370955,52.76576021139123,1553783102.8040848,69662881253.90195,19011069690.71101,31429.868424647786
20242,11260,중랑구,CS200016,당구장,LL,다이나믹,129.0510705620461,9633113293.819405,49.99999936981292,5.296297641411351,9.42814086147844,2365758261.8708706,20248843041.740135,114.50829223046213,19390.588787541517,4478378513.935045,52.83624740966744,1188802528.5130837,68519414854.12479,18420748394.974518,31460.078413476644
20243,11260,중랑구,CS200016,당구장,LL,다이나믹,131.18012152537835,9371685536.42802,49.99999936981292,8.335310484480067,11.60381450645156,2377794655.279283,19291038261.71272,116.72298717047481,17057.630585400297,4070463244.3036923,52.81923223653176,1474898559.5988476,67590979401.87459,19029741134.05043,30026.4038762511
20233,11260,중랑구,CS200017,골프연습장,LL,다이나믹,39.19725996923011,10258796824.396559,49.0,2.6323943611034233,0.25425936614722433,2598002230.522082,18565961945.689163,107.29418567691927,19561.6866449823,4309852980.051981,51.97776192433717,1396480214.9470282,65006293161.50929,17275329132.90198,31428.38321578714
20234,11260,중랑구,CS200017,골프연습장,LL,다이나믹,40.93888730657729,9800393096.228226,49.99999936981228,4.853038675015691,0.20617242045455586,2516932018.697086,19437546871.79726,109.6266244972278,19556.701891110883,3862967003.803287,52.69131572027656,1377355183.7495959,66749489018.43889,17644415551.692005,31461.75324499081
20241,11260,중랑구,CS200017,골프연습장,LL,다이나믹,40.30825261941179,10121242479.204504,49.99999936981292,1.7594613117913118,1.8931717357773123,2591158090.7007337,20003276450.411407,112.22258744583144,19474.749056091492,4056162445.0370955,52.76576021139123,1553783102.8040848,69662881253.90195,19011069690.71101,31429.868424647786
20242,11260,중랑구,CS200017,골프연습장,LL,다이나믹,40.17315944571327,9633113293.819405,49.99999936981292,0.7649791500939509,-0.04718014821066607,2365758261.8708706,20248843041.740135,114.50829223046213,19390.588787541517,4478378513.935045,52.83624740966744,1188802528.5130837,68519414854.12479,18420748394.974518,31460.078413476644
20243,11260,중랑구,CS200017,골프연습장,LL,다이나믹,39.87443342455045,9371685536.42802,49.99999936981292,3.4586841177847476,0.9078373861033523,2377794655.279283,19291038261.71272,116.72298717047481,17057.630585400297,4070463244.3036923,52.81923223653176,1474898559.5988476,67590979401.87459,19029741134.05043,30026.4038762511
20233,11260,중랑구,CS200019,PC방,LL,다이나믹,37.63956069037426,10258796824.396559,49.0,-0.9186111058372584,4.847171119120068,2598002230.522082,18565961945.689163,107.29418567691927,19561.6866449823,4309852980.051981,51.97776192433717,1396480214.9470282,65006293161.50929,17275329132.90198,31428.38321578714
20234,11260,중랑구,CS200019,PC방,LL,다이나믹,32.644444938627956,9800393096.228226,49.99999936981228,-3.0250962309755423,0.6153421431644892,2516932018.697086,19437546871.79726,109.6266244972278,19556.701891110883,3862967003.803287,52.69131572027656,1377355183.7495959,66749489018.43889,17644415551.692005,31461.75324499081
20241,11260,중랑구,CS200019,PC방,LL,다이나믹,27.435952248566238,10121242479.204504,49.99999936981292,-1.597781234632019,3.2989078722524923,2591158090.7007337,20003276450.411407,112.22258744583144,19474.749056091492,4056162445.0370955,52.76576021139123,1553783102.8040848,69662881253.90195,19011069690.71101,31429.868424647786
20242,11260,중랑구,CS200019,PC방,LL,다이나믹,22.245497471749765,9633113293.819405,49.99999936981292,-2.3211612529537615,3.2223898124930614,2365758261.8708706,20248843041.740135,114.50829223046213,19390.588787541517,4478378513.935045,52.83624740966744,1188802528.5130837,68519414854.12479,18420748394.974518,31460.078413476644
20243,11260,중랑구,CS200019,PC방,LL,다이나믹,16.526823085578012,9371685536.42802,49.99999936981292,-2.060350711002062,3.284828334058119,2377794655.279283,19291038261.71272,116.72298717047481,17057.630585400297,4070463244.3036923,52.81923223653176,1474898559.5988476,67590979401.87459,19029741134.05043,30026.4038762511
20233,11260,중랑구,CS200026,자동차미용,LL,다이나믹,70.80713440149898,10258796824.396559,49.0,-0.512627691247129,4.9424478651289085,2598002230.522082,18565961945.689163,107.29418567691927,19561.6866449823,4309852980.051981,51.97776192433717,1396480214.9470282,65006293161.50929,17275329132.90198,31428.38321578714
20234,11260,중랑구,CS200026,자동차미용,LL,다이나믹,67.87753170881481,9800393096.228226,49.99999936981228,2.408667709175123,7.034164684575589,2516932018.697086,19437546871.79726,109.6266244972278,19556.701891110883,3862967003.803287,52.69131572027656,1377355183.7495959,66749489018.43889,17644415551.692005,31461.75324499081
20241,11260,중랑구,CS200026,자동차미용,LL,다이나믹,65.52711102240058,10121242479.204504,49.99999936981292,-0.1692567944118185,3.0775319161656958,2591158090.7007337,20003276450.411407,112.22258744583144,19474.749056091492,4056162445.0370955,52.76576021139123,1553783102.8040848,69662881253.90195,19011069690.71101,31429.868424647786
20242,11260,중랑구,CS200026,자동차미용,LL,다이나믹,66.59023794277071,9633113293.819405,49.99999936981292,1.2299486837176836,2.3556861892460943,2365758261.8708706,20248843041.740135,114.50829223046213,19390.588787541517,4478378513.935045,52.83624740966744,1188802528.5130837,68519414854.12479,18420748394.974518,31460.078413476644
20243,11260,중랑구,CS200026,자동차미용,LL,다이나믹,63.444312101115315,9371685536.42802,49.99999936981292,-0.8467905159699052,6.016974350393752,2377794655.279283,19291038261.71272,116.72298717047481,17057.630585400297,4070463244.3036923,52.81923223653176,1474898559.5988476,67590979401.87459,19029741134.05043,30026.4038762511
20233,11260,중랑구,CS200031,세탁소,LL,다이나믹,220.83711717470442,10258796824.396559,49.0,0.5895546947893662,3.2451689087506175,2598002230.522082,18565961945.689163,107.29418567691927,19561.6866449823,4309852980.051981,51.97776192433717,1396480214.9470282,65006293161.50929,17275329132.90198,31428.38321578714
20234,11260,중랑구,CS200031,세탁소,LL,다이나믹,220.7686546269772,9800393096.228226,49.99999936981228,0.02166928325915185,5.096780862567736,2516932018.697086,19437546871.79726,109.6266244972278,19556.701891110883,3862967003.803287,52.69131572027656,1377355183.7495959,66749489018.43889,17644415551.692005,31461.75324499081
20241,11260,중랑구,CS200031,세탁소,LL,다이나믹,216.9283523219538,10121242479.204504,49.99999936981292,2.5379957214711437,4.778826498627571,2591158090.7007337,20003276450.411407,112.22258744583144,19474.749056091492,4056162445.0370955,52.76576021139123,1553783102.8040848,69662881253.90195,19011069690.71101,31429.868424647786
20242,11260,중랑구,CS200031,세탁소,LL,다이나믹,217.18366029468024,9633113293.819405,49.99999936981292,1.892538544925961,3.5808909212431086,2365758261.8708706,20248843041.740135,114.50829223046213,19390.588787541517,4478378513.935045,52.83624740966744,1188802528.5130837,68519414854.12479,18420748394.974518,31460.078413476644
20243,11260,중랑구,CS200031,세탁소,LL,다이나믹,220.4594269794404,9371685536.42802,49.99999936981292,0.44639414975825625,2.3561664207706805,2377794655.279283,19291038261.71272,116.72298717047481,17057.630585400297,4070463244.3036923,52.81923223653176,1474898559.5988476,67590979401.87459,19029741134.05043,30026.4038762511
20233,11260,중랑구,CS200032,가전제품수리,LL,다이나믹,159.46841374068438,10258796824.396559,49.0,1.57515640256633,5.586978667062314,2598002230.522082,18565961945.689163,107.29418567691927,19561.6866449823,4309852980.051981,51.97776192433717,1396480214.9470282,65006293161.50929,17275329132.90198,31428.38321578714
20234,11260,중랑구,CS200032,가전제품수리,LL,다이나믹,160.53043599647938,9800393096.228226,49.99999936981228,-0.705215913951078,5.651460144297421,2516932018.697086,19437546871.79726,109.6266244972278,19556.701891110883,3862967003.803287,52.69131572027656,1377355183.7495959,66749489018.43889,17644415551.692005,31461.75324499081
20241,11260,중랑구,CS200032,가전제품수리,LL,다이나믹,163.00531058871388,10121242479.204504,49.99999936981292,1.64724145451343,2.4283326829897676,2591158090.7007337,20003276450.411407,112.22258744583144,19474.749056091492,4056162445.0370955,52.76576021139123,1553783102.8040848,69662881253.90195,19011069690.71101,31429.868424647786
20242,11260,중랑구,CS200032,가전제품수리,LL,다이나믹,166.0290327671727,9633113293.819405,49.99999936981292,-0.46267893524333514,1.638782883376963,2365758261.8708706,20248843041.740135,114.50829223046213,19390.588787541517,4478378513.935045,52.83624740966744,1188802528.5130837,68519414854.12479,18420748394.974518,31460.078413476644
20243,11260,중랑구,CS200032,가전제품수리,LL,다이나믹,165.7163476131488,9371685536.42802,49.99999936981292,0.45832448834087514,7.237631445805704,2377794655.279283,19291038261.71272,116.72298717047481,17057.630585400297,4070463244.3036923,52.81923223653176,1474898559.5988476,67590979401.87459,19029741134.05043,30026.4038762511
20233,11260,중랑구,CS200037,노래방,LL,다이나믹,342.41648655618394,10258796824.396559,49.0,16.378619677230272,24.04810080460078,2598002230.522082,18565961945.689163,107.29418567691927,19561.6866449823,4309852980.051981,51.97776192433717,1396480214.9470282,65006293161.50929,17275329132.90198,31428.38321578714
20234,11260,중랑구,CS200037,노래방,LL,다이나믹,343.7720234829674,9800393096.228226,49.99999936981228,17.121549973321837,17.01454204035289,2516932018.697086,19437546871.79726,109.6266244972278,19556.701891110883,3862967003.803287,52.69131572027656,1377355183.7495959,66749489018.43889,17644415551.692005,31461.75324499081
20241,11260,중랑구,CS200037,노래방,LL,다이나믹,347.5188177826403,10121242479.204504,49.99999936981292,24.29529558433883,23.121192999037966,2591158090.7007337,20003276450.411407,112.22258744583144,19474.749056091492,4056162445.0370955,52.76576021139123,1553783102.8040848,69662881253.90195,19011069690.71101,31429.868424647786
20242,11260,중랑구,CS200037,노래방,LL,다이나믹,335.1104568831852,9633113293.819405,49.99999936981292,18.67093864213433,28.629801495167836,2365758261.8708706,20248843041.740135,114.50829223046213,19390.588787541517,4478378513.935045,52.83624740966744,1188802528.5130837,68519414854.12479,18420748394.974518,31460.078413476644
20243,11260,중랑구,CS200037,노래방,LL,다이나믹,335.15693742859594,9371685536.42802,49.99999936981292,17.111788627826346,24.73749431342728,2377794655.279283,19291038261.71272,116.72298717047481,17057.630585400297,4070463244.3036923,52.81923223653176,1474898559.5988476,67590979401.87459,19029741134.05043,30026.4038762511
20233,11260,중랑구,CS300001,슈퍼마켓,LL,다이나믹,452.51977652301525,10258796824.396559,49.0,19.55246267431141,24.91201128490575,2598002230.522082,18565961945.689163,107.29418567691927,19561.6866449823,4309852980.051981,51.97776192433717,1396480214.9470282,65006293161.50929,17275329132.90198,31428.38321578714
20234,11260,중랑구,CS300001,슈퍼마켓,LL,다이나믹,446.80143158680306,9800393096.228226,49.99999936981228,13.532362420846495,29.532868237180285,2516932018.697086,19437546871.79726,109.6266244972278,19556.701891110883,3862967003.803287,52.69131572027656,1377355183.7495959,66749489018.43889,17644415551.692005,31461.75324499081
20241,11260,중랑구,CS300001,슈퍼마켓,LL,다이나믹,452.09406172665086,10121242479.204504,49.99999936981292,21.073016020886982,16.371415580389744,2591158090.7007337,20003276450.411407,112.22258744583144,19474.749056091492,4056162445.0370955,52.76576021139123,1553783102.8040848,69662881253.90195,19011069690.71101,31429.868424647786
20242,11260,중랑구,CS300001,슈퍼마켓,LL,다이나믹,451.3865607338031,9633113293.819405,49.99999936981292,17.53191353576161,22.551539016346574,2365758261.8708706,20248843041.740135,114.50829223046213,19390.588787541517,4478378513.935045,52.83624740966744,1188802528.5130837,68519414854.12479,18420748394.974518,31460.078413476644
20243,11260,중랑구,CS300001,슈퍼마켓,LL,다이나믹,451.0138705017322,9371685536.42802,49.99999936981292,18.31240094422752,24.52407662909781,2377794655.279283,19291038261.71272,116.72298717047481,17057.630585400297,4070463244.3036923,52.81923223653176,1474898559.5988476,67590979401.87459,19029741134.05043,30026.4038762511
20233,11260,중랑구,CS300002,편의점,LL,다이나믹,354.494621302416,10258796824.396559,49.0,8.724091811642978,4.498484817254291,2598002230.522082,18565961945.689163,107.29418567691927,19561.6866449823,4309852980.051981,51.97776192433717,1396480214.9470282,65006293161.50929,17275329132.90198,31428.38321578714
20234,11260,중랑구,CS300002,편의점,LL,다이나믹,355.66162575667505,9800393096.228226,49.99999936981228,4.764275984554822,7.633971262157361,2516932018.697086,19437546871.79726,109.6266244972278,19556.701891110883,3862967003.803287,52.69131572027656,1377355183.7495959,66749489018.43889,17644415551.692005,31461.75324499081
20241,11260,중랑구,CS300002,편의점,LL,다이나믹,363.2347381900828,10121242479.204504,49.99999936981292,9.832868589009907,6.176843141721259,2591158090.7007337,20003276450.411407,112.22258744583144,19474.749056091492,4056162445.0370955,52.76576021139123,1553783102.8040848,69662881253.90195,19011069690.71101,31429.868424647786
20242,11260,중랑구,CS300002,편의점,LL,다이나믹,360.0567989625389,9633113293.819405,49.99999936981292,5.769539110936323,13.055971360558692,2365758261.8708706,20248843041.740135,114.50829223046213,19390.588787541517,4478378513.935045,52.83624740966744,1188802528.5130837,68519414854.12479,18420748394.974518,31460.078413476644
20243,11260,중랑구,CS300002,편의점,LL,다이나믹,359.8926400374426,9371685536.42802,49.99999936981292,5.82315802531487,8.146329398401745,2377794655.279283,19291038261.71272,116.72298717047481,17057.630585400297,4070463244.3036923,52.81923223653176,1474898559.5988476,67590979401.87459,19029741134.05043,30026.4038762511
20233,11260,중랑구,CS300003,컴퓨터및주변장치판매,LL,다이나믹,162.52962800028493,10258796824.396559,49.0,7.388487894262262,-1.105317216139206,2598002230.522082,18565961945.689163,107.29418567691927,19561.6866449823,4309852980.051981,51.97776192433717,1396480214.9470282,65006293161.50929,17275329132.90198,31428.38321578714
20234,11260,중랑구,CS300003,컴퓨터및주변장치판매,LL,다이나믹,161.58076657490795,9800393096.228226,49.99999936981228,1.436526888080072,0.5641868190299851,2516932018.697086,19437546871.79726,109.6266244972278,19556.701891110883,3862967003.803287,52.69131572027656,1377355183.7495959,66749489018.43889,17644415551.692005,31461.75324499081
20241,11260,중랑구,CS300003,컴퓨터및주변장치판매,LL,다이나믹,164.21170833225003,10121242479.204504,49.99999936981292,1.8897172973051033,-2.310984976078227,2591158090.7007337,20003276450.411407,112.22258744583144,19474.749056091492,4056162445.0370955,52.76576021139123,1553783102.8040848,69662881253.90195,19011069690.71101,31429.868424647786
20242,11260,중랑구,CS300003,컴퓨터및주변장치판매,LL,다이나믹,160.34607906419856,9633113293.819405,49.99999936981292,-1.3612283523786375,-0.20847790623410414,2365758261.8708706,20248843041.740135,114.50829223046213,19390.588787541517,4478378513.935045,52.83624740966744,1188802528.5130837,68519414854.12479,18420748394.974518,31460.078413476644
20243,11260,중랑구,CS300003,컴퓨터및주변장치판매,LL,다이나믹,164.59399188375303,9371685536.42802,49.99999936981292,5.287299186527498,-3.1560434087924647,2377794655.279283,19291038261.71272,116.72298717047481,17057.630585400297,4070463244.3036923,52.81923223653176,1474898559.5988476,67590979401.87459,19029741134.05043,30026.4038762511
20233,11260,중랑구,CS300004,핸드폰,LL,다이나믹,194.86213047073235,10258796824.396559,49.0,-1.9004336597213887,5.379128628972427,2598002230.522082,18565961945.689163,107.29418567691927,19561.6866449823,4309852980.051981,51.97776192433717,1396480214.9470282,65006293161.50929,17275329132.90198,31428.38321578714
20234,11260,중랑구,CS300004,핸드폰,LL,다이나믹,191.16336403129907,9800393096.228226,49.99999936981228,-2.6498646468220857,4.759248177192607,2516932018.697086,19437546871.79726,109.6266244972278,19556.701891110883,3862967003.803287,52.69131572027656,1377355183.7495959,66749489018.43889,17644415551.692005,31461.75324499081
20241,11260,중랑구,CS300004,핸드폰,LL,다이나믹,189.5708750866349,10121242479.204504,49.99999936981292,-2.753362710899487,4.17167243547964,2591158090.7007337,20003276450.411407,112.22258744583144,19474.749056091492,4056162445.0370955,52.76576021139123,1553783102.8040848,69662881253.90195,19011069690.71101,31429.868424647786
20242,11260,중랑구,CS300004,핸드폰,LL,다이나믹,182.9925280183693,9633113293.819405,49.99999936981292,-2.5655655000252837,4.550683164710225,2365758261.8708706,20248843041.740135,114.50829223046213,19390.588787541517,4478378513.935045,52.83624740966744,1188802528.5130837,68519414854.12479,18420748394.974518,31460.078413476644
20243,11260,중랑구,CS300004,핸드폰,LL,다이나믹,174.4883425483851,9371685536.42802,49.99999936981292,-4.967423901201641,5.258866711324448,2377794655.279283,19291038261.71272,116.72298717047481,17057.630585400297,4070463244.3036923,52.81923223653176,1474898559.5988476,67590979401.87459,19029741134.05043,30026.4038762511
20233,11260,중랑구,CS300006,미곡판매,LL,다이나믹,84.60581838716917,10258796824.396559,49.0,0.47950485575387947,-0.23465368630109396,2598002230.522082,18565961945.689163,107.29418567691927,19561.6866449823,4309852980.051981,51.97776192433717,1396480214.9470282,65006293161.50929,17275329132.90198,31428.38321578714
20234,11260,중랑구,CS300006,미곡판매,LL,다이나믹,80.60846085524936,9800393096.228226,49.99999936981228,-1.1248450724109662,3.5146654337045833,2516932018.697086,19437546871.79726,109.6266244972278,19556.701891110883,3862967003.803287,52.69131572027656,1377355183.7495959,66749489018.43889,17644415551.692005,31461.75324499081
20241,11260,중랑구,CS300006,미곡판매,LL,다이나믹,79.8250168447721,10121242479.204504,49.99999936981292,0.4474006138311799,1.291100069774726,2591158090.7007337,20003276450.411407,112.22258744583144,19474.749056091492,4056162445.0370955,52.76576021139123,1553783102.8040848,69662881253.90195,19011069690.71101,31429.868424647786
20242,11260,중랑구,CS300006,미곡판매,LL,다이나믹,76.60527447893301,9633113293.819405,49.99999936981292,-0.3685531552810115,3.8017785983892654,2365758261.8708706,20248843041.740135,114.50829223046213,19390.588787541517,4478378513.935045,52.83624740966744,1188802528.5130837,68519414854.12479,18420748394.974518,31460.078413476644
20243,11260,중랑구,CS300006,미곡판매,LL,다이나믹,76.95660851316116,9371685536.42802,49.99999936981292,0.12131874995532566,0.7347080804541497,2377794655.279283,19291038261.71272,116.72298717047481,17057.630585400297,4070463244.3036923,52.81923223653176,1474898559.5988476,67590979401.87459,19029741134.05043,30026.4038762511
20233,11260,중랑구,CS300007,육류판매,LL,다이나믹,228.13463084425345,10258796824.396559,49.0,4.751866556402594,6.546154907567961,2598002230.522082,18565961945.689163,107.29418567691927,19561.6866449823,4309852980.051981,51.97776192433717,1396480214.9470282,65006293161.50929,17275329132.90198,31428.38321578714
20234,11260,중랑구,CS300007,육류판매,LL,다이나믹,227.21245785814017,9800393096.228226,49.99999936981228,1.6479266958620649,6.648984810083531,2516932018.697086,19437546871.79726,109.6266244972278,19556.701891110883,3862967003.803287,52.69131572027656,1377355183.7495959,66749489018.43889,17644415551.692005,31461.75324499081
20241,11260,중랑구,CS300007,육류판매,LL,다이나믹,227.82218330884234,10121242479.204504,49.99999936981292,5.385983898675903,5.887598540557804,2591158090.7007337,20003276450.411407,112.22258744583144,19474.749056091492,4056162445.0370955,52.76576021139123,1553783102.8040848,69662881253.90195,19011069690.71101,31429.868424647786
20242,11260,중랑구,CS300007,육류판매,LL,다이나믹,222.8470214601049,9633113293.819405,49.99999936981292,0.12334899382034403,6.730637062185524,2365758261.8708706,20248843041.740135,114.50829223046213,19390.588787541517,4478378513.935045,52.83624740966744,1188802528.5130837,68519414854.12479,18420748394.974518,31460.078413476644
20243,11260,중랑구,CS300007,육류판매,LL,다이나믹,221.4402648098094,9371685536.42802,49.99999936981292,2.29325983108627,6.78803211608115,2377794655.279283,19291038261.71272,116.72298717047481,17057.630585400297,4070463244.3036923,52.81923223653176,1474898559.5988476,67590979401.87459,19029741134.05043,30026.4038762511
20233,11260,중랑구,CS300008,수산물판매,LL,다이나믹,119.52468980225562,10258796824.396559,49.0,8.888636477318347,3.524755857749596,2598002230.522082,18565961945.689163,107.29418567691927,19561.6866449823,4309852980.051981,51.97776192433717,1396480214.9470282,65006293161.50929,17275329132.90198,31428.38321578714
20234,11260,중랑구,CS300008,수산물판매,LL,다이나믹,116.50609569381443,9800393096.228226,49.99999936981228,-2.6025227253524505,3.8922551440242232,2516932018.697086,19437546871.79726,109.6266244972278,19556.701891110883,3862967003.803287,52.69131572027656,1377355183.7495959,66749489018.43889,17644415551.692005,31461.75324499081
20241,11260,중랑구,CS300008,수산물판매,LL,다이나믹,116.49020453673675,10121242479.204504,49.99999936981292,-0.048436767994275876,3.224127954563638,2591158090.7007337,20003276450.411407,112.22258744583144,19474.749056091492,4056162445.0370955,52.76576021139123,1553783102.8040848,69662881253.90195,19011069690.71101,31429.868424647786
20242,11260,중랑구,CS300008,수산물판매,LL,다이나믹,111.3239857957091,9633113293.819405,49.99999936981292,-2.1556854479212704,4.669426971541375,2365758261.8708706,20248843041.740135,114.50829223046213,19390.588787541517,4478378513.935045,52.83624740966744,1188802528.5130837,68519414854.12479,18420748394.974518,31460.078413476644
20243,11260,중랑구,CS300008,수산물판매,LL,다이나믹,108.42782728997828,9371685536.42802,49.99999936981292,-2.7304267746124733,3.98715387869399,2377794655.279283,19291038261.71272,116.72298717047481,17057.630585400297,4070463244.3036923,52.81923223653176,1474898559.5988476,67590979401.87459,19029741134.05043,30026.4038762511
20233,11260,중랑구,CS300009,청과상,LL,다이나믹,165.71560991653595,10258796824.396559,49.0,4.573137767736799,6.276759985002681,2598002230.522082,18565961945.689163,107.29418567691927,19561.6866449823,4309852980.051981,51.97776192433717,1396480214.9470282,65006293161.50929,17275329132.90198,31428.38321578714
20234,11260,중랑구,CS300009,청과상,LL,다이나믹,159.61328080505797,9800393096.228226,49.99999936981228,2.961802237866764,7.085238916150562,2516932018.697086,19437546871.79726,109.6266244972278,19556.701891110883,3862967003.803287,52.69131572027656,1377355183.7495959,66749489018.43889,17644415551.692005,31461.75324499081
20241,11260,중랑구,CS300009,청과상,LL,다이나믹,156.34455106552724,10121242479.204504,49.99999936981292,-0.07728251595793645,5.860446004881315,2591158090.7007337,20003276450.411407,112.22258744583144,19474.749056091492,4056162445.0370955,52.76576021139123,1553783102.8040848,69662881253.90195,19011069690.71101,31429.868424647786
20242,11260,중랑구,CS300009,청과상,LL,다이나믹,153.27437747779493,9633113293.819405,49.99999936981292,1.989900849076196,5.713939541074149,2365758261.8708706,20248843041.740135,114.50829223046213,19390.588787541517,4478378513.935045,52.83624740966744,1188802528.5130837,68519414854.12479,18420748394.974518,31460.078413476644
20243,11260,중랑구,CS300009,청과상,LL,다이나믹,149.36568302973765,9371685536.42802,49.99999936981292,3.387982735895361,6.297692170269814,2377794655.279283,19291038261.71272,116.72298717047481,17057.630585400297,4070463244.3036923,52.81923223653176,1474898559.5988476,67590979401.87459,19029741134.05043,30026.4038762511
20233,11260,중랑구,CS300010,반찬가게,LL,다이나믹,283.26037534824184,10258796824.396559,49.0,2.58395894939946,8.432574225814236,2598002230.522082,18565961945.689163,107.29418567691927,19561.6866449823,4309852980.051981,51.97776192433717,1396480214.9470282,65006293161.50929,17275329132.90198,31428.38321578714
20234,11260,중랑구,CS300010,반찬가게,LL,다이나믹,282.51521233605496,9800393096.228226,49.99999936981228,4.318438896039152,8.85294711575846,2516932018.697086,19437546871.79726,109.6266244972278,19556.701891110883,3862967003.803287,52.69131572027656,1377355183.7495959,66749489018.43889,17644415551.692005,31461.75324499081
20241,11260,중랑구,CS300010,반찬가게,LL,다이나믹,294.7538378460395,10121242479.204504,49.99999936981292,16.485155729152982,5.244347010499258,2591158090.7007337,20003276450.411407,112.22258744583144,19474.749056091492,4056162445.0370955,52.76576021139123,1553783102.8040848,69662881253.90195,19011069690.71101,31429.868424647786
20242,11260,중랑구,CS300010,반찬가게,LL,다이나믹,297.0061036873738,9633113293.819405,49.99999936981292,8.452265431884962,7.035213400061783,2365758261.8708706,20248843041.740135,114.50829223046213,19390.588787541517,4478378513.935045,52.83624740966744,1188802528.5130837,68519414854.12479,18420748394.974518,31460.078413476644
20243,11260,중랑구,CS300010,반찬가게,LL,다이나믹,296.7696217139794,9371685536.42802,49.99999936981292,2.357722793455086,6.749674288032716,2377794655.279283,19291038261.71272,116.72298717047481,17057.630585400297,4070463244.3036923,52.81923223653176,1474898559.5988476,67590979401.87459,19029741134.05043,30026.4038762511
20233,11260,중랑구,CS300011,일반의류,LL,다이나믹,845.9203985003994,10258796824.396559,49.0,13.35204618120812,14.907847378512784,2598002230.522082,18565961945.689163,107.29418567691927,19561.6866449823,4309852980.051981,51.97776192433717,1396480214.9470282,65006293161.50929,17275329132.90198,31428.38321578714
20234,11260,중랑구,CS300011,일반의류,LL,다이나믹,831.4467007142732,9800393096.228226,49.99999936981228,10.838726957231607,21.636144252116047,2516932018.697086,19437546871.79726,109.6266244972278,19556.701891110883,3862967003.803287,52.69131572027656,1377355183.7495959,66749489018.43889,17644415551.692005,31461.75324499081
20241,11260,중랑구,CS300011,일반의류,LL,다이나믹,832.0606740381248,10121242479.204504,49.99999936981292,12.339440732005496,13.893673545985635,2591158090.7007337,20003276450.411407,112.22258744583144,19474.749056091492,4056162445.0370955,52.76576021139123,1553783102.8040848,69662881253.90195,19011069690.71101,31429.868424647786
20242,11260,중랑구,CS300011,일반의류,LL,다이나믹,831.9020504186495,9633113293.819405,49.99999936981292,11.225695278867944,15.040213045882123,2365758261.8708706,20248843041.740135,114.50829223046213,19390.588787541517,4478378513.935045,52.83624740966744,1188802528.5130837,68519414854.12479,18420748394.974518,31460.078413476644
20243,11260,중랑구,CS300011,일반의류,LL,다이나믹,835.485550365245,9371685536.42802,49.99999936981292,10.329420741903744,11.691537906374435,2377794655.279283,19291038261.71272,116.72298717047481,17057.630585400297,4070463244.3036923,52.81923223653176,1474898559.5988476,67590979401.87459,19029741134.05043,30026.4038762511
20233,11260,중랑구,CS300014,신발,LL,다이나믹,75.44313874517546,10258796824.396559,49.0,-2.26587325223947,4.931887869032028,2598002230.522082,18565961945.689163,107.29418567691927,19561.6866449823,4309852980.051981,51.97776192433717,1396480214.9470282,65006293161.50929,17275329132.90198,31428.38321578714
20234,11260,중랑구,CS300014,신발,LL,다이나믹,74.01341800786514,9800393096.228226,49.99999936981228,2.088496043777572,5.765257511312635,2516932018.697086,19437546871.79726,109.6266244972278,19556.701891110883,3862967003.803287,52.69131572027656,1377355183.7495959,66749489018.43889,17644415551.692005,31461.75324499081
20241,11260,중랑구,CS300014,신발,LL,다이나믹,73.84529938320836,10121242479.204504,49.99999936981292,-0.04867083428344854,4.196952231844421,2591158090.7007337,20003276450.411407,112.22258744583144,19474.749056091492,4056162445.0370955,52.76576021139123,1553783102.8040848,69662881253.90195,19011069690.71101,31429.868424647786
20242,11260,중랑구,CS300014,신발,LL,다이나믹,69.35565434160934,9633113293.819405,49.99999936981292,-1.2993988384118613,12.894911680405055,2365758261.8708706,20248843041.740135,114.50829223046213,19390.588787541517,4478378513.935045,52.83624740966744,1188802528.5130837,68519414854.12479,18420748394.974518,31460.078413476644
20243,11260,중랑구,CS300014,신발,LL,다이나믹,68.67514799744717,9371685536.42802,49.99999936981292,-1.375058029554514,7.6085924584186575,2377794655.279283,19291038261.71272,116.72298717047481,17057.630585400297,4070463244.3036923,52.81923223653176,1474898559.5988476,67590979401.87459,19029741134.05043,30026.4038762511
20233,11260,중랑구,CS300015,가방,LL,다이나믹,73.30205410283469,10258796824.396559,49.0,3.489608750350274,3.428654612029503,2598002230.522082,18565961945.689163,107.29418567691927,19561.6866449823,4309852980.051981,51.97776192433717,1396480214.9470282,65006293161.50929,17275329132.90198,31428.38321578714
20234,11260,중랑구,CS300015,가방,LL,다이나믹,69.39646397423928,9800393096.228226,49.99999936981228,2.035902321900322,4.369378025512306,2516932018.697086,19437546871.79726,109.6266244972278,19556.701891110883,3862967003.803287,52.69131572027656,1377355183.7495959,66749489018.43889,17644415551.692005,31461.75324499081
20241,11260,중랑구,CS300015,가방,LL,다이나믹,66.32583755189324,10121242479.204504,49.99999936981292,2.856499321240716,4.7925976967835515,2591158090.7007337,20003276450.411407,112.22258744583144,19474.749056091492,4056162445.0370955,52.76576021139123,1553783102.8040848,69662881253.90195,19011069690.71101,31429.868424647786
20242,11260,중랑구,CS300015,가방,LL,다이나믹,65.26238408821463,9633113293.819405,49.99999936981292,3.4498090064653297,3.431689074196821,2365758261.8708706,20248843041.740135,114.50829223046213,19390.588787541517,4478378513.935045,52.83624740966744,1188802528.5130837,68519414854.12479,18420748394.974518,31460.078413476644
20243,11260,중랑구,CS300015,가방,LL,다이나믹,71.20517711559408,9371685536.42802,49.99999936981292,4.2241665275148295,3.767417517471811,2377794655.279283,19291038261.71272,116.72298717047481,17057.630585400297,4070463244.3036923,52.81923223653176,1474898559.5988476,67590979401.87459,19029741134.05043,30026.4038762511
20233,11260,중랑구,CS300016,안경,LL,다이나믹,70.5921303762209,10258796824.396559,49.0,0.7690877940627288,1.598685135208391,2598002230.522082,18565961945.689163,107.29418567691927,19561.6866449823,4309852980.051981,51.97776192433717,1396480214.9470282,65006293161.50929,17275329132.90198,31428.38321578714
20234,11260,중랑구,CS300016,안경,LL,다이나믹,70.70339641512928,9800393096.228226,49.99999936981228,1.66153566352392,1.6225919510555515,2516932018.697086,19437546871.79726,109.6266244972278,19556.701891110883,3862967003.803287,52.69131572027656,1377355183.7495959,66749489018.43889,17644415551.692005,31461.75324499081
20241,11260,중랑구,CS300016,안경,LL,다이나믹,70.49258050117862,10121242479.204504,49.99999936981292,2.486914681082046,2.0901149278684654,2591158090.7007337,20003276450.411407,112.22258744583144,19474.749056091492,4056162445.0370955,52.76576021139123,1553783102.8040848,69662881253.90195,19011069690.71101,31429.868424647786
20242,11260,중랑구,CS300016,안경,LL,다이나믹,70.99082933420853,9633113293.819405,49.99999936981292,1.8423929591097654,2.5169779834782813,2365758261.8708706,20248843041.740135,114.50829223046213,19390.588787541517,4478378513.935045,52.83624740966744,1188802528.5130837,68519414854.12479,18420748394.974518,31460.078413476644
20243,11260,중랑구,CS300016,안경,LL,다이나믹,69.52605766889313,9371685536.42802,49.99999936981292,1.0297472574302537,1.7676687177927701,2377794655.279283,19291038261.71272,116.72298717047481,17057.630585400297,4070463244.3036923,52.81923223653176,1474898559.5988476,67590979401.87459,19029741134.05043,30026.4038762511
20233,11260,중랑구,CS300020,서적,LL,다이나믹,100.89649437416472,10258796824.396559,49.0,-0.2192044677141478,4.308620988118458,2598002230.522082,18565961945.689163,107.29418567691927,19561.6866449823,4309852980.051981,51.97776192433717,1396480214.9470282,65006293161.50929,17275329132.90198,31428.38321578714
20234,11260,중랑구,CS300020,서적,LL,다이나믹,94.27949202754165,9800393096.228226,49.99999936981228,-0.6928049604678919,7.782835009638122,2516932018.697086,19437546871.79726,109.6266244972278,19556.701891110883,3862967003.803287,52.69131572027656,1377355183.7495959,66749489018.43889,17644415551.692005,31461.75324499081
20241,11260,중랑구,CS300020,서적,LL,다이나믹,90.39283035297986,10121242479.204504,49.99999936981292,-0.033640309527193435,3.595241807479481,2591158090.7007337,20003276450.411407,112.22258744583144,19474.749056091492,4056162445.0370955,52.76576021139123,1553783102.8040848,69662881253.90195,19011069690.71101,31429.868424647786
20242,11260,중랑구,CS300020,서적,LL,다이나믹,88.88382113878656,9633113293.819405,49.99999936981292,-0.6544793547855965,4.986446171909191,2365758261.8708706,20248843041.740135,114.50829223046213,19390.588787541517,4478378513.935045,52.83624740966744,1188802528.5130837,68519414854.12479,18420748394.974518,31460.078413476644
20243,11260,중랑구,CS300020,서적,LL,다이나믹,90.1156865906066,9371685536.42802,49.99999936981292,-0.7727252340540844,3.389457388739679,2377794655.279283,19291038261.71272,116.72298717047481,17057.630585400297,4070463244.3036923,52.81923223653176,1474898559.5988476,67590979401.87459,19029741134.05043,30026.4038762511
20233,11260,중랑구,CS300021,문구,LL,다이나믹,122.08246745963682,10258796824.396559,49.0,4.375459000480094,2.1797999816478395,2598002230.522082,18565961945.689163,107.29418567691927,19561.6866449823,4309852980.051981,51.97776192433717,1396480214.9470282,65006293161.50929,17275329132.90198,31428.38321578714
20234,11260,중랑구,CS300021,문구,LL,다이나믹,121.31739648079652,9800393096.228226,49.99999936981228,0.8499623518259343,2.8788088336596775,2516932018.697086,19437546871.79726,109.6266244972278,19556.701891110883,3862967003.803287,52.69131572027656,1377355183.7495959,66749489018.43889,17644415551.692005,31461.75324499081
20241,11260,중랑구,CS300021,문구,LL,다이나믹,121.57745308694366,10121242479.204504,49.99999936981292,-0.27200824650219674,1.7555141096243951,2591158090.7007337,20003276450.411407,112.22258744583144,19474.749056091492,4056162445.0370955,52.76576021139123,1553783102.8040848,69662881253.90195,19011069690.71101,31429.868424647786
20242,11260,중랑구,CS300021,문구,LL,다이나믹,120.31801757678137,9633113293.819405,49.99999936981292,2.7164909159088446,2.7713205094980204,2365758261.8708706,20248843041.740135,114.50829223046213,19390.588787541517,4478378513.935045,52.83624740966744,1188802528.5130837,68519414854.12479,18420748394.974518,31460.078413476644
20243,11260,중랑구,CS300021,문구,LL,다이나믹,122.16317754736953,9371685536.42802,49.99999936981292,4.109685356385822,2.6506407053984957,2377794655.279283,19291038261.71272,116.72298717047481,17057.630585400297,4070463244.3036923,52.81923223653176,1474898559.5988476,67590979401.87459,19029741134.05043,30026.4038762511
20233,11260,중랑구,CS300022,화장품,LL,다이나믹,399.0826305214177,10258796824.396559,49.0,9.691893691027333,10.863817590067828,2598002230.522082,18565961945.689163,107.29418567691927,19561.6866449823,4309852980.051981,51.97776192433717,1396480214.9470282,65006293161.50929,17275329132.90198,31428.38321578714
20234,11260,중랑구,CS300022,화장품,LL,다이나믹,398.1732559991614,9800393096.228226,49.99999936981228,7.534247352376676,13.599084741044802,2516932018.697086,19437546871.79726,109.6266244972278,19556.701891110883,3862967003.803287,52.69131572027656,1377355183.7495959,66749489018.43889,17644415551.692005,31461.75324499081
20241,11260,중랑구,CS300022,화장품,LL,다이나믹,394.1722378840876,10121242479.204504,49.99999936981292,8.027315383394185,10.337489701050995,2591158090.7007337,20003276450.411407,112.22258744583144,19474.749056091492,4056162445.0370955,52.76576021139123,1553783102.8040848,69662881253.90195,19011069690.71101,31429.868424647786
20242,11260,중랑구,CS300022,화장품,LL,다이나믹,389.0658650166997,9633113293.819405,49.99999936981292,8.776219083715059,11.753714949598313,2365758261.8708706,20248843041.740135,114.50829223046213,19390.588787541517,4478378513.935045,52.83624740966744,1188802528.5130837,68519414854.12479,18420748394.974518,31460.078413476644
20243,11260,중랑구,CS300022,화장품,LL,다이나믹,391.27119735311953,9371685536.42802,49.99999936981292,7.717479254815875,8.223337816855514,2377794655.279283,19291038261.71272,116.72298717047481,17057.630585400297,4070463244.3036923,52.81923223653176,1474898559.5988476,67590979401.87459,19029741134.05043,30026.4038762511
20233,11260,중랑구,CS300024,운동/경기용품,LL,다이나믹,76.3560612323382,10258796824.396559,49.0,2.44747437801993,2.284424282263657,2598002230.522082,18565961945.689163,107.29418567691927,19561.6866449823,4309852980.051981,51.97776192433717,1396480214.9470282,65006293161.50929,17275329132.90198,31428.38321578714
20234,11260,중랑구,CS300024,운동/경기용품,LL,다이나믹,75.92563195045071,9800393096.228226,49.99999936981228,2.407847903955352,1.7379374169905848,2516932018.697086,19437546871.79726,109.6266244972278,19556.701891110883,3862967003.803287,52.69131572027656,1377355183.7495959,66749489018.43889,17644415551.692005,31461.75324499081
20241,11260,중랑구,CS300024,운동/경기용품,LL,다이나믹,77.27782694924868,10121242479.204504,49.99999936981292,2.7197444509474478,1.383489620060534,2591158090.7007337,20003276450.411407,112.22258744583144,19474.749056091492,4056162445.0370955,52.76576021139123,1553783102.8040848,69662881253.90195,19011069690.71101,31429.868424647786
20242,11260,중랑구,CS300024,운동/경기용품,LL,다이나믹,76.23029184640933,9633113293.819405,49.99999936981292,1.466451106283897,2.195879434588956,2365758261.8708706,20248843041.740135,114.50829223046213,19390.588787541517,4478378513.935045,52.83624740966744,1188802528.5130837,68519414854.12479,18420748394.974518,31460.078413476644
20243,11260,중랑구,CS300024,운동/경기용품,LL,다이나믹,76.23110052962755,9371685536.42802,49.99999936981292,2.402413681827661,1.9066435773134915,2377794655.279283,19291038261.71272,116.72298717047481,17057.630585400297,4070463244.3036923,52.81923223653176,1474898559.5988476,67590979401.87459,19029741134.05043,30026.4038762511
20233,11260,중랑구,CS300025,자전거 및 기타운송장비,LL,다이나믹,36.37266320070853,10258796824.396559,49.0,0.9353215105381658,2.375833071994297,2598002230.522082,18565961945.689163,107.29418567691927,19561.6866449823,4309852980.051981,51.97776192433717,1396480214.9470282,65006293161.50929,17275329132.90198,31428.38321578714
20234,11260,중랑구,CS300025,자전거 및 기타운송장비,LL,다이나믹,36.46880838712969,9800393096.228226,49.99999936981228,-0.3990167786442191,-1.1370468532065874,2516932018.697086,19437546871.79726,109.6266244972278,19556.701891110883,3862967003.803287,52.69131572027656,1377355183.7495959,66749489018.43889,17644415551.692005,31461.75324499081
20241,11260,중랑구,CS300025,자전거 및 기타운송장비,LL,다이나믹,32.61928686178827,10121242479.204504,49.99999936981292,-0.18310623594585612,2.8879383221647674,2591158090.7007337,20003276450.411407,112.22258744583144,19474.749056091492,4056162445.0370955,52.76576021139123,1553783102.8040848,69662881253.90195,19011069690.71101,31429.868424647786
20242,11260,중랑구,CS300025,자전거 및 기타운송장비,LL,다이나믹,34.200440388118224,9633113293.819405,49.99999936981292,1.0585230409048225,0.26514853781349634,2365758261.8708706,20248843041.740135,114.50829223046213,19390.588787541517,4478378513.935045,52.83624740966744,1188802528.5130837,68519414854.12479,18420748394.974518,31460.078413476644
20243,11260,중랑구,CS300025,자전거 및 기타운송장비,LL,다이나믹,35.607709078094075,9371685536.42802,49.99999936981292,0.8617015677240152,2.07002113926771,2377794655.279283,19291038261.71272,116.72298717047481,17057.630585400297,4070463244.3036923,52.81923223653176,1474898559.5988476,67590979401.87459,19029741134.05043,30026.4038762511
20233,11260,중랑구,CS300027,섬유제품,LL,다이나믹,128.7881947522805,10258796824.396559,49.0,7.9382802022907075,-1.8296529235779473,2598002230.522082,18565961945.689163,107.29418567691927,19561.6866449823,4309852980.051981,51.97776192433717,1396480214.9470282,65006293161.50929,17275329132.90198,31428.38321578714
20234,11260,중랑구,CS300027,섬유제품,LL,다이나믹,136.6054275823442,9800393096.228226,49.99999936981228,6.007810805288848,-1.0285364380283308,2516932018.697086,19437546871.79726,109.6266244972278,19556.701891110883,3862967003.803287,52.69131572027656,1377355183.7495959,66749489018.43889,17644415551.692005,31461.75324499081
20241,11260,중랑구,CS300027,섬유제품,LL,다이나믹,141.2060440208474,10121242479.204504,49.99999936981292,4.007382786432631,0.9313428633630272,2591158090.7007337,20003276450.411407,112.22258744583144,19474.749056091492,4056162445.0370955,52.76576021139123,1553783102.8040848,69662881253.90195,19011069690.71101,31429.868424647786
20242,11260,중랑구,CS300027,섬유제품,LL,다이나믹,157.1550277779752,9633113293.819405,49.99999936981292,9.936414768104651,-2.4000533836767812,2365758261.8708706,20248843041.740135,114.50829223046213,19390.588787541517,4478378513.935045,52.83624740966744,1188802528.5130837,68519414854.12479,18420748394.974518,31460.078413476644
20243,11260,중랑구,CS300027,섬유제품,LL,다이나믹,168.65029472561358,9371685536.42802,49.99999936981292,9.862722370313936,-1.725038113976907,2377794655.279283,19291038261.71272,116.72298717047481,17057.630585400297,4070463244.3036923,52.81923223653176,1474898559.5988476,67590979401.87459,19029741134.05043,30026.4038762511
20233,11260,중랑구,CS300028,화초,LL,다이나믹,97.0005971328947,10258796824.396559,49.0,5.019857515825635,2.4389661162789897,2598002230.522082,18565961945.689163,107.29418567691927,19561.6866449823,4309852980.051981,51.97776192433717,1396480214.9470282,65006293161.50929,17275329132.90198,31428.38321578714
20234,11260,중랑구,CS300028,화초,LL,다이나믹,97.28439856039216,9800393096.228226,49.99999936981228,4.752892999192134,2.793982420704179,2516932018.697086,19437546871.79726,109.6266244972278,19556.701891110883,3862967003.803287,52.69131572027656,1377355183.7495959,66749489018.43889,17644415551.692005,31461.75324499081
20241,11260,중랑구,CS300028,화초,LL,다이나믹,98.4708060397452,10121242479.204504,49.99999936981292,5.334093794745358,2.8035038530084857,2591158090.7007337,20003276450.411407,112.22258744583144,19474.749056091492,4056162445.0370955,52.76576021139123,1553783102.8040848,69662881253.90195,19011069690.71101,31429.868424647786
20242,11260,중랑구,CS300028,화초,LL,다이나믹,99.72431794784629,9633113293.819405,49.99999936981292,4.229307117811853,1.2778149423030016,2365758261.8708706,20248843041.740135,114.50829223046213,19390.588787541517,4478378513.935045,52.83624740966744,1188802528.5130837,68519414854.12479,18420748394.974518,31460.078413476644
20243,11260,중랑구,CS300028,화초,LL,다이나믹,100.51734640264854,9371685536.42802,49.99999936981292,5.69963491278846,2.6394102482878354,2377794655.279283,19291038261.71272,116.72298717047481,17057.630585400297,4070463244.3036923,52.81923223653176,1474898559.5988476,67590979401.87459,19029741134.05043,30026.4038762511
20233,11260,중랑구,CS300029,애완동물,LL,다이나믹,103.24371761932704,10258796824.396559,49.0,3.9894038259374685,2.186968239968599,2598002230.522082,18565961945.689163,107.29418567691927,19561.6866449823,4309852980.051981,51.97776192433717,1396480214.9470282,65006293161.50929,17275329132.90198,31428.38321578714
20234,11260,중랑구,CS300029,애완동물,LL,다이나믹,105.00001140163396,9800393096.228226,49.99999936981228,10.118114909173704,2.520512927366982,2516932018.697086,19437546871.79726,109.6266244972278,19556.701891110883,3862967003.803287,52.69131572027656,1377355183.7495959,66749489018.43889,17644415551.692005,31461.75324499081
20241,11260,중랑구,CS300029,애완동물,LL,다이나믹,109.22940128700085,10121242479.204504,49.99999936981292,9.232756421856129,2.1377264586154836,2591158090.7007337,20003276450.411407,112.22258744583144,19474.749056091492,4056162445.0370955,52.76576021139123,1553783102.8040848,69662881253.90195,19011069690.71101,31429.868424647786
20242,11260,중랑구,CS300029,애완동물,LL,다이나믹,109.76929137087333,9633113293.819405,49.99999936981292,7.159521697671082,3.5816730948244317,2365758261.8708706,20248843041.740135,114.50829223046213,19390.588787541517,4478378513.935045,52.83624740966744,1188802528.5130837,68519414854.12479,18420748394.974518,31460.078413476644
20243,11260,중랑구,CS300029,애완동물,LL,다이나믹,110.26804833722694,9371685536.42802,49.99999936981292,6.76149517469489,2.3791434628569386,2377794655.279283,19291038261.71272,116.72298717047481,17057.630585400297,4070463244.3036923,52.81923223653176,1474898559.5988476,67590979401.87459,19029741134.05043,30026.4038762511
20233,11260,중랑구,CS300031,가구,LL,다이나믹,93.42327658326614,10258796824.396559,49.0,-0.32582125774160575,1.2339253532696635,2598002230.522082,18565961945.689163,107.29418567691927,19561.6866449823,4309852980.051981,51.97776192433717,1396480214.9470282,65006293161.50929,17275329132.90198,31428.38321578714
20234,11260,중랑구,CS300031,가구,LL,다이나믹,91.86869663543882,9800393096.228226,49.99999936981228,-0.3479978360421803,-0.2525926575610593,2516932018.697086,19437546871.79726,109.6266244972278,19556.701891110883,3862967003.803287,52.69131572027656,1377355183.7495959,66749489018.43889,17644415551.692005,31461.75324499081
20241,11260,중랑구,CS300031,가구,LL,다이나믹,90.43479085448861,10121242479.204504,49.99999936981292,-0.6115641272860249,-0.5531295884266684,2591158090.7007337,20003276450.411407,112.22258744583144,19474.749056091492,4056162445.0370955,52.76576021139123,1553783102.8040848,69662881253.90195,19011069690.71101,31429.868424647786
20242,11260,중랑구,CS300031,가구,LL,다이나믹,91.7653384786164,9633113293.819405,49.99999936981292,0.27983492545898775,-0.4065160964737098,2365758261.8708706,20248843041.740135,114.50829223046213,19390.588787541517,4478378513.935045,52.83624740966744,1188802528.5130837,68519414854.12479,18420748394.974518,31460.078413476644
20243,11260,중랑구,CS300031,가구,LL,다이나믹,90.38359517907344,9371685536.42802,49.99999936981292,-0.9761556418973232,0.5446743050992378,2377794655.279283,19291038261.71272,116.72298717047481,17057.630585400297,4070463244.3036923,52.81923223653176,1474898559.5988476,67590979401.87459,19029741134.05043,30026.4038762511
20233,11260,중랑구,CS300032,가전제품,LL,다이나믹,124.4547388476476,10258796824.396559,49.0,-0.0889530106737052,0.15680901829144278,2598002230.522082,18565961945.689163,107.29418567691927,19561.6866449823,4309852980.051981,51.97776192433717,1396480214.9470282,65006293161.50929,17275329132.90198,31428.38321578714
20234,11260,중랑구,CS300032,가전제품,LL,다이나믹,123.56659522581431,9800393096.228226,49.99999936981228,-0.2072341869922698,0.9132395892776588,2516932018.697086,19437546871.79726,109.6266244972278,19556.701891110883,3862967003.803287,52.69131572027656,1377355183.7495959,66749489018.43889,17644415551.692005,31461.75324499081
20241,11260,중랑구,CS300032,가전제품,LL,다이나믹,123.52798111204059,10121242479.204504,49.99999936981292,1.7224701912351266,1.4862234112716963,2591158090.7007337,20003276450.411407,112.22258744583144,19474.749056091492,4056162445.0370955,52.76576021139123,1553783102.8040848,69662881253.90195,19011069690.71101,31429.868424647786
20242,11260,중랑구,CS300032,가전제품,LL,다이나믹,124.94602405144812,9633113293.819405,49.99999936981292,3.0933698995761265,0.7922090181890252,2365758261.8708706,20248843041.740135,114.50829223046213,19390.588787541517,4478378513.935045,52.83624740966744,1188802528.5130837,68519414854.12479,18420748394.974518,31460.078413476644
20243,11260,중랑구,CS300032,가전제품,LL,다이나믹,124.93235450486246,9371685536.42802,49.99999936981292,-0.2634315375443439,0.2752396366087814,2377794655.279283,19291038261.71272,116.72298717047481,17057.630585400297,4070463244.3036923,52.81923223653176,1474898559.5988476,67590979401.87459,19029741134.05043,30026.4038762511
20233,11260,중랑구,CS300043,전자상거래업,LL,다이나믹,1911.1268440152494,10258796824.396559,49.0,116.19814967022916,54.98855794223775,2598002230.522082,18565961945.689163,107.29418567691927,19561.6866449823,4309852980.051981,51.97776192433717,1396480214.9470282,65006293161.50929,17275329132.90198,31428.38321578714
20234,11260,중랑구,CS300043,전자상거래업,LL,다이나믹,1856.5615276690128,9800393096.228226,49.99999936981228,-225.03856860385264,93.97808788620118,2516932018.697086,19437546871.79726,109.6266244972278,19556.701891110883,3862967003.803287,52.69131572027656,1377355183.7495959,66749489018.43889,17644415551.692005,31461.75324499081
20241,11260,중랑구,CS300043,전자상거래업,LL,다이나믹,1824.953299088652,10121242479.204504,49.99999936981292,-221.69974048929902,72.80936574291748,2591158090.7007337,20003276450.411407,112.22258744583144,19474.749056091492,4056162445.0370955,52.76576021139123,1553783102.8040848,69662881253.90195,19011069690.71101,31429.868424647786
20242,11260,중랑구,CS300043,전자상거래업,LL,다이나믹,1821.2917618405834,9633113293.819405,49.99999936981292,-230.93819039014716,99.8314770842328,2365758261.8708706,20248843041.740135,114.50829223046213,19390.588787541517,4478378513.935045,52.83624740966744,1188802528.5130837,68519414854.12479,18420748394.974518,31460.078413476644
20243,11260,중랑구,CS300043,전자상거래업,LL,다이나믹,1865.56654627572,9371685536.42802,49.99999936981292,-229.5093022251688,73.60014842835216,2377794655.279283,19291038261.71272,116.72298717047481,17057.630585400297,4070463244.3036923,52.81923223653176,1474898559.5988476,67590979401.87459,19029741134.05043,30026.4038762511
