STDR_YYQU_CD,SIGNGU_CD,SIGNGU_CD_NM,SVC_INDUTY_CD,SVC_INDUTY_CD_NM,TRDAR_CHNGE_IX,TRDAR_CHNGE_IX_NM,SIMILR_INDUTY_STOR_CO,CLSBIZ_STOR_CO,OPBIZ_STOR_CO,ETC_EXPNDTR_TOTAMT,TRNSPORT_EXPNDTR_TOTAMT,MCP_EXPNDTR_TOTAMT,PLESR_EXPNDTR_TOTAMT,FDSTFFS_EXPNDTR_TOTAMT,FD_EXPNDTR_TOTAMT,OPR_SALE_MT_AVRG,CLTHS_FTWR_EXPNDTR_TOTAMT,SU_OPR_SALE_MT_AVRG,EDC_EXPNDTR_TOTAMT,LVSPL_EXPNDTR_TOTAMT,LSR_CLTUR_EXPNDTR_TOTAMT
20233,11440,마포구,CS100001,한식음식점,LL,다이나믹,3300.7623591982237,161.4657207249873,147.644451693138,8915395113.16611,3415951297.2306304,18609702978.11119,9209161311.474953,30971438103.652813,54448414561.60556,91.0947293237528,6981540013.0535145,107.29418567691927,9130986838.613918,2825369595.544753,950012306842.113
20234,11440,마포구,CS100001,한식음식점,LL,다이나믹,3259.9546622642956,145.48429525991514,129.670696790094,8471585507.83061,3148345355.736677,19408239207.7884,9775255314.747856,31911508079.92854,56752263311.37163,92.65163410863724,6446052011.65019,109.6266244972278,8908272801.383776,2268266144.883003,1053829502222.5198
20241,11440,마포구,CS100001,한식음식점,LL,다이나믹,3229.2208428929794,146.55093147286186,142.21581218802913,8911015886.332499,3444823096.221028,20287757273.237366,10141769033.102705,33900916300.710102,59086657784.809265,93.49357498055987,7668183522.0943985,112.22258744583144,9235222361.850727,2556455762.0837874,1058355130436.6521
20242,11440,마포구,CS100001,한식음식점,LL,다이나믹,3167.9817180995938,175.18039083017428,136.98684673276213,8608424112.928036,3660214759.979656,19811399947.499805,10260477581.627441,34048120927.833572,57579224854.6328,95.07555680578598,6963126266.7459135,114.50829223046213,10083293062.859695,2607428815.0266805,1073971983548.7142
20243,11440,마포구,CS100001,한식음식점,LL,다이나믹,3134.885977160609,154.44423991146337,145.35523367457557,8614417750.48135,3391071760.5875864,19790646614.746765,10348070268.8538,32276122017.547523,59734376220.68184,96.28920787739438,7111319102.709736,116.72298717047481,9622639914.40279,2543377346.1791277,1109254095347.0754
20233,11440,마포구,CS100002,중식음식점,LL,다이나믹,332.4817504784384,15.508822501117606,16.100055030386248,8915395113.16611,3415951297.2306304,18609702978.11119,9209161311.474953,30971438103.652813,54448414561.60556,91.0947293237528,6981540013.0535145,107.29418567691927,9130986838.613918,2825369595.544753,950012306842.113
20234,11440,마포구,CS100002,중식음식점,LL,다이나믹,335.9900603189864,13.218167063575734,13.47845883345238,8471585507.83061,3148345355.736677,19408239207.7884,9775255314.747856,31911508079.92854,56752263311.37163,92.65163410863724,6446052011.65019,109.6266244972278,8908272801.383776,2268266144.883003,1053829502222.5198
20241,11440,마포구,CS100002,중식음식점,LL,다이나믹,340.2241263233359,12.625802371834354,14.760826120928686,8911015886.332499,3444823096.221028,20287757273.237366,10141769033.102705,33900916300.710102,59086657784.809265,93.49357498055987,7668183522.0943985,112.22258744583144,9235222361.850727,2556455762.0837874,1058355130436.6521
20242,11440,마포구,CS100002,중식음식점,LL,다이나믹,342.9056483300991,14.016016417590487,16.02714565569752,8608424112.928036,3660214759.979656,19811399947.499805,10260477581.627441,34048120927.833572,57579224854.6328,95.07555680578598,6963126266.7459135,114.50829223046213,10083293062.859695,2607428815.0266805,1073971983548.7142
20243,11440,마포구,CS100002,중식음식점,LL,다이나믹,344.725332781751,17.63132487676471,13.584864135970841,8614417750.48135,3391071760.5875864,19790646614.746765,10348070268.8538,32276122017.547523,59734376220.68184,96.28920787739438,7111319102.709736,116.72298717047481,9622639914.40279,2543377346.1791277,1109254095347.0754
20233,11440,마포구,CS100003,일식음식점,LL,다이나믹,752.3856909437169,26.21347918349655,41.3612931454065,8915395113.16611,3415951297.2306304,18609702978.11119,9209161311.474953,30971438103.652813,54448414561.60556,91.0947293237528,6981540013.0535145,107.29418567691927,9130986838.613918,2825369595.544753,950012306842.113
20234,11440,마포구,CS100003,일식음식점,LL,다이나믹,762.0191057185535,20.89410344836151,23.252807003986597,8471585507.83061,3148345355.736677,19408239207.7884,9775255314.747856,31911508079.92854,56752263311.37163,92.65163410863724,6446052011.65019,109.6266244972278,8908272801.383776,2268266144.883003,1053829502222.5198
20241,11440,마포구,CS100003,일식음식점,LL,다이나믹,786.9763511434768,23.63506057762479,45.874072225675064,8911015886.332499,3444823096.221028,20287757273.237366,10141769033.102705,33900916300.710102,59086657784.809265,93.49357498055987,7668183522.0943985,112.22258744583144,9235222361.850727,2556455762.0837874,1058355130436.6521
20242,11440,마포구,CS100003,일식음식점,LL,다이나믹,800.1205317298379,31.005624971960156,45.64223654984093,8608424112.928036,3660214759.979656,19811399947.499805,10260477581.627441,34048120927.833572,57579224854.6328,95.07555680578598,6963126266.7459135,114.50829223046213,10083293062.859695,2607428815.0266805,1073971983548.7142
20243,11440,마포구,CS100003,일식음식점,LL,다이나믹,811.0746071404393,23.286806009181777,33.779568900277,8614417750.48135,3391071760.5875864,19790646614.746765,10348070268.8538,32276122017.547523,59734376220.68184,96.28920787739438,7111319102.709736,116.72298717047481,9622639914.40279,2543377346.1791277,1109254095347.0754
20233,11440,마포구,CS100004,양식음식점,LL,다이나믹,966.0597540983428,36.281765013223726,54.63269301028427,8915395113.16611,3415951297.2306304,18609702978.11119,9209161311.474953,30971438103.652813,54448414561.60556,91.0947293237528,6981540013.0535145,107.29418567691927,9130986838.613918,2825369595.544753,950012306842.113
20234,11440,마포구,CS100004,양식음식점,LL,다이나믹,967.9898905394705,35.42537434857738,18.387320104452932,8471585507.83061,3148345355.736677,19408239207.7884,9775255314.747856,31911508079.92854,56752263311.37163,92.65163410863724,6446052011.65019,109.6266244972278,8908272801.383776,2268266144.883003,1053829502222.5198
20241,11440,마포구,CS100004,양식음식점,LL,다이나믹,980.7396258347566,37.84116802902136,35.06195067578923,8911015886.332499,3444823096.221028,20287757273.237366,10141769033.102705,33900916300.710102,59086657784.809265,93.49357498055987,7668183522.0943985,112.22258744583144,9235222361.850727,2556455762.0837874,1058355130436.6521
20242,11440,마포구,CS100004,양식음식점,LL,다이나믹,990.539037796499,59.1306982010229,36.71264214590523,8608424112.928036,3660214759.979656,19811399947.499805,10260477581.627441,34048120927.833572,57579224854.6328,95.07555680578598,6963126266.7459135,114.50829223046213,10083293062.859695,2607428815.0266805,1073971983548.7142
20243,11440,마포구,CS100004,양식음식점,LL,다이나믹,1003.3026117300581,48.79482652899848,41.81998678264765,8614417750.48135,3391071760.5875864,19790646614.746765,10348070268.8538,32276122017.547523,59734376220.68184,96.28920787739438,7111319102.709736,116.72298717047481,9622639914.40279,2543377346.1791277,1109254095347.0754
20233,11440,마포구,CS100005,제과점,LL,다이나믹,436.7839527039854,5.080320672500054,21.933962226639963,8915395113.16611,3415951297.2306304,18609702978.11119,9209161311.474953,30971438103.652813,54448414561.60556,91.0947293237528,6981540013.0535145,107.29418567691927,9130986838.613918,2825369595.544753,950012306842.113
20234,11440,마포구,CS100005,제과점,LL,다이나믹,438.11588920656123,15.502882997297043,15.382794872823784,8471585507.83061,3148345355.736677,19408239207.7884,9775255314.747856,31911508079.92854,56752263311.37163,92.65163410863724,6446052011.65019,109.6266244972278,8908272801.383776,2268266144.883003,1053829502222.5198
20241,11440,마포구,CS100005,제과점,LL,다이나믹,439.17564245953673,11.194547414309554,21.032645403156152,8911015886.332499,3444823096.221028,20287757273.237366,10141769033.102705,33900916300.710102,59086657784.809265,93.49357498055987,7668183522.0943985,112.22258744583144,9235222361.850727,2556455762.0837874,1058355130436.6521
20242,11440,마포구,CS100005,제과점,LL,다이나믹,443.936812476244,20.714919971200683,20.93991822448361,8608424112.928036,3660214759.979656,19811399947.499805,10260477581.627441,34048120927.833572,57579224854.6328,95.07555680578598,6963126266.7459135,114.50829223046213,10083293062.859695,2607428815.0266805,1073971983548.7142
20243,11440,마포구,CS100005,제과점,LL,다이나믹,456.87400578852294,2.662575963431517,22.403442600399742,8614417750.48135,3391071760.5875864,19790646614.746765,10348070268.8538,32276122017.547523,59734376220.68184,96.28920787739438,7111319102.709736,116.72298717047481,9622639914.40279,2543377346.1791277,1109254095347.0754
20233,11440,마포구,CS100006,패스트푸드점,LL,다이나믹,368.3602122860233,14.913437811999987,14.820323213796678,8915395113.16611,3415951297.2306304,18609702978.11119,9209161311.474953,30971438103.652813,54448414561.60556,91.0947293237528,6981540013.0535145,107.29418567691927,9130986838.613918,2825369595.544753,950012306842.113
20234,11440,마포구,CS100006,패스트푸드점,LL,다이나믹,368.31155459543197,15.755433094598667,12.15621186315308,8471585507.83061,3148345355.736677,19408239207.7884,9775255314.747856,31911508079.92854,56752263311.37163,92.65163410863724,6446052011.65019,109.6266244972278,8908272801.383776,2268266144.883003,1053829502222.5198
20241,11440,마포구,CS100006,패스트푸드점,LL,다이나믹,367.93502984895485,18.2276405125191,12.819545496376193,8911015886.332499,3444823096.221028,20287757273.237366,10141769033.102705,33900916300.710102,59086657784.809265,93.49357498055987,7668183522.0943985,112.22258744583144,9235222361.850727,2556455762.0837874,1058355130436.6521
20242,11440,마포구,CS100006,패스트푸드점,LL,다이나믹,363.7662144937255,19.449360083267393,11.511527724557173,8608424112.928036,3660214759.979656,19811399947.499805,10260477581.627441,34048120927.833572,57579224854.6328,95.07555680578598,6963126266.7459135,114.50829223046213,10083293062.859695,2607428815.0266805,1073971983548.7142
20243,11440,마포구,CS100006,패스트푸드점,LL,다이나믹,367.71961093245216,15.754769484057357,14.140297958544869,8614417750.48135,3391071760.5875864,19790646614.746765,10348070268.8538,32276122017.547523,59734376220.68184,96.28920787739438,7111319102.709736,116.72298717047481,9622639914.40279,2543377346.1791277,1109254095347.0754
20233,11440,마포구,CS100007,치킨전문점,LL,다이나믹,240.9124726144455,7.774104576013145,10.303647876777557,8915395113.16611,3415951297.2306304,18609702978.11119,9209161311.474953,30971438103.652813,54448414561.60556,91.0947293237528,6981540013.0535145,107.29418567691927,9130986838.613918,2825369595.544753,950012306842.113
20234,11440,마포구,CS100007,치킨전문점,LL,다이나믹,236.00877325015966,9.323908523620819,3.4677456819303902,8471585507.83061,3148345355.736677,19408239207.7884,9775255314.747856,31911508079.92854,56752263311.37163,92.65163410863724,6446052011.65019,109.6266244972278,8908272801.383776,2268266144.883003,1053829502222.5198
20241,11440,마포구,CS100007,치킨전문점,LL,다이나믹,233.12525687480434,6.84838141775858,1.690142033981049,8911015886.332499,3444823096.221028,20287757273.237366,10141769033.102705,33900916300.710102,59086657784.809265,93.49357498055987,7668183522.0943985,112.22258744583144,9235222361.850727,2556455762.0837874,1058355130436.6521
20242,11440,마포구,CS100007,치킨전문점,LL,다이나믹,227.51097130718475,9.263976795608816,0.181656797546764,8608424112.928036,3660214759.979656,19811399947.499805,10260477581.627441,34048120927.833572,57579224854.6328,95.07555680578598,6963126266.7459135,114.50829223046213,10083293062.859695,2607428815.0266805,1073971983548.7142
20243,11440,마포구,CS100007,치킨전문점,LL,다이나믹,224.89134032656048,9.412688602970075,3.720981306974205,8614417750.48135,3391071760.5875864,19790646614.746765,10348070268.8538,32276122017.547523,59734376220.68184,96.28920787739438,7111319102.709736,116.72298717047481,9622639914.40279,2543377346.1791277,1109254095347.0754
20233,11440,마포구,CS100008,분식전문점,LL,다이나믹,939.1459233898064,40.91593270363197,56.0278907201954,8915395113.16611,3415951297.2306304,18609702978.11119,9209161311.474953,30971438103.652813,54448414561.60556,91.0947293237528,6981540013.0535145,107.29418567691927,9130986838.613918,2825369595.544753,950012306842.113
20234,11440,마포구,CS100008,분식전문점,LL,다이나믹,963.8076445517177,24.69050885355016,60.55031574056059,8471585507.83061,3148345355.736677,19408239207.7884,9775255314.747856,31911508079.92854,56752263311.37163,92.65163410863724,6446052011.65019,109.6266244972278,8908272801.383776,2268266144.883003,1053829502222.5198
20241,11440,마포구,CS100008,분식전문점,LL,다이나믹,1003.7706169322331,27.559895635669903,69.0712933509859,8911015886.332499,3444823096.221028,20287757273.237366,10141769033.102705,33900916300.710102,59086657784.809265,93.49357498055987,7668183522.0943985,112.22258744583144,9235222361.850727,2556455762.0837874,1058355130436.6521
20242,11440,마포구,CS100008,분식전문점,LL,다이나믹,1047.363629124321,30.74409953244222,62.19448117128436,8608424112.928036,3660214759.979656,19811399947.499805,10260477581.627441,34048120927.833572,57579224854.6328,95.07555680578598,6963126266.7459135,114.50829223046213,10083293062.859695,2607428815.0266805,1073971983548.7142
20243,11440,마포구,CS100008,분식전문점,LL,다이나믹,1068.5791470921556,33.21850413145499,61.318893733811485,8614417750.48135,3391071760.5875864,19790646614.746765,10348070268.8538,32276122017.547523,59734376220.68184,96.28920787739438,7111319102.709736,116.72298717047481,9622639914.40279,2543377346.1791277,1109254095347.0754
20233,11440,마포구,CS100009,호프-간이주점,LL,다이나믹,569.9537679338123,22.273760332788882,14.99942906796171,8915395113.16611,3415951297.2306304,18609702978.11119,9209161311.474953,30971438103.652813,54448414561.60556,91.0947293237528,6981540013.0535145,107.29418567691927,9130986838.613918,2825369595.544753,950012306842.113
20234,11440,마포구,CS100009,호프-간이주점,LL,다이나믹,557.390218299663,9.701861212302543,14.448863435508475,8471585507.83061,3148345355.736677,19408239207.7884,9775255314.747856,31911508079.92854,56752263311.37163,92.65163410863724,6446052011.65019,109.6266244972278,8908272801.383776,2268266144.883003,1053829502222.5198
20241,11440,마포구,CS100009,호프-간이주점,LL,다이나믹,541.2035234414552,17.19197063986105,13.299733865843685,8911015886.332499,3444823096.221028,20287757273.237366,10141769033.102705,33900916300.710102,59086657784.809265,93.49357498055987,7668183522.0943985,112.22258744583144,9235222361.850727,2556455762.0837874,1058355130436.6521
20242,11440,마포구,CS100009,호프-간이주점,LL,다이나믹,525.0492140583327,14.039368649063785,13.824970554767965,8608424112.928036,3660214759.979656,19811399947.499805,10260477581.627441,34048120927.833572,57579224854.6328,95.07555680578598,6963126266.7459135,114.50829223046213,10083293062.859695,2607428815.0266805,1073971983548.7142
20243,11440,마포구,CS100009,호프-간이주점,LL,다이나믹,515.3649468092759,10.278930882224849,15.832199015767735,8614417750.48135,3391071760.5875864,19790646614.746765,10348070268.8538,32276122017.547523,59734376220.68184,96.28920787739438,7111319102.709736,116.72298717047481,9622639914.40279,2543377346.1791277,1109254095347.0754
20233,11440,마포구,CS100010,커피-음료,LL,다이나믹,2131.0627220855495,87.2398196072214,106.7603259288671,8915395113.16611,3415951297.2306304,18609702978.11119,9209161311.474953,30971438103.652813,54448414561.60556,91.0947293237528,6981540013.0535145,107.29418567691927,9130986838.613918,2825369595.544753,950012306842.113
20234,11440,마포구,CS100010,커피-음료,LL,다이나믹,2161.3442029333173,89.65802787809315,118.04591911779418,8471585507.83061,3148345355.736677,19408239207.7884,9775255314.747856,31911508079.92854,56752263311.37163,92.65163410863724,6446052011.65019,109.6266244972278,8908272801.383776,2268266144.883003,1053829502222.5198
20241,11440,마포구,CS100010,커피-음료,LL,다이나믹,2235.5527966489526,88.14650115531947,163.78127926308827,8911015886.332499,3444823096.221028,20287757273.237366,10141769033.102705,33900916300.710102,59086657784.809265,93.49357498055987,7668183522.0943985,112.22258744583144,9235222361.850727,2556455762.0837874,1058355130436.6521
20242,11440,마포구,CS100010,커피-음료,LL,다이나믹,2300.7916378580594,96.55023613883291,127.79368663634419,8608424112.928036,3660214759.979656,19811399947.499805,10260477581.627441,34048120927.833572,57579224854.6328,95.07555680578598,6963126266.7459135,114.50829223046213,10083293062.859695,2607428815.0266805,1073971983548.7142
20243,11440,마포구,CS100010,커피-음료,LL,다이나믹,2341.4576511333566,90.05245943269489,115.064479399692,8614417750.48135,3391071760.5875864,19790646614.746765,10348070268.8538,32276122017.547523,59734376220.68184,96.28920787739438,7111319102.709736,116.72298717047481,9622639914.40279,2543377346.1791277,1109254095347.0754
20233,11440,마포구,CS200001,일반교습학원,LL,다이나믹,652.1358936107936,11.042798122504692,14.5430248184212,8915395113.16611,3415951297.2306304,18609702978.11119,9209161311.474953,30971438103.652813,54448414561.60556,91.0947293237528,6981540013.0535145,107.29418567691927,9130986838.613918,2825369595.544753,950012306842.113
20234,11440,마포구,CS200001,일반교습학원,LL,다이나믹,646.1010111854079,13.802423498590983,-3.1072904553029232,8471585507.83061,3148345355.736677,19408239207.7884,9775255314.747856,31911508079.92854,56752263311.37163,92.65163410863724,6446052011.65019,109.6266244972278,8908272801.383776,2268266144.883003,1053829502222.5198
20241,11440,마포구,CS200001,일반교습학원,LL,다이나믹,640.1704299364114,13.120367501956345,-2.0162780459476926,8911015886.332499,3444823096.221028,20287757273.237366,10141769033.102705,33900916300.710102,59086657784.809265,93.49357498055987,7668183522.0943985,112.22258744583144,9235222361.850727,2556455762.0837874,1058355130436.6521
20242,11440,마포구,CS200001,일반교습학원,LL,다이나믹,628.0446166725122,15.531072450354172,-4.582910894559131,8608424112.928036,3660214759.979656,19811399947.499805,10260477581.627441,34048120927.833572,57579224854.6328,95.07555680578598,6963126266.7459135,114.50829223046213,10083293062.859695,2607428815.0266805,1073971983548.7142
20243,11440,마포구,CS200001,일반교습학원,LL,다이나믹,630.8105314498913,12.17285315440879,2.1043664297367073,8614417750.48135,3391071760.5875864,19790646614.746765,10348070268.8538,32276122017.547523,59734376220.68184,96.28920787739438,7111319102.709736,116.72298717047481,9622639914.40279,2543377346.1791277,1109254095347.0754
20233,11440,마포구,CS200002,외국어학원,LL,다이나믹,286.7557312033169,-1.0558791843687754,8.4304610959612,8915395113.16611,3415951297.2306304,18609702978.11119,9209161311.474953,30971438103.652813,54448414561.60556,91.0947293237528,6981540013.0535145,107.29418567691927,9130986838.613918,2825369595.544753,950012306842.113
20234,11440,마포구,CS200002,외국어학원,LL,다이나믹,315.65513507072006,-4.372205769355036,25.446857624135696,8471585507.83061,3148345355.736677,19408239207.7884,9775255314.747856,31911508079.92854,56752263311.37163,92.65163410863724,6446052011.65019,109.6266244972278,8908272801.383776,2268266144.883003,1053829502222.5198
20241,11440,마포구,CS200002,외국어학원,LL,다이나믹,333.92732637817323,-3.229075334891757,13.355921842503488,8911015886.332499,3444823096.221028,20287757273.237366,10141769033.102705,33900916300.710102,59086657784.809265,93.49357498055987,7668183522.0943985,112.22258744583144,9235222361.850727,2556455762.0837874,1058355130436.6521
20242,11440,마포구,CS200002,외국어학원,LL,다이나믹,364.87745081572393,-2.467998002325945,30.868543277049497,8608424112.928036,3660214759.979656,19811399947.499805,10260477581.627441,34048120927.833572,57579224854.6328,95.07555680578598,6963126266.7459135,114.50829223046213,10083293062.859695,2607428815.0266805,1073971983548.7142
20243,11440,마포구,CS200002,외국어학원,LL,다이나믹,387.78451724245934,0.27524638301281446,18.035697479183256,8614417750.48135,3391071760.5875864,19790646614.746765,10348070268.8538,32276122017.547523,59734376220.68184,96.28920787739438,7111319102.709736,116.72298717047481,9622639914.40279,2543377346.1791277,1109254095347.0754
20233,11440,마포구,CS200003,예술학원,LL,다이나믹,486.25917722474765,11.698439961102652,8.399285001709956,8915395113.16611,3415951297.2306304,18609702978.11119,9209161311.474953,30971438103.652813,54448414561.60556,91.0947293237528,6981540013.0535145,107.29418567691927,9130986838.613918,2825369595.544753,950012306842.113
20234,11440,마포구,CS200003,예술학원,LL,다이나믹,483.91558109296807,20.383722600871312,7.291548267818271,8471585507.83061,3148345355.736677,19408239207.7884,9775255314.747856,31911508079.92854,56752263311.37163,92.65163410863724,6446052011.65019,109.6266244972278,8908272801.383776,2268266144.883003,1053829502222.5198
20241,11440,마포구,CS200003,예술학원,LL,다이나믹,485.4044678003367,18.632573027717932,9.125718649443751,8911015886.332499,3444823096.221028,20287757273.237366,10141769033.102705,33900916300.710102,59086657784.809265,93.49357498055987,7668183522.0943985,112.22258744583144,9235222361.850727,2556455762.0837874,1058355130436.6521
20242,11440,마포구,CS200003,예술학원,LL,다이나믹,483.55759616817306,20.109986305353996,6.541034602822337,8608424112.928036,3660214759.979656,19811399947.499805,10260477581.627441,34048120927.833572,57579224854.6328,95.07555680578598,6963126266.7459135,114.50829223046213,10083293062.859695,2607428815.0266805,1073971983548.7142
20243,11440,마포구,CS200003,예술학원,LL,다이나믹,482.6005270988618,15.243501898820025,4.917197351346107,8614417750.48135,3391071760.5875864,19790646614.746765,10348070268.8538,32276122017.547523,59734376220.68184,96.28920787739438,7111319102.709736,116.72298717047481,9622639914.40279,2543377346.1791277,1109254095347.0754
20233,11440,마포구,CS200016,당구장,LL,다이나믹,136.78761197062587,7.0458170657030195,6.2360602292096,8915395113.16611,3415951297.2306304,18609702978.11119,9209161311.474953,30971438103.652813,54448414561.60556,91.0947293237528,6981540013.0535145,107.29418567691927,9130986838.613918,2825369595.544753,950012306842.113
20234,11440,마포구,CS200016,당구장,LL,다이나믹,137.8117187261982,6.979462722191675,5.7852177910738405,8471585507.83061,3148345355.736677,19408239207.7884,9775255314.747856,31911508079.92854,56752263311.37163,92.65163410863724,6446052011.65019,109.6266244972278,8908272801.383776,2268266144.883003,1053829502222.5198
20241,11440,마포구,CS200016,당구장,LL,다이나믹,140.86172003286487,6.529471892619147,9.354164949254372,8911015886.332499,3444823096.221028,20287757273.237366,10141769033.102705,33900916300.710102,59086657784.809265,93.49357498055987,7668183522.0943985,112.22258744583144,9235222361.850727,2556455762.0837874,1058355130436.6521
20242,11440,마포구,CS200016,당구장,LL,다이나믹,139.90950225552763,8.60975244842912,4.6110782820078615,8608424112.928036,3660214759.979656,19811399947.499805,10260477581.627441,34048120927.833572,57579224854.6328,95.07555680578598,6963126266.7459135,114.50829223046213,10083293062.859695,2607428815.0266805,1073971983548.7142
20243,11440,마포구,CS200016,당구장,LL,다이나믹,138.6304657092292,7.8851399183264,6.654094256567302,8614417750.48135,3391071760.5875864,19790646614.746765,10348070268.8538,32276122017.547523,59734376220.68184,96.28920787739438,7111319102.709736,116.72298717047481,9622639914.40279,2543377346.1791277,1109254095347.0754
20233,11440,마포구,CS200017,골프연습장,LL,다이나믹,65.01433483748045,2.333318988303957,2.337077299913761,8915395113.16611,3415951297.2306304,18609702978.11119,9209161311.474953,30971438103.652813,54448414561.60556,91.0947293237528,6981540013.0535145,107.29418567691927,9130986838.613918,2825369595.544753,950012306842.113
20234,11440,마포구,CS200017,골프연습장,LL,다이나믹,65.63034599829042,2.2394665247712275,4.271382224610349,8471585507.83061,3148345355.736677,19408239207.7884,9775255314.747856,31911508079.92854,56752263311.37163,92.65163410863724,6446052011.65019,109.6266244972278,8908272801.383776,2268266144.883003,1053829502222.5198
20241,11440,마포구,CS200017,골프연습장,LL,다이나믹,65.77717093993397,3.289926523021759,-0.8842787329625765,8911015886.332499,3444823096.221028,20287757273.237366,10141769033.102705,33900916300.710102,59086657784.809265,93.49357498055987,7668183522.0943985,112.22258744583144,9235222361.850727,2556455762.0837874,1058355130436.6521
20242,11440,마포구,CS200017,골프연습장,LL,다이나믹,67.77337259759669,0.4354548929378754,2.0663681881258267,8608424112.928036,3660214759.979656,19811399947.499805,10260477581.627441,34048120927.833572,57579224854.6328,95.07555680578598,6963126266.7459135,114.50829223046213,10083293062.859695,2607428815.0266805,1073971983548.7142
20243,11440,마포구,CS200017,골프연습장,LL,다이나믹,67.5869472432575,2.7387055837828522,1.0459904430138713,8614417750.48135,3391071760.5875864,19790646614.746765,10348070268.8538,32276122017.547523,59734376220.68184,96.28920787739438,7111319102.709736,116.72298717047481,9622639914.40279,2543377346.1791277,1109254095347.0754
20233,11440,마포구,CS200019,PC방,LL,다이나믹,34.78185376019512,0.6158916154940477,0.14660778298016086,8915395113.16611,3415951297.2306304,18609702978.11119,9209161311.474953,30971438103.652813,54448414561.60556,91.0947293237528,6981540013.0535145,107.29418567691927,9130986838.613918,2825369595.544753,950012306842.113
20234,11440,마포구,CS200019,PC방,LL,다이나믹,32.55689302222085,2.09409455239678,-0.7770996557439488,8471585507.83061,3148345355.736677,19408239207.7884,9775255314.747856,31911508079.92854,56752263311.37163,92.65163410863724,6446052011.65019,109.6266244972278,8908272801.383776,2268266144.883003,1053829502222.5198
20241,11440,마포구,CS200019,PC방,LL,다이나믹,31.02158185961036,0.20907776003203032,0.6106749414426965,8911015886.332499,3444823096.221028,20287757273.237366,10141769033.102705,33900916300.710102,59086657784.809265,93.49357498055987,7668183522.0943985,112.22258744583144,9235222361.850727,2556455762.0837874,1058355130436.6521
20242,11440,마포구,CS200019,PC방,LL,다이나믹,26.993061430554228,2.4986538793600404,0.6026866299262543,8608424112.928036,3660214759.979656,19811399947.499805,10260477581.627441,34048120927.833572,57579224854.6328,95.07555680578598,6963126266.7459135,114.50829223046213,10083293062.859695,2607428815.0266805,1073971983548.7142
20243,11440,마포구,CS200019,PC방,LL,다이나믹,25.911368655218432,0.6288853717495262,-0.5278633466971632,8614417750.48135,3391071760.5875864,19790646614.746765,10348070268.8538,32276122017.547523,59734376220.68184,96.28920787739438,7111319102.709736,116.72298717047481,9622639914.40279,2543377346.1791277,1109254095347.0754
20233,11440,마포구,CS200026,자동차미용,LL,다이나믹,49.85921362387553,0.8453590891690927,0.6857917806634162,8915395113.16611,3415951297.2306304,18609702978.11119,9209161311.474953,30971438103.652813,54448414561.60556,91.0947293237528,6981540013.0535145,107.29418567691927,9130986838.613918,2825369595.544753,950012306842.113
20234,11440,마포구,CS200026,자동차미용,LL,다이나믹,49.707234752780884,0.32887677276013316,0.40859540420995577,8471585507.83061,3148345355.736677,19408239207.7884,9775255314.747856,31911508079.92854,56752263311.37163,92.65163410863724,6446052011.65019,109.6266244972278,8908272801.383776,2268266144.883003,1053829502222.5198
20241,11440,마포구,CS200026,자동차미용,LL,다이나믹,51.18311192559028,0.2407616098757599,0.961760972943182,8911015886.332499,3444823096.221028,20287757273.237366,10141769033.102705,33900916300.710102,59086657784.809265,93.49357498055987,7668183522.0943985,112.22258744583144,9235222361.850727,2556455762.0837874,1058355130436.6521
20242,11440,마포구,CS200026,자동차미용,LL,다이나믹,52.49878051628747,1.1037195337236931,0.5383596744126548,8608424112.928036,3660214759.979656,19811399947.499805,10260477581.627441,34048120927.833572,57579224854.6328,95.07555680578598,6963126266.7459135,114.50829223046213,10083293062.859695,2607428815.0266805,1073971983548.7142
20243,11440,마포구,CS200026,자동차미용,LL,다이나믹,52.4332939818923,0.7850448456646868,0.7037477230786076,8614417750.48135,3391071760.5875864,19790646614.746765,10348070268.8538,32276122017.547523,59734376220.68184,96.28920787739438,7111319102.709736,116.72298717047481,9622639914.40279,2543377346.1791277,1109254095347.0754
20233,11440,마포구,CS200031,세탁소,LL,다이나믹,223.62704907380268,4.743503799009031,7.335516043733692,8915395113.16611,3415951297.2306304,18609702978.11119,9209161311.474953,30971438103.652813,54448414561.60556,91.0947293237528,6981540013.0535145,107.29418567691927,9130986838.613918,2825369595.544753,950012306842.113
20234,11440,마포구,CS200031,세탁소,LL,다이나믹,223.5609113507439,4.505316537932353,3.8574660430566046,8471585507.83061,3148345355.736677,19408239207.7884,9775255314.747856,31911508079.92854,56752263311.37163,92.65163410863724,6446052011.65019,109.6266244972278,8908272801.383776,2268266144.883003,1053829502222.5198
20241,11440,마포구,CS200031,세탁소,LL,다이나믹,224.54612279990914,3.9152325125871004,4.48235219827048,8911015886.332499,3444823096.221028,20287757273.237366,10141769033.102705,33900916300.710102,59086657784.809265,93.49357498055987,7668183522.0943985,112.22258744583144,9235222361.850727,2556455762.0837874,1058355130436.6521
20242,11440,마포구,CS200031,세탁소,LL,다이나믹,223.5886029888576,5.092170292121391,2.6708458314522363,8608424112.928036,3660214759.979656,19811399947.499805,10260477581.627441,34048120927.833572,57579224854.6328,95.07555680578598,6963126266.7459135,114.50829223046213,10083293062.859695,2607428815.0266805,1073971983548.7142
20243,11440,마포구,CS200031,세탁소,LL,다이나믹,227.4962575478782,4.316877924202106,7.115114375923175,8614417750.48135,3391071760.5875864,19790646614.746765,10348070268.8538,32276122017.547523,59734376220.68184,96.28920787739438,7111319102.709736,116.72298717047481,9622639914.40279,2543377346.1791277,1109254095347.0754
20233,11440,마포구,CS200032,가전제품수리,LL,다이나믹,78.72103355818813,0.02537569132017259,1.9958081325608408,8915395113.16611,3415951297.2306304,18609702978.11119,9209161311.474953,30971438103.652813,54448414561.60556,91.0947293237528,6981540013.0535145,107.29418567691927,9130986838.613918,2825369595.544753,950012306842.113
20234,11440,마포구,CS200032,가전제품수리,LL,다이나믹,79.73561059005603,-0.5028611992388308,1.6244327035426624,8471585507.83061,3148345355.736677,19408239207.7884,9775255314.747856,31911508079.92854,56752263311.37163,92.65163410863724,6446052011.65019,109.6266244972278,8908272801.383776,2268266144.883003,1053829502222.5198
20241,11440,마포구,CS200032,가전제품수리,LL,다이나믹,80.47894420596108,0.5823848217604171,0.8738719616036322,8911015886.332499,3444823096.221028,20287757273.237366,10141769033.102705,33900916300.710102,59086657784.809265,93.49357498055987,7668183522.0943985,112.22258744583144,9235222361.850727,2556455762.0837874,1058355130436.6521
20242,11440,마포구,CS200032,가전제품수리,LL,다이나믹,80.48648229161171,0.920738680164273,0.022028985249236854,8608424112.928036,3660214759.979656,19811399947.499805,10260477581.627441,34048120927.833572,57579224854.6328,95.07555680578598,6963126266.7459135,114.50829223046213,10083293062.859695,2607428815.0266805,1073971983548.7142
20243,11440,마포구,CS200032,가전제품수리,LL,다이나믹,82.68544636120166,0.009902994876207716,1.3568885914384858,8614417750.48135,3391071760.5875864,19790646614.746765,10348070268.8538,32276122017.547523,59734376220.68184,96.28920787739438,7111319102.709736,116.72298717047481,9622639914.40279,2543377346.1791277,1109254095347.0754
20233,11440,마포구,CS200037,노래방,LL,다이나믹,202.4340235177464,6.2046078924229064,6.465597358712867,8915395113.16611,3415951297.2306304,18609702978.11119,9209161311.474953,30971438103.652813,54448414561.60556,91.0947293237528,6981540013.0535145,107.29418567691927,9130986838.613918,2825369595.544753,950012306842.113
20234,11440,마포구,CS200037,노래방,LL,다이나믹,197.71430790993077,2.371618006951035,0.8698352334429975,8471585507.83061,3148345355.736677,19408239207.7884,9775255314.747856,31911508079.92854,56752263311.37163,92.65163410863724,6446052011.65019,109.6266244972278,8908272801.383776,2268266144.883003,1053829502222.5198
20241,11440,마포구,CS200037,노래방,LL,다이나믹,196.81517531107943,5.203985958393416,6.436480706403485,8911015886.332499,3444823096.221028,20287757273.237366,10141769033.102705,33900916300.710102,59086657784.809265,93.49357498055987,7668183522.0943985,112.22258744583144,9235222361.850727,2556455762.0837874,1058355130436.6521
20242,11440,마포구,CS200037,노래방,LL,다이나믹,193.22580009366914,4.7549991222500525,3.9282232797501004,8608424112.928036,3660214759.979656,19811399947.499805,10260477581.627441,34048120927.833572,57579224854.6328,95.07555680578598,6963126266.7459135,114.50829223046213,10083293062.859695,2607428815.0266805,1073971983548.7142
20243,11440,마포구,CS200037,노래방,LL,다이나믹,189.82278420168964,4.198053576055719,3.0516930447125206,8614417750.48135,3391071760.5875864,19790646614.746765,10348070268.8538,32276122017.547523,59734376220.68184,96.28920787739438,7111319102.709736,116.72298717047481,9622639914.40279,2543377346.1791277,1109254095347.0754
20233,11440,마포구,CS300001,슈퍼마켓,LL,다이나믹,695.2284766043651,17.47771997405085,33.12041654142013,8915395113.16611,3415951297.2306304,18609702978.11119,9209161311.474953,30971438103.652813,54448414561.60556,91.0947293237528,6981540013.0535145,107.29418567691927,9130986838.613918,2825369595.544753,950012306842.113
20234,11440,마포구,CS300001,슈퍼마켓,LL,다이나믹,705.6500341602,17.40785430668858,40.621940506879824,8471585507.83061,3148345355.736677,19408239207.7884,9775255314.747856,31911508079.92854,56752263311.37163,92.65163410863724,6446052011.65019,109.6266244972278,8908272801.383776,2268266144.883003,1053829502222.5198
20241,11440,마포구,CS300001,슈퍼마켓,LL,다이나믹,745.972276796193,10.252132252706485,44.74008395486487,8911015886.332499,3444823096.221028,20287757273.237366,10141769033.102705,33900916300.710102,59086657784.809265,93.49357498055987,7668183522.0943985,112.22258744583144,9235222361.850727,2556455762.0837874,1058355130436.6521
20242,11440,마포구,CS300001,슈퍼마켓,LL,다이나믹,781.8476228698247,14.277669334235483,43.86164551976563,8608424112.928036,3660214759.979656,19811399947.499805,10260477581.627441,34048120927.833572,57579224854.6328,95.07555680578598,6963126266.7459135,114.50829223046213,10083293062.859695,2607428815.0266805,1073971983548.7142
20243,11440,마포구,CS300001,슈퍼마켓,LL,다이나믹,830.1068422877818,12.270286932519355,43.636945649887515,8614417750.48135,3391071760.5875864,19790646614.746765,10348070268.8538,32276122017.547523,59734376220.68184,96.28920787739438,7111319102.709736,116.72298717047481,9622639914.40279,2543377346.1791277,1109254095347.0754
20233,11440,마포구,CS300002,편의점,LL,다이나믹,586.7605866233408,20.811498668258984,14.107768651907355,8915395113.16611,3415951297.2306304,18609702978.11119,9209161311.474953,30971438103.652813,54448414561.60556,91.0947293237528,6981540013.0535145,107.29418567691927,9130986838.613918,2825369595.544753,950012306842.113
20234,11440,마포구,CS300002,편의점,LL,다이나믹,590.8899567460737,13.15692119721559,15.517277320861288,8471585507.83061,3148345355.736677,19408239207.7884,9775255314.747856,31911508079.92854,56752263311.37163,92.65163410863724,6446052011.65019,109.6266244972278,8908272801.383776,2268266144.883003,1053829502222.5198
20241,11440,마포구,CS300002,편의점,LL,다이나믹,592.8856183520197,12.976873210026973,12.636749803866595,8911015886.332499,3444823096.221028,20287757273.237366,10141769033.102705,33900916300.710102,59086657784.809265,93.49357498055987,7668183522.0943985,112.22258744583144,9235222361.850727,2556455762.0837874,1058355130436.6521
20242,11440,마포구,CS300002,편의점,LL,다이나믹,592.7284284361483,16.782972041854734,11.98763797097817,8608424112.928036,3660214759.979656,19811399947.499805,10260477581.627441,34048120927.833572,57579224854.6328,95.07555680578598,6963126266.7459135,114.50829223046213,10083293062.859695,2607428815.0266805,1073971983548.7142
20243,11440,마포구,CS300002,편의점,LL,다이나믹,590.269578876893,19.46780223064279,12.823843577646235,8614417750.48135,3391071760.5875864,19790646614.746765,10348070268.8538,32276122017.547523,59734376220.68184,96.28920787739438,7111319102.709736,116.72298717047481,9622639914.40279,2543377346.1791277,1109254095347.0754
20233,11440,마포구,CS300003,컴퓨터및주변장치판매,LL,다이나믹,427.22700530547627,11.437932470789413,1.8703032834494753,8915395113.16611,3415951297.2306304,18609702978.11119,9209161311.474953,30971438103.652813,54448414561.60556,91.0947293237528,6981540013.0535145,107.29418567691927,9130986838.613918,2825369595.544753,950012306842.113
20234,11440,마포구,CS300003,컴퓨터및주변장치판매,LL,다이나믹,425.7010214506229,7.120225656735741,3.1449448125164534,8471585507.83061,3148345355.736677,19408239207.7884,9775255314.747856,31911508079.92854,56752263311.37163,92.65163410863724,6446052011.65019,109.6266244972278,8908272801.383776,2268266144.883003,1053829502222.5198
20241,11440,마포구,CS300003,컴퓨터및주변장치판매,LL,다이나믹,429.6060303121714,5.331425072954492,3.507305721317011,8911015886.332499,3444823096.221028,20287757273.237366,10141769033.102705,33900916300.710102,59086657784.809265,93.49357498055987,7668183522.0943985,112.22258744583144,9235222361.850727,2556455762.0837874,1058355130436.6521
20242,11440,마포구,CS300003,컴퓨터및주변장치판매,LL,다이나믹,427.481159956149,8.433151584786641,0.7417599485613602,8608424112.928036,3660214759.979656,19811399947.499805,10260477581.627441,34048120927.833572,57579224854.6328,95.07555680578598,6963126266.7459135,114.50829223046213,10083293062.859695,2607428815.0266805,1073971983548.7142
20243,11440,마포구,CS300003,컴퓨터및주변장치판매,LL,다이나믹,425.6749506500898,7.090433315288259,0.6621378310619361,8614417750.48135,3391071760.5875864,19790646614.746765,10348070268.8538,32276122017.547523,59734376220.68184,96.28920787739438,7111319102.709736,116.72298717047481,9622639914.40279,2543377346.1791277,1109254095347.0754
20233,11440,마포구,CS300006,미곡판매,LL,다이나믹,75.48648748808766,1.3726126243489214,1.8885200897008665,8915395113.16611,3415951297.2306304,18609702978.11119,9209161311.474953,30971438103.652813,54448414561.60556,91.0947293237528,6981540013.0535145,107.29418567691927,9130986838.613918,2825369595.544753,950012306842.113
20234,11440,마포구,CS300006,미곡판매,LL,다이나믹,72.3960690004778,2.371467819954896,0.4704909173230125,8471585507.83061,3148345355.736677,19408239207.7884,9775255314.747856,31911508079.92854,56752263311.37163,92.65163410863724,6446052011.65019,109.6266244972278,8908272801.383776,2268266144.883003,1053829502222.5198
20241,11440,마포구,CS300006,미곡판매,LL,다이나믹,71.28708856575322,3.9540551444833683,1.4982512071202647,8911015886.332499,3444823096.221028,20287757273.237366,10141769033.102705,33900916300.710102,59086657784.809265,93.49357498055987,7668183522.0943985,112.22258744583144,9235222361.850727,2556455762.0837874,1058355130436.6521
20242,11440,마포구,CS300006,미곡판매,LL,다이나믹,68.24834730984,2.094206694679472,-0.7956946076902445,8608424112.928036,3660214759.979656,19811399947.499805,10260477581.627441,34048120927.833572,57579224854.6328,95.07555680578598,6963126266.7459135,114.50829223046213,10083293062.859695,2607428815.0266805,1073971983548.7142
20243,11440,마포구,CS300006,미곡판매,LL,다이나믹,66.82095142377658,1.5388298727160048,-0.21252854419652295,8614417750.48135,3391071760.5875864,19790646614.746765,10348070268.8538,32276122017.547523,59734376220.68184,96.28920787739438,7111319102.709736,116.72298717047481,9622639914.40279,2543377346.1791277,1109254095347.0754
20233,11440,마포구,CS300007,육류판매,LL,다이나믹,144.10619455156282,6.430080492247523,4.650143558036906,8915395113.16611,3415951297.2306304,18609702978.11119,9209161311.474953,30971438103.652813,54448414561.60556,91.0947293237528,6981540013.0535145,107.29418567691927,9130986838.613918,2825369595.544753,950012306842.113
20234,11440,마포구,CS300007,육류판매,LL,다이나믹,141.28841309264155,5.933059921357815,3.477785386489699,8471585507.83061,3148345355.736677,19408239207.7884,9775255314.747856,31911508079.92854,56752263311.37163,92.65163410863724,6446052011.65019,109.6266244972278,8908272801.383776,2268266144.883003,1053829502222.5198
20241,11440,마포구,CS300007,육류판매,LL,다이나믹,141.92428215079576,4.446145666126238,3.8913591901556837,8911015886.332499,3444823096.221028,20287757273.237366,10141769033.102705,33900916300.710102,59086657784.809265,93.49357498055987,7668183522.0943985,112.22258744583144,9235222361.850727,2556455762.0837874,1058355130436.6521
20242,11440,마포구,CS300007,육류판매,LL,다이나믹,140.1419219809867,4.26331656625695,2.905488462611799,8608424112.928036,3660214759.979656,19811399947.499805,10260477581.627441,34048120927.833572,57579224854.6328,95.07555680578598,6963126266.7459135,114.50829223046213,10083293062.859695,2607428815.0266805,1073971983548.7142
20243,11440,마포구,CS300007,육류판매,LL,다이나믹,139.482916888123,5.787763699291768,4.212719649488493,8614417750.48135,3391071760.5875864,19790646614.746765,10348070268.8538,32276122017.547523,59734376220.68184,96.28920787739438,7111319102.709736,116.72298717047481,9622639914.40279,2543377346.1791277,1109254095347.0754
20233,11440,마포구,CS300008,수산물판매,LL,다이나믹,106.2240255764286,1.1471256813173376,-1.3021021324534543,8915395113.16611,3415951297.2306304,18609702978.11119,9209161311.474953,30971438103.652813,54448414561.60556,91.0947293237528,6981540013.0535145,107.29418567691927,9130986838.613918,2825369595.544753,950012306842.113
20234,11440,마포구,CS300008,수산물판매,LL,다이나믹,104.34666575393639,2.3354936616799624,-0.9906533265889315,8471585507.83061,3148345355.736677,19408239207.7884,9775255314.747856,31911508079.92854,56752263311.37163,92.65163410863724,6446052011.65019,109.6266244972278,8908272801.383776,2268266144.883003,1053829502222.5198
20241,11440,마포구,CS300008,수산물판매,LL,다이나믹,102.59287493412974,1.747808681950346,-0.8903161813831094,8911015886.332499,3444823096.221028,20287757273.237366,10141769033.102705,33900916300.710102,59086657784.809265,93.49357498055987,7668183522.0943985,112.22258744583144,9235222361.850727,2556455762.0837874,1058355130436.6521
20242,11440,마포구,CS300008,수산물판매,LL,다이나믹,102.24818539463404,1.5230026127016063,-0.4222471077872374,8608424112.928036,3660214759.979656,19811399947.499805,10260477581.627441,34048120927.833572,57579224854.6328,95.07555680578598,6963126266.7459135,114.50829223046213,10083293062.859695,2607428815.0266805,1073971983548.7142
20243,11440,마포구,CS300008,수산물판매,LL,다이나믹,101.43140747279693,0.865475864356071,-1.5542269234163149,8614417750.48135,3391071760.5875864,19790646614.746765,10348070268.8538,32276122017.547523,59734376220.68184,96.28920787739438,7111319102.709736,116.72298717047481,9622639914.40279,2543377346.1791277,1109254095347.0754
20233,11440,마포구,CS300009,청과상,LL,다이나믹,178.10870864253124,4.223964786957943,2.7931651154366053,8915395113.16611,3415951297.2306304,18609702978.11119,9209161311.474953,30971438103.652813,54448414561.60556,91.0947293237528,6981540013.0535145,107.29418567691927,9130986838.613918,2825369595.544753,950012306842.113
20234,11440,마포구,CS300009,청과상,LL,다이나믹,176.36231662064438,8.954043448971582,2.102116438878596,8471585507.83061,3148345355.736677,19408239207.7884,9775255314.747856,31911508079.92854,56752263311.37163,92.65163410863724,6446052011.65019,109.6266244972278,8908272801.383776,2268266144.883003,1053829502222.5198
20241,11440,마포구,CS300009,청과상,LL,다이나믹,175.91204415254228,3.1029861724857457,1.0149236286535337,8911015886.332499,3444823096.221028,20287757273.237366,10141769033.102705,33900916300.710102,59086657784.809265,93.49357498055987,7668183522.0943985,112.22258744583144,9235222361.850727,2556455762.0837874,1058355130436.6521
20242,11440,마포구,CS300009,청과상,LL,다이나믹,176.65936774635009,7.326453914392722,1.6295348583594507,8608424112.928036,3660214759.979656,19811399947.499805,10260477581.627441,34048120927.833572,57579224854.6328,95.07555680578598,6963126266.7459135,114.50829223046213,10083293062.859695,2607428815.0266805,1073971983548.7142
20243,11440,마포구,CS300009,청과상,LL,다이나믹,177.17250035771858,5.629775398627974,2.790060583171676,8614417750.48135,3391071760.5875864,19790646614.746765,10348070268.8538,32276122017.547523,59734376220.68184,96.28920787739438,7111319102.709736,116.72298717047481,9622639914.40279,2543377346.1791277,1109254095347.0754
20233,11440,마포구,CS300010,반찬가게,LL,다이나믹,432.7414510920195,10.199197270251286,13.757603522940617,8915395113.16611,3415951297.2306304,18609702978.11119,9209161311.474953,30971438103.652813,54448414561.60556,91.0947293237528,6981540013.0535145,107.29418567691927,9130986838.613918,2825369595.544753,950012306842.113
20234,11440,마포구,CS300010,반찬가게,LL,다이나믹,435.0319240009484,16.6491351167309,11.359446571562918,8471585507.83061,3148345355.736677,19408239207.7884,9775255314.747856,31911508079.92854,56752263311.37163,92.65163410863724,6446052011.65019,109.6266244972278,8908272801.383776,2268266144.883003,1053829502222.5198
20241,11440,마포구,CS300010,반찬가게,LL,다이나믹,437.46380920477185,11.969013178235228,11.152298959319356,8911015886.332499,3444823096.221028,20287757273.237366,10141769033.102705,33900916300.710102,59086657784.809265,93.49357498055987,7668183522.0943985,112.22258744583144,9235222361.850727,2556455762.0837874,1058355130436.6521
20242,11440,마포구,CS300010,반찬가게,LL,다이나믹,439.52667347242635,20.64728775938697,13.271993271038959,8608424112.928036,3660214759.979656,19811399947.499805,10260477581.627441,34048120927.833572,57579224854.6328,95.07555680578598,6963126266.7459135,114.50829223046213,10083293062.859695,2607428815.0266805,1073971983548.7142
20243,11440,마포구,CS300010,반찬가게,LL,다이나믹,447.0215308070443,12.196556003955692,13.167496728454271,8614417750.48135,3391071760.5875864,19790646614.746765,10348070268.8538,32276122017.547523,59734376220.68184,96.28920787739438,7111319102.709736,116.72298717047481,9622639914.40279,2543377346.1791277,1109254095347.0754
20233,11440,마포구,CS300011,일반의류,LL,다이나믹,1342.2213584005183,31.82926566794866,54.98141043169931,8915395113.16611,3415951297.2306304,18609702978.11119,9209161311.474953,30971438103.652813,54448414561.60556,91.0947293237528,6981540013.0535145,107.29418567691927,9130986838.613918,2825369595.544753,950012306842.113
20234,11440,마포구,CS300011,일반의류,LL,다이나믹,1330.605823425948,32.72911531973494,39.118776925670076,8471585507.83061,3148345355.736677,19408239207.7884,9775255314.747856,31911508079.92854,56752263311.37163,92.65163410863724,6446052011.65019,109.6266244972278,8908272801.383776,2268266144.883003,1053829502222.5198
20241,11440,마포구,CS300011,일반의류,LL,다이나믹,1333.134191180006,28.750185256775172,44.54934176463184,8911015886.332499,3444823096.221028,20287757273.237366,10141769033.102705,33900916300.710102,59086657784.809265,93.49357498055987,7668183522.0943985,112.22258744583144,9235222361.850727,2556455762.0837874,1058355130436.6521
20242,11440,마포구,CS300011,일반의류,LL,다이나믹,1335.0921697609606,30.352983545131863,49.500523901719426,8608424112.928036,3660214759.979656,19811399947.499805,10260477581.627441,34048120927.833572,57579224854.6328,95.07555680578598,6963126266.7459135,114.50829223046213,10083293062.859695,2607428815.0266805,1073971983548.7142
20243,11440,마포구,CS300011,일반의류,LL,다이나믹,1342.6147160272214,28.237001521102904,57.81534980934009,8614417750.48135,3391071760.5875864,19790646614.746765,10348070268.8538,32276122017.547523,59734376220.68184,96.28920787739438,7111319102.709736,116.72298717047481,9622639914.40279,2543377346.1791277,1109254095347.0754
20233,11440,마포구,CS300014,신발,LL,다이나믹,95.87108069265119,-1.0020921868068715,0.30460342678293795,8915395113.16611,3415951297.2306304,18609702978.11119,9209161311.474953,30971438103.652813,54448414561.60556,91.0947293237528,6981540013.0535145,107.29418567691927,9130986838.613918,2825369595.544753,950012306842.113
20234,11440,마포구,CS300014,신발,LL,다이나믹,93.4032535420116,0.2711653335004014,0.8147678252855665,8471585507.83061,3148345355.736677,19408239207.7884,9775255314.747856,31911508079.92854,56752263311.37163,92.65163410863724,6446052011.65019,109.6266244972278,8908272801.383776,2268266144.883003,1053829502222.5198
20241,11440,마포구,CS300014,신발,LL,다이나믹,92.11810588662293,0.026620867797231218,-1.3563986927112412,8911015886.332499,3444823096.221028,20287757273.237366,10141769033.102705,33900916300.710102,59086657784.809265,93.49357498055987,7668183522.0943985,112.22258744583144,9235222361.850727,2556455762.0837874,1058355130436.6521
20242,11440,마포구,CS300014,신발,LL,다이나믹,90.65576371934996,0.015201187859733567,-0.6451021505715502,8608424112.928036,3660214759.979656,19811399947.499805,10260477581.627441,34048120927.833572,57579224854.6328,95.07555680578598,6963126266.7459135,114.50829223046213,10083293062.859695,2607428815.0266805,1073971983548.7142
20243,11440,마포구,CS300014,신발,LL,다이나믹,90.43811615161928,-1.1213403695103914,-0.4997906825948538,8614417750.48135,3391071760.5875864,19790646614.746765,10348070268.8538,32276122017.547523,59734376220.68184,96.28920787739438,7111319102.709736,116.72298717047481,9622639914.40279,2543377346.1791277,1109254095347.0754
20233,11440,마포구,CS300015,가방,LL,다이나믹,145.0998679819655,6.119245435388882,6.049687308597782,8915395113.16611,3415951297.2306304,18609702978.11119,9209161311.474953,30971438103.652813,54448414561.60556,91.0947293237528,6981540013.0535145,107.29418567691927,9130986838.613918,2825369595.544753,950012306842.113
20234,11440,마포구,CS300015,가방,LL,다이나믹,143.59726644634557,5.148351140591593,1.2417277300429677,8471585507.83061,3148345355.736677,19408239207.7884,9775255314.747856,31911508079.92854,56752263311.37163,92.65163410863724,6446052011.65019,109.6266244972278,8908272801.383776,2268266144.883003,1053829502222.5198
20241,11440,마포구,CS300015,가방,LL,다이나믹,145.15148525589996,4.643891061063635,1.7145720734126675,8911015886.332499,3444823096.221028,20287757273.237366,10141769033.102705,33900916300.710102,59086657784.809265,93.49357498055987,7668183522.0943985,112.22258744583144,9235222361.850727,2556455762.0837874,1058355130436.6521
20242,11440,마포구,CS300015,가방,LL,다이나믹,148.38631824450246,3.60355458491245,4.2910977681085285,8608424112.928036,3660214759.979656,19811399947.499805,10260477581.627441,34048120927.833572,57579224854.6328,95.07555680578598,6963126266.7459135,114.50829223046213,10083293062.859695,2607428815.0266805,1073971983548.7142
20243,11440,마포구,CS300015,가방,LL,다이나믹,148.52247397206858,7.067040940519675,5.548410366112914,8614417750.48135,3391071760.5875864,19790646614.746765,10348070268.8538,32276122017.547523,59734376220.68184,96.28920787739438,7111319102.709736,116.72298717047481,9622639914.40279,2543377346.1791277,1109254095347.0754
20233,11440,마포구,CS300016,안경,LL,다이나믹,134.25883498290273,0.5908756251586351,2.6246672774035753,8915395113.16611,3415951297.2306304,18609702978.11119,9209161311.474953,30971438103.652813,54448414561.60556,91.0947293237528,6981540013.0535145,107.29418567691927,9130986838.613918,2825369595.544753,950012306842.113
20234,11440,마포구,CS300016,안경,LL,다이나믹,134.02648808006975,3.090837530238997,3.2978907467931355,8471585507.83061,3148345355.736677,19408239207.7884,9775255314.747856,31911508079.92854,56752263311.37163,92.65163410863724,6446052011.65019,109.6266244972278,8908272801.383776,2268266144.883003,1053829502222.5198
20241,11440,마포구,CS300016,안경,LL,다이나믹,134.19956082588428,2.3563384485538625,3.45810347806447,8911015886.332499,3444823096.221028,20287757273.237366,10141769033.102705,33900916300.710102,59086657784.809265,93.49357498055987,7668183522.0943985,112.22258744583144,9235222361.850727,2556455762.0837874,1058355130436.6521
20242,11440,마포구,CS300016,안경,LL,다이나믹,138.04460397156703,1.041839936947144,1.8262703604991013,8608424112.928036,3660214759.979656,19811399947.499805,10260477581.627441,34048120927.833572,57579224854.6328,95.07555680578598,6963126266.7459135,114.50829223046213,10083293062.859695,2607428815.0266805,1073971983548.7142
20243,11440,마포구,CS300016,안경,LL,다이나믹,141.4071378387012,0.08793429616666815,2.2862482939728683,8614417750.48135,3391071760.5875864,19790646614.746765,10348070268.8538,32276122017.547523,59734376220.68184,96.28920787739438,7111319102.709736,116.72298717047481,9622639914.40279,2543377346.1791277,1109254095347.0754
20233,11440,마포구,CS300020,서적,LL,다이나믹,271.7923222286938,4.357264709372446,2.093617133369635,8915395113.16611,3415951297.2306304,18609702978.11119,9209161311.474953,30971438103.652813,54448414561.60556,91.0947293237528,6981540013.0535145,107.29418567691927,9130986838.613918,2825369595.544753,950012306842.113
20234,11440,마포구,CS300020,서적,LL,다이나믹,270.04510108008037,4.689304705733823,1.3676343145389747,8471585507.83061,3148345355.736677,19408239207.7884,9775255314.747856,31911508079.92854,56752263311.37163,92.65163410863724,6446052011.65019,109.6266244972278,8908272801.383776,2268266144.883003,1053829502222.5198
20241,11440,마포구,CS300020,서적,LL,다이나믹,268.71919483801054,4.558724278308866,1.7643412612067833,8911015886.332499,3444823096.221028,20287757273.237366,10141769033.102705,33900916300.710102,59086657784.809265,93.49357498055987,7668183522.0943985,112.22258744583144,9235222361.850727,2556455762.0837874,1058355130436.6521
20242,11440,마포구,CS300020,서적,LL,다이나믹,269.55520212964296,7.094047439810266,3.558488696789987,8608424112.928036,3660214759.979656,19811399947.499805,10260477581.627441,34048120927.833572,57579224854.6328,95.07555680578598,6963126266.7459135,114.50829223046213,10083293062.859695,2607428815.0266805,1073971983548.7142
20243,11440,마포구,CS300020,서적,LL,다이나믹,267.93116666288677,5.077631617928704,1.0044266566176618,8614417750.48135,3391071760.5875864,19790646614.746765,10348070268.8538,32276122017.547523,59734376220.68184,96.28920787739438,7111319102.709736,116.72298717047481,9622639914.40279,2543377346.1791277,1109254095347.0754
20233,11440,마포구,CS300021,문구,LL,다이나믹,246.82370827977826,3.820255898083639,4.403366651904174,8915395113.16611,3415951297.2306304,18609702978.11119,9209161311.474953,30971438103.652813,54448414561.60556,91.0947293237528,6981540013.0535145,107.29418567691927,9130986838.613918,2825369595.544753,950012306842.113
20234,11440,마포구,CS300021,문구,LL,다이나믹,246.95804897433896,5.766545521875037,4.916185652863458,8471585507.83061,3148345355.736677,19408239207.7884,9775255314.747856,31911508079.92854,56752263311.37163,92.65163410863724,6446052011.65019,109.6266244972278,8908272801.383776,2268266144.883003,1053829502222.5198
20241,11440,마포구,CS300021,문구,LL,다이나믹,245.19914199034275,4.7559328574014925,6.097581409306586,8911015886.332499,3444823096.221028,20287757273.237366,10141769033.102705,33900916300.710102,59086657784.809265,93.49357498055987,7668183522.0943985,112.22258744583144,9235222361.850727,2556455762.0837874,1058355130436.6521
20242,11440,마포구,CS300021,문구,LL,다이나믹,257.40418258364014,4.838096706284073,10.560445256240229,8608424112.928036,3660214759.979656,19811399947.499805,10260477581.627441,34048120927.833572,57579224854.6328,95.07555680578598,6963126266.7459135,114.50829223046213,10083293062.859695,2607428815.0266805,1073971983548.7142
20243,11440,마포구,CS300021,문구,LL,다이나믹,250.30072423357947,4.036828490290229,5.7951684859392145,8614417750.48135,3391071760.5875864,19790646614.746765,10348070268.8538,32276122017.547523,59734376220.68184,96.28920787739438,7111319102.709736,116.72298717047481,9622639914.40279,2543377346.1791277,1109254095347.0754
20233,11440,마포구,CS300022,화장품,LL,다이나믹,908.5786463964806,29.723467277803973,24.813600758939614,8915395113.16611,3415951297.2306304,18609702978.11119,9209161311.474953,30971438103.652813,54448414561.60556,91.0947293237528,6981540013.0535145,107.29418567691927,9130986838.613918,2825369595.544753,950012306842.113
20234,11440,마포구,CS300022,화장품,LL,다이나믹,889.9005590750426,32.35171434732349,22.89975284173793,8471585507.83061,3148345355.736677,19408239207.7884,9775255314.747856,31911508079.92854,56752263311.37163,92.65163410863724,6446052011.65019,109.6266244972278,8908272801.383776,2268266144.883003,1053829502222.5198
20241,11440,마포구,CS300022,화장품,LL,다이나믹,893.2092747764822,29.256084720730904,22.11229549865506,8911015886.332499,3444823096.221028,20287757273.237366,10141769033.102705,33900916300.710102,59086657784.809265,93.49357498055987,7668183522.0943985,112.22258744583144,9235222361.850727,2556455762.0837874,1058355130436.6521
20242,11440,마포구,CS300022,화장품,LL,다이나믹,892.5774480434084,24.18174382259693,22.024228187649005,8608424112.928036,3660214759.979656,19811399947.499805,10260477581.627441,34048120927.833572,57579224854.6328,95.07555680578598,6963126266.7459135,114.50829223046213,10083293062.859695,2607428815.0266805,1073971983548.7142
20243,11440,마포구,CS300022,화장품,LL,다이나믹,892.8072491926314,34.010503429430734,22.4386719293503,8614417750.48135,3391071760.5875864,19790646614.746765,10348070268.8538,32276122017.547523,59734376220.68184,96.28920787739438,7111319102.709736,116.72298717047481,9622639914.40279,2543377346.1791277,1109254095347.0754
20233,11440,마포구,CS300024,운동/경기용품,LL,다이나믹,153.8885882992093,2.803449952808426,2.7106818720057944,8915395113.16611,3415951297.2306304,18609702978.11119,9209161311.474953,30971438103.652813,54448414561.60556,91.0947293237528,6981540013.0535145,107.29418567691927,9130986838.613918,2825369595.544753,950012306842.113
20234,11440,마포구,CS300024,운동/경기용품,LL,다이나믹,150.14411289143968,3.3948955463398884,3.8785831059703755,8471585507.83061,3148345355.736677,19408239207.7884,9775255314.747856,31911508079.92854,56752263311.37163,92.65163410863724,6446052011.65019,109.6266244972278,8908272801.383776,2268266144.883003,1053829502222.5198
20241,11440,마포구,CS300024,운동/경기용품,LL,다이나믹,150.15762871806012,1.8285059991490957,3.239446380284284,8911015886.332499,3444823096.221028,20287757273.237366,10141769033.102705,33900916300.710102,59086657784.809265,93.49357498055987,7668183522.0943985,112.22258744583144,9235222361.850727,2556455762.0837874,1058355130436.6521
20242,11440,마포구,CS300024,운동/경기용품,LL,다이나믹,149.95823753230962,3.0548673763657224,2.0275383184929265,8608424112.928036,3660214759.979656,19811399947.499805,10260477581.627441,34048120927.833572,57579224854.6328,95.07555680578598,6963126266.7459135,114.50829223046213,10083293062.859695,2607428815.0266805,1073971983548.7142
20243,11440,마포구,CS300024,운동/경기용품,LL,다이나믹,146.25239021725278,2.787384938928996,2.338964991052262,8614417750.48135,3391071760.5875864,19790646614.746765,10348070268.8538,32276122017.547523,59734376220.68184,96.28920787739438,7111319102.709736,116.72298717047481,9622639914.40279,2543377346.1791277,1109254095347.0754
20233,11440,마포구,CS300025,자전거 및 기타운송장비,LL,다이나믹,54.026812409265325,-0.5126230777326807,0.055360289661047446,8915395113.16611,3415951297.2306304,18609702978.11119,9209161311.474953,30971438103.652813,54448414561.60556,91.0947293237528,6981540013.0535145,107.29418567691927,9130986838.613918,2825369595.544753,950012306842.113
20234,11440,마포구,CS300025,자전거 및 기타운송장비,LL,다이나믹,54.76074620676851,-0.3191052773259413,0.7913102979673075,8471585507.83061,3148345355.736677,19408239207.7884,9775255314.747856,31911508079.92854,56752263311.37163,92.65163410863724,6446052011.65019,109.6266244972278,8908272801.383776,2268266144.883003,1053829502222.5198
20241,11440,마포구,CS300025,자전거 및 기타운송장비,LL,다이나믹,55.76051001638558,-0.5725426936932247,0.77733596250232,8911015886.332499,3444823096.221028,20287757273.237366,10141769033.102705,33900916300.710102,59086657784.809265,93.49357498055987,7668183522.0943985,112.22258744583144,9235222361.850727,2556455762.0837874,1058355130436.6521
20242,11440,마포구,CS300025,자전거 및 기타운송장비,LL,다이나믹,56.538309522943436,-0.3561080538243193,0.1625128967880689,8608424112.928036,3660214759.979656,19811399947.499805,10260477581.627441,34048120927.833572,57579224854.6328,95.07555680578598,6963126266.7459135,114.50829223046213,10083293062.859695,2607428815.0266805,1073971983548.7142
20243,11440,마포구,CS300025,자전거 및 기타운송장비,LL,다이나믹,56.55908820392304,-0.9551265369014491,0.08205211403267415,8614417750.48135,3391071760.5875864,19790646614.746765,10348070268.8538,32276122017.547523,59734376220.68184,96.28920787739438,7111319102.709736,116.72298717047481,9622639914.40279,2543377346.1791277,1109254095347.0754
20233,11440,마포구,CS300027,섬유제품,LL,다이나믹,189.77478660851185,0.8995219733134823,6.587354616979399,8915395113.16611,3415951297.2306304,18609702978.11119,9209161311.474953,30971438103.652813,54448414561.60556,91.0947293237528,6981540013.0535145,107.29418567691927,9130986838.613918,2825369595.544753,950012306842.113
20234,11440,마포구,CS300027,섬유제품,LL,다이나믹,196.29588061900904,1.8511506896936583,9.238341835934076,8471585507.83061,3148345355.736677,19408239207.7884,9775255314.747856,31911508079.92854,56752263311.37163,92.65163410863724,6446052011.65019,109.6266244972278,8908272801.383776,2268266144.883003,1053829502222.5198
20241,11440,마포구,CS300027,섬유제품,LL,다이나믹,206.82668799476514,1.334390618364257,9.798439754742686,8911015886.332499,3444823096.221028,20287757273.237366,10141769033.102705,33900916300.710102,59086657784.809265,93.49357498055987,7668183522.0943985,112.22258744583144,9235222361.850727,2556455762.0837874,1058355130436.6521
20242,11440,마포구,CS300027,섬유제품,LL,다이나믹,216.0279482623511,5.552381971245287,10.85717671295286,8608424112.928036,3660214759.979656,19811399947.499805,10260477581.627441,34048120927.833572,57579224854.6328,95.07555680578598,6963126266.7459135,114.50829223046213,10083293062.859695,2607428815.0266805,1073971983548.7142
20243,11440,마포구,CS300027,섬유제품,LL,다이나믹,225.90940369323891,0.1265036707899876,8.667408423742913,8614417750.48135,3391071760.5875864,19790646614.746765,10348070268.8538,32276122017.547523,59734376220.68184,96.28920787739438,7111319102.709736,116.72298717047481,9622639914.40279,2543377346.1791277,1109254095347.0754
20233,11440,마포구,CS300028,화초,LL,다이나믹,346.90376746247466,7.156566426952685,15.52746293569902,8915395113.16611,3415951297.2306304,18609702978.11119,9209161311.474953,30971438103.652813,54448414561.60556,91.0947293237528,6981540013.0535145,107.29418567691927,9130986838.613918,2825369595.544753,950012306842.113
20234,11440,마포구,CS300028,화초,LL,다이나믹,353.9863899456822,6.527411982996266,16.208698797490737,8471585507.83061,3148345355.736677,19408239207.7884,9775255314.747856,31911508079.92854,56752263311.37163,92.65163410863724,6446052011.65019,109.6266244972278,8908272801.383776,2268266144.883003,1053829502222.5198
20241,11440,마포구,CS300028,화초,LL,다이나믹,360.1257341531483,8.998295145560718,18.90399895896318,8911015886.332499,3444823096.221028,20287757273.237366,10141769033.102705,33900916300.710102,59086657784.809265,93.49357498055987,7668183522.0943985,112.22258744583144,9235222361.850727,2556455762.0837874,1058355130436.6521
20242,11440,마포구,CS300028,화초,LL,다이나믹,363.9845637756276,9.409994982237396,14.172551176696237,8608424112.928036,3660214759.979656,19811399947.499805,10260477581.627441,34048120927.833572,57579224854.6328,95.07555680578598,6963126266.7459135,114.50829223046213,10083293062.859695,2607428815.0266805,1073971983548.7142
20243,11440,마포구,CS300028,화초,LL,다이나믹,367.6819228114303,6.642787292246614,16.256720886939704,8614417750.48135,3391071760.5875864,19790646614.746765,10348070268.8538,32276122017.547523,59734376220.68184,96.28920787739438,7111319102.709736,116.72298717047481,9622639914.40279,2543377346.1791277,1109254095347.0754
20233,11440,마포구,CS300029,애완동물,LL,다이나믹,123.10933267727656,6.889500460513812,11.661891100700513,8915395113.16611,3415951297.2306304,18609702978.11119,9209161311.474953,30971438103.652813,54448414561.60556,91.0947293237528,6981540013.0535145,107.29418567691927,9130986838.613918,2825369595.544753,950012306842.113
20234,11440,마포구,CS300029,애완동물,LL,다이나믹,123.83872278239463,8.74468900144327,6.179128720677847,8471585507.83061,3148345355.736677,19408239207.7884,9775255314.747856,31911508079.92854,56752263311.37163,92.65163410863724,6446052011.65019,109.6266244972278,8908272801.383776,2268266144.883003,1053829502222.5198
20241,11440,마포구,CS300029,애완동물,LL,다이나믹,129.92278863872133,6.749915101239684,7.903671210757818,8911015886.332499,3444823096.221028,20287757273.237366,10141769033.102705,33900916300.710102,59086657784.809265,93.49357498055987,7668183522.0943985,112.22258744583144,9235222361.850727,2556455762.0837874,1058355130436.6521
20242,11440,마포구,CS300029,애완동물,LL,다이나믹,129.73964299899262,9.607301648164086,8.576173294714284,8608424112.928036,3660214759.979656,19811399947.499805,10260477581.627441,34048120927.833572,57579224854.6328,95.07555680578598,6963126266.7459135,114.50829223046213,10083293062.859695,2607428815.0266805,1073971983548.7142
20243,11440,마포구,CS300029,애완동물,LL,다이나믹,133.48722178833063,8.56368648219111,10.375274569101748,8614417750.48135,3391071760.5875864,19790646614.746765,10348070268.8538,32276122017.547523,59734376220.68184,96.28920787739438,7111319102.709736,116.72298717047481,9622639914.40279,2543377346.1791277,1109254095347.0754
20233,11440,마포구,CS300031,가구,LL,다이나믹,108.23930634418772,1.67061851699927,2.0240520210890214,8915395113.16611,3415951297.2306304,18609702978.11119,9209161311.474953,30971438103.652813,54448414561.60556,91.0947293237528,6981540013.0535145,107.29418567691927,9130986838.613918,2825369595.544753,950012306842.113
20234,11440,마포구,CS300031,가구,LL,다이나믹,105.42038871003348,2.77828687595413,0.5736348117079366,8471585507.83061,3148345355.736677,19408239207.7884,9775255314.747856,31911508079.92854,56752263311.37163,92.65163410863724,6446052011.65019,109.6266244972278,8908272801.383776,2268266144.883003,1053829502222.5198
20241,11440,마포구,CS300031,가구,LL,다이나믹,103.57076901637015,2.0336116066559597,1.752289614432279,8911015886.332499,3444823096.221028,20287757273.237366,10141769033.102705,33900916300.710102,59086657784.809265,93.49357498055987,7668183522.0943985,112.22258744583144,9235222361.850727,2556455762.0837874,1058355130436.6521
20242,11440,마포구,CS300031,가구,LL,다이나믹,102.66621445364764,2.0410109943547043,2.262944729728994,8608424112.928036,3660214759.979656,19811399947.499805,10260477581.627441,34048120927.833572,57579224854.6328,95.07555680578598,6963126266.7459135,114.50829223046213,10083293062.859695,2607428815.0266805,1073971983548.7142
20243,11440,마포구,CS300031,가구,LL,다이나믹,96.66146581648808,2.9287021823168304,1.3666538190629858,8614417750.48135,3391071760.5875864,19790646614.746765,10348070268.8538,32276122017.547523,59734376220.68184,96.28920787739438,7111319102.709736,116.72298717047481,9622639914.40279,2543377346.1791277,1109254095347.0754
20233,11440,마포구,CS300032,가전제품,LL,다이나믹,143.98617519474914,2.170713248401653,-1.6960574428443376,8915395113.16611,3415951297.2306304,18609702978.11119,9209161311.474953,30971438103.652813,54448414561.60556,91.0947293237528,6981540013.0535145,107.29418567691927,9130986838.613918,2825369595.544753,950012306842.113
20234,11440,마포구,CS300032,가전제품,LL,다이나믹,140.68447713251823,3.2304315005790536,-1.2212388433141181,8471585507.83061,3148345355.736677,19408239207.7884,9775255314.747856,31911508079.92854,56752263311.37163,92.65163410863724,6446052011.65019,109.6266244972278,8908272801.383776,2268266144.883003,1053829502222.5198
20241,11440,마포구,CS300032,가전제품,LL,다이나믹,140.3645510662101,1.84512056528715,0.6533582299209719,8911015886.332499,3444823096.221028,20287757273.237366,10141769033.102705,33900916300.710102,59086657784.809265,93.49357498055987,7668183522.0943985,112.22258744583144,9235222361.850727,2556455762.0837874,1058355130436.6521
20242,11440,마포구,CS300032,가전제품,LL,다이나믹,140.65178586169247,2.3943794617729965,0.6161424867708413,8608424112.928036,3660214759.979656,19811399947.499805,10260477581.627441,34048120927.833572,57579224854.6328,95.07555680578598,6963126266.7459135,114.50829223046213,10083293062.859695,2607428815.0266805,1073971983548.7142
20243,11440,마포구,CS300032,가전제품,LL,다이나믹,141.1817349629904,1.7101970902448054,1.027138285068789,8614417750.48135,3391071760.5875864,19790646614.746765,10348070268.8538,32276122017.547523,59734376220.68184,96.28920787739438,7111319102.709736,116.72298717047481,9622639914.40279,2543377346.1791277,1109254095347.0754
20233,11440,마포구,CS300036,조명용품,LL,다이나믹,202.22456630276923,4.109642175950284,0.006701188809254829,8915395113.16611,3415951297.2306304,18609702978.11119,9209161311.474953,30971438103.652813,54448414561.60556,91.0947293237528,6981540013.0535145,107.29418567691927,9130986838.613918,2825369595.544753,950012306842.113
20234,11440,마포구,CS300036,조명용품,LL,다이나믹,196.56895009935812,4.699969905567925,-0.7268965565262467,8471585507.83061,3148345355.736677,19408239207.7884,9775255314.747856,31911508079.92854,56752263311.37163,92.65163410863724,6446052011.65019,109.6266244972278,8908272801.383776,2268266144.883003,1053829502222.5198
20241,11440,마포구,CS300036,조명용품,LL,다이나믹,192.23281522756366,2.7576272738070378,-2.5050720191068967,8911015886.332499,3444823096.221028,20287757273.237366,10141769033.102705,33900916300.710102,59086657784.809265,93.49357498055987,7668183522.0943985,112.22258744583144,9235222361.850727,2556455762.0837874,1058355130436.6521
20242,11440,마포구,CS300036,조명용품,LL,다이나믹,187.5908325098664,2.1743351970277884,-1.4604667744754438,8608424112.928036,3660214759.979656,19811399947.499805,10260477581.627441,34048120927.833572,57579224854.6328,95.07555680578598,6963126266.7459135,114.50829223046213,10083293062.859695,2607428815.0266805,1073971983548.7142
20243,11440,마포구,CS300036,조명용품,LL,다이나믹,182.57386924053395,4.192595479582425,-1.4621910348624052,8614417750.48135,3391071760.5875864,19790646614.746765,10348070268.8538,32276122017.547523,59734376220.68184,96.28920787739438,7111319102.709736,116.72298717047481,9622639914.40279,2543377346.1791277,1109254095347.0754
20233,11440,마포구,CS300043,전자상거래업,LL,다이나믹,3084.5605326460927,100.64863177147666,119.10119640445359,8915395113.16611,3415951297.2306304,18609702978.11119,9209161311.474953,30971438103.652813,54448414561.60556,91.0947293237528,6981540013.0535145,107.29418567691927,9130986838.613918,2825369595.544753,950012306842.113
20234,11440,마포구,CS300043,전자상거래업,LL,다이나믹,2971.871881228459,138.74123695892231,-26.068958127711625,8471585507.83061,3148345355.736677,19408239207.7884,9775255314.747856,31911508079.92854,56752263311.37163,92.65163410863724,6446052011.65019,109.6266244972278,8908272801.383776,2268266144.883003,1053829502222.5198
20241,11440,마포구,CS300043,전자상거래업,LL,다이나믹,2928.619145210115,118.78921710743816,-18.434923519605604,8911015886.332499,3444823096.221028,20287757273.237366,10141769033.102705,33900916300.710102,59086657784.809265,93.49357498055987,7668183522.0943985,112.22258744583144,9235222361.850727,2556455762.0837874,1058355130436.6521
20242,11440,마포구,CS300043,전자상거래업,LL,다이나믹,2934.2640149906583,127.54023592355243,16.423117471206297,8608424112.928036,3660214759.979656,19811399947.499805,10260477581.627441,34048120927.833572,57579224854.6328,95.07555680578598,6963126266.7459135,114.50829223046213,10083293062.859695,2607428815.0266805,1073971983548.7142
20243,11440,마포구,CS300043,전자상거래업,LL,다이나믹,3029.8956933882796,127.13179866810276,74.88950749317787,8614417750.48135,3391071760.5875864,19790646614.746765,10348070268.8538,32276122017.547523,59734376220.68184,96.28920787739438,7111319102.709736,116.72298717047481,9622639914.40279,2543377346.1791277,1109254095347.0754
