STDR_YYQU_CD,SIGNGU_CD,SIGNGU_CD_NM,SVC_INDUTY_CD,SVC_INDUTY_CD_NM,TRDAR_CHNGE_IX,TRDAR_CHNGE_IX_NM,SIMILR_INDUTY_STOR_CO,SU_CLS_SALE_MT_AVRG,CLSBIZ_STOR_CO,OPBIZ_STOR_CO,CLTHS_FTWR_EXPNDTR_TOTAMT,EDC_EXPNDTR_TOTAMT,FDSTFFS_EXPNDTR_TOTAMT,OPR_SALE_MT_AVRG,TRNSPORT_EXPNDTR_TOTAMT,PLESR_EXPNDTR_TOTAMT,EXPNDTR_TOTAMT,FD_EXPNDTR_TOTAMT,LVSPL_EXPNDTR_TOTAMT,TOT_HSHLD_CO,SUN_FLPOP_CO
20233,11545,금천구,CS100001,한식음식점,LL,다이나믹,1741.387697786643,51.97776192433717,77.63656905281209,89.57105110550343,17681368214.728985,1591986887.5731828,16073573831.642965,103.67797473874643,3534587776.5658774,1800277479.821584,77921659569.60136,13686860000.230206,2049304871.7712152,115072.43677268067,5327898.731883145
20234,11545,금천구,CS100001,한식음식점,LL,다이나믹,1729.7173630005905,52.69131572027656,86.57417495681813,36.335170784881974,12082475000.088343,1438904784.1623402,16291260777.431934,105.95330194866057,3227147718.8289447,1811635041.764164,75009547352.82338,13962725730.85149,6506295167.1692095,92659.96326307788,5483220.820777713
20241,11545,금천구,CS100001,한식음식점,LL,다이나믹,1722.4864998320566,52.76576021139123,79.4232441449765,43.60534947990305,15154140620.148708,1435839230.881802,16441692730.252739,108.52109173593007,3305349466.0717683,1980117884.039448,80463995133.77571,14592147049.183126,7036837829.249229,114830.15382421551,5272739.744422944
20242,11545,금천구,CS100001,한식음식점,LL,다이나믹,1678.82347254049,52.83624740966744,124.14517984783834,34.769437072904175,8467623106.655741,1450256817.9061682,16656707639.050564,111.15698576506853,3451207808.805026,1915671247.5451689,73422836158.59686,14167675419.780846,5985597679.170723,115355.32681174729,5224831.248190708
20243,11545,금천구,CS100001,한식음식점,LL,다이나믹,1653.2115030126722,52.81923223653176,101.79970831619855,48.058845182843804,15911533572.455034,1504455523.5785625,15945870189.971098,114.06413793464671,3171754916.9792724,1879681573.5760043,81368693593.30133,14530661344.542152,5591929071.378916,116176.45465503557,5231663.376866725
20233,11545,금천구,CS100002,중식음식점,LL,다이나믹,225.6338330220447,51.97776192433717,9.029165175994374,14.738528195999471,17681368214.728985,1591986887.5731828,16073573831.642965,103.67797473874643,3534587776.5658774,1800277479.821584,77921659569.60136,13686860000.230206,2049304871.7712152,115072.43677268067,5327898.731883145
20234,11545,금천구,CS100002,중식음식점,LL,다이나믹,227.36066684649953,52.69131572027656,5.024218787627537,9.461561718469941,12082475000.088343,1438904784.1623402,16291260777.431934,105.95330194866057,3227147718.8289447,1811635041.764164,75009547352.82338,13962725730.85149,6506295167.1692095,92659.96326307788,5483220.820777713
20241,11545,금천구,CS100002,중식음식점,LL,다이나믹,231.48571892192297,52.76576021139123,8.509830251078348,17.760269146323957,15154140620.148708,1435839230.881802,16441692730.252739,108.52109173593007,3305349466.0717683,1980117884.039448,80463995133.77571,14592147049.183126,7036837829.249229,114830.15382421551,5272739.744422944
20242,11545,금천구,CS100002,중식음식점,LL,다이나믹,233.6601187070484,52.83624740966744,8.867841588642467,17.817243568374998,8467623106.655741,1450256817.9061682,16656707639.050564,111.15698576506853,3451207808.805026,1915671247.5451689,73422836158.59686,14167675419.780846,5985597679.170723,115355.32681174729,5224831.248190708
20243,11545,금천구,CS100002,중식음식점,LL,다이나믹,235.39478050234806,52.81923223653176,9.416540027142592,15.151562408570078,15911533572.455034,1504455523.5785625,15945870189.971098,114.06413793464671,3171754916.9792724,1879681573.5760043,81368693593.30133,14530661344.542152,5591929071.378916,116176.45465503557,5231663.376866725
20233,11545,금천구,CS100003,일식음식점,LL,다이나믹,122.77725449257191,51.97776192433717,10.008249621138892,3.2611696757182056,17681368214.728985,1591986887.5731828,16073573831.642965,103.67797473874643,3534587776.5658774,1800277479.821584,77921659569.60136,13686860000.230206,2049304871.7712152,115072.43677268067,5327898.731883145
20234,11545,금천구,CS100003,일식음식점,LL,다이나믹,125.54861944595261,52.69131572027656,10.61641299033613,7.747475543016524,12082475000.088343,1438904784.1623402,16291260777.431934,105.95330194866057,3227147718.8289447,1811635041.764164,75009547352.82338,13962725730.85149,6506295167.1692095,92659.96326307788,5483220.820777713
20241,11545,금천구,CS100003,일식음식점,LL,다이나믹,122.80336866388824,52.76576021139123,13.837002191893623,4.922699051734369,15154140620.148708,1435839230.881802,16441692730.252739,108.52109173593007,3305349466.0717683,1980117884.039448,80463995133.77571,14592147049.183126,7036837829.249229,114830.15382421551,5272739.744422944
20242,11545,금천구,CS100003,일식음식점,LL,다이나믹,129.91972435948512,52.83624740966744,17.123409334534998,12.392862099533481,8467623106.655741,1450256817.9061682,16656707639.050564,111.15698576506853,3451207808.805026,1915671247.5451689,73422836158.59686,14167675419.780846,5985597679.170723,115355.32681174729,5224831.248190708
20243,11545,금천구,CS100003,일식음식점,LL,다이나믹,127.43953839314025,52.81923223653176,15.661519983254452,4.075598141425759,15911533572.455034,1504455523.5785625,15945870189.971098,114.06413793464671,3171754916.9792724,1879681573.5760043,81368693593.30133,14530661344.542152,5591929071.378916,116176.45465503557,5231663.376866725
20233,11545,금천구,CS100004,양식음식점,LL,다이나믹,112.82983282615108,51.97776192433717,5.3962394540742,3.7992964502330873,17681368214.728985,1591986887.5731828,16073573831.642965,103.67797473874643,3534587776.5658774,1800277479.821584,77921659569.60136,13686860000.230206,2049304871.7712152,115072.43677268067,5327898.731883145
20234,11545,금천구,CS100004,양식음식점,LL,다이나믹,115.69273585607199,52.69131572027656,5.8361268264615065,5.939387830397551,12082475000.088343,1438904784.1623402,16291260777.431934,105.95330194866057,3227147718.8289447,1811635041.764164,75009547352.82338,13962725730.85149,6506295167.1692095,92659.96326307788,5483220.820777713
20241,11545,금천구,CS100004,양식음식점,LL,다이나믹,119.50068475578719,52.76576021139123,4.463388864025479,6.270687289992858,15154140620.148708,1435839230.881802,16441692730.252739,108.52109173593007,3305349466.0717683,1980117884.039448,80463995133.77571,14592147049.183126,7036837829.249229,114830.15382421551,5272739.744422944
20242,11545,금천구,CS100004,양식음식점,LL,다이나믹,122.80403381149623,52.83624740966744,5.515454949426904,8.006696281000693,8467623106.655741,1450256817.9061682,16656707639.050564,111.15698576506853,3451207808.805026,1915671247.5451689,73422836158.59686,14167675419.780846,5985597679.170723,115355.32681174729,5224831.248190708
20243,11545,금천구,CS100004,양식음식점,LL,다이나믹,122.32424944118229,52.81923223653176,5.652288823052734,3.6009463447525105,15911533572.455034,1504455523.5785625,15945870189.971098,114.06413793464671,3171754916.9792724,1879681573.5760043,81368693593.30133,14530661344.542152,5591929071.378916,116176.45465503557,5231663.376866725
20233,11545,금천구,CS100005,제과점,LL,다이나믹,112.65444595246689,51.97776192433717,4.7729121377494845,7.217476058180758,17681368214.728985,1591986887.5731828,16073573831.642965,103.67797473874643,3534587776.5658774,1800277479.821584,77921659569.60136,13686860000.230206,2049304871.7712152,115072.43677268067,5327898.731883145
20234,11545,금천구,CS100005,제과점,LL,다이나믹,113.70906382651512,52.69131572027656,3.518685278596778,3.900436994184346,12082475000.088343,1438904784.1623402,16291260777.431934,105.95330194866057,3227147718.8289447,1811635041.764164,75009547352.82338,13962725730.85149,6506295167.1692095,92659.96326307788,5483220.820777713
20241,11545,금천구,CS100005,제과점,LL,다이나믹,108.50659231250377,52.76576021139123,4.136849472551316,3.230139301032525,15154140620.148708,1435839230.881802,16441692730.252739,108.52109173593007,3305349466.0717683,1980117884.039448,80463995133.77571,14592147049.183126,7036837829.249229,114830.15382421551,5272739.744422944
20242,11545,금천구,CS100005,제과점,LL,다이나믹,101.77920666178981,52.83624740966744,5.2939388063607575,3.075516436825875,8467623106.655741,1450256817.9061682,16656707639.050564,111.15698576506853,3451207808.805026,1915671247.5451689,73422836158.59686,14167675419.780846,5985597679.170723,115355.32681174729,5224831.248190708
20243,11545,금천구,CS100005,제과점,LL,다이나믹,111.16103621328239,52.81923223653176,4.647765086156367,6.653164701017859,15911533572.455034,1504455523.5785625,15945870189.971098,114.06413793464671,3171754916.9792724,1879681573.5760043,81368693593.30133,14530661344.542152,5591929071.378916,116176.45465503557,5231663.376866725
20233,11545,금천구,CS100006,패스트푸드점,LL,다이나믹,129.27270749065252,51.97776192433717,7.173376187537776,7.583312467210039,17681368214.728985,1591986887.5731828,16073573831.642965,103.67797473874643,3534587776.5658774,1800277479.821584,77921659569.60136,13686860000.230206,2049304871.7712152,115072.43677268067,5327898.731883145
20234,11545,금천구,CS100006,패스트푸드점,LL,다이나믹,123.02502597667574,52.69131572027656,5.077291822706177,1.1985303107585168,12082475000.088343,1438904784.1623402,16291260777.431934,105.95330194866057,3227147718.8289447,1811635041.764164,75009547352.82338,13962725730.85149,6506295167.1692095,92659.96326307788,5483220.820777713
20241,11545,금천구,CS100006,패스트푸드점,LL,다이나믹,120.3605956156292,52.76576021139123,8.574969019986664,3.6527892988694943,15154140620.148708,1435839230.881802,16441692730.252739,108.52109173593007,3305349466.0717683,1980117884.039448,80463995133.77571,14592147049.183126,7036837829.249229,114830.15382421551,5272739.744422944
20242,11545,금천구,CS100006,패스트푸드점,LL,다이나믹,116.92641132867593,52.83624740966744,10.213365211170514,6.379121271877416,8467623106.655741,1450256817.9061682,16656707639.050564,111.15698576506853,3451207808.805026,1915671247.5451689,73422836158.59686,14167675419.780846,5985597679.170723,115355.32681174729,5224831.248190708
20243,11545,금천구,CS100006,패스트푸드점,LL,다이나믹,113.87337242093929,52.81923223653176,8.129256322393855,6.192426011080523,15911533572.455034,1504455523.5785625,15945870189.971098,114.06413793464671,3171754916.9792724,1879681573.5760043,81368693593.30133,14530661344.542152,5591929071.378916,116176.45465503557,5231663.376866725
20233,11545,금천구,CS100007,치킨전문점,LL,다이나믹,152.5553063705774,51.97776192433717,5.178056337444083,8.459455055169347,17681368214.728985,1591986887.5731828,16073573831.642965,103.67797473874643,3534587776.5658774,1800277479.821584,77921659569.60136,13686860000.230206,2049304871.7712152,115072.43677268067,5327898.731883145
20234,11545,금천구,CS100007,치킨전문점,LL,다이나믹,158.08190383991317,52.69131572027656,4.542599006528113,2.359194397658513,12082475000.088343,1438904784.1623402,16291260777.431934,105.95330194866057,3227147718.8289447,1811635041.764164,75009547352.82338,13962725730.85149,6506295167.1692095,92659.96326307788,5483220.820777713
20241,11545,금천구,CS100007,치킨전문점,LL,다이나믹,153.21823163325166,52.76576021139123,7.368597505177979,6.408975888658155,15154140620.148708,1435839230.881802,16441692730.252739,108.52109173593007,3305349466.0717683,1980117884.039448,80463995133.77571,14592147049.183126,7036837829.249229,114830.15382421551,5272739.744422944
20242,11545,금천구,CS100007,치킨전문점,LL,다이나믹,148.90131559763606,52.83624740966744,7.663767214653148,6.044967732792971,8467623106.655741,1450256817.9061682,16656707639.050564,111.15698576506853,3451207808.805026,1915671247.5451689,73422836158.59686,14167675419.780846,5985597679.170723,115355.32681174729,5224831.248190708
20243,11545,금천구,CS100007,치킨전문점,LL,다이나믹,140.71267820012784,52.81923223653176,5.741405870855543,4.915583766997227,15911533572.455034,1504455523.5785625,15945870189.971098,114.06413793464671,3171754916.9792724,1879681573.5760043,81368693593.30133,14530661344.542152,5591929071.378916,116176.45465503557,5231663.376866725
20233,11545,금천구,CS100008,분식전문점,LL,다이나믹,368.95278583775473,51.97776192433717,17.25945308785373,24.318272868841326,17681368214.728985,1591986887.5731828,16073573831.642965,103.67797473874643,3534587776.5658774,1800277479.821584,77921659569.60136,13686860000.230206,2049304871.7712152,115072.43677268067,5327898.731883145
20234,11545,금천구,CS100008,분식전문점,LL,다이나믹,371.08026815341697,52.69131572027656,16.397095170487226,20.996987115972004,12082475000.088343,1438904784.1623402,16291260777.431934,105.95330194866057,3227147718.8289447,1811635041.764164,75009547352.82338,13962725730.85149,6506295167.1692095,92659.96326307788,5483220.820777713
20241,11545,금천구,CS100008,분식전문점,LL,다이나믹,373.16630125678535,52.76576021139123,16.847279075454544,19.506762144289166,15154140620.148708,1435839230.881802,16441692730.252739,108.52109173593007,3305349466.0717683,1980117884.039448,80463995133.77571,14592147049.183126,7036837829.249229,114830.15382421551,5272739.744422944
20242,11545,금천구,CS100008,분식전문점,LL,다이나믹,376.24590540245146,52.83624740966744,16.762353221502966,23.870680323311937,8467623106.655741,1450256817.9061682,16656707639.050564,111.15698576506853,3451207808.805026,1915671247.5451689,73422836158.59686,14167675419.780846,5985597679.170723,115355.32681174729,5224831.248190708
20243,11545,금천구,CS100008,분식전문점,LL,다이나믹,380.2707330059459,52.81923223653176,17.440050540460096,24.83502078493772,15911533572.455034,1504455523.5785625,15945870189.971098,114.06413793464671,3171754916.9792724,1879681573.5760043,81368693593.30133,14530661344.542152,5591929071.378916,116176.45465503557,5231663.376866725
20233,11545,금천구,CS100009,호프-간이주점,LL,다이나믹,252.42953812991578,51.97776192433717,8.744412837419803,1.0684982940607006,17681368214.728985,1591986887.5731828,16073573831.642965,103.67797473874643,3534587776.5658774,1800277479.821584,77921659569.60136,13686860000.230206,2049304871.7712152,115072.43677268067,5327898.731883145
20234,11545,금천구,CS100009,호프-간이주점,LL,다이나믹,255.8995157358732,52.69131572027656,-1.006667510010562,3.6559748544135378,12082475000.088343,1438904784.1623402,16291260777.431934,105.95330194866057,3227147718.8289447,1811635041.764164,75009547352.82338,13962725730.85149,6506295167.1692095,92659.96326307788,5483220.820777713
20241,11545,금천구,CS100009,호프-간이주점,LL,다이나믹,265.1875079117647,52.76576021139123,-2.1413617028427714,15.674118934524992,15154140620.148708,1435839230.881802,16441692730.252739,108.52109173593007,3305349466.0717683,1980117884.039448,80463995133.77571,14592147049.183126,7036837829.249229,114830.15382421551,5272739.744422944
20242,11545,금천구,CS100009,호프-간이주점,LL,다이나믹,273.97938706141775,52.83624740966744,4.133277118817002,9.109329610643499,8467623106.655741,1450256817.9061682,16656707639.050564,111.15698576506853,3451207808.805026,1915671247.5451689,73422836158.59686,14167675419.780846,5985597679.170723,115355.32681174729,5224831.248190708
20243,11545,금천구,CS100009,호프-간이주점,LL,다이나믹,279.28372136080236,52.81923223653176,1.4873215528858816,-1.7364433237338122,15911533572.455034,1504455523.5785625,15945870189.971098,114.06413793464671,3171754916.9792724,1879681573.5760043,81368693593.30133,14530661344.542152,5591929071.378916,116176.45465503557,5231663.376866725
20233,11545,금천구,CS100010,커피-음료,LL,다이나믹,578.71362879975,51.97776192433717,43.01143040758272,35.67678113477584,17681368214.728985,1591986887.5731828,16073573831.642965,103.67797473874643,3534587776.5658774,1800277479.821584,77921659569.60136,13686860000.230206,2049304871.7712152,115072.43677268067,5327898.731883145
20234,11545,금천구,CS100010,커피-음료,LL,다이나믹,582.0705336670422,52.69131572027656,43.01356452348559,30.19823139891968,12082475000.088343,1438904784.1623402,16291260777.431934,105.95330194866057,3227147718.8289447,1811635041.764164,75009547352.82338,13962725730.85149,6506295167.1692095,92659.96326307788,5483220.820777713
20241,11545,금천구,CS100010,커피-음료,LL,다이나믹,595.4854129746521,52.76576021139123,21.529318139304387,35.97285639935905,15154140620.148708,1435839230.881802,16441692730.252739,108.52109173593007,3305349466.0717683,1980117884.039448,80463995133.77571,14592147049.183126,7036837829.249229,114830.15382421551,5272739.744422944
20242,11545,금천구,CS100010,커피-음료,LL,다이나믹,605.2630953564174,52.83624740966744,41.130145321554096,33.0612990629272,8467623106.655741,1450256817.9061682,16656707639.050564,111.15698576506853,3451207808.805026,1915671247.5451689,73422836158.59686,14167675419.780846,5985597679.170723,115355.32681174729,5224831.248190708
20243,11545,금천구,CS100010,커피-음료,LL,다이나믹,616.1557833456282,52.81923223653176,48.46992534103211,34.20844065298736,15911533572.455034,1504455523.5785625,15945870189.971098,114.06413793464671,3171754916.9792724,1879681573.5760043,81368693593.30133,14530661344.542152,5591929071.378916,116176.45465503557,5231663.376866725
20233,11545,금천구,CS200001,일반교습학원,LL,다이나믹,203.24915132974,51.97776192433717,4.681743680246902,0.7685922534812113,17681368214.728985,1591986887.5731828,16073573831.642965,103.67797473874643,3534587776.5658774,1800277479.821584,77921659569.60136,13686860000.230206,2049304871.7712152,115072.43677268067,5327898.731883145
20234,11545,금천구,CS200001,일반교습학원,LL,다이나믹,201.9390182748453,52.69131572027656,6.093027500426645,1.426966739572105,12082475000.088343,1438904784.1623402,16291260777.431934,105.95330194866057,3227147718.8289447,1811635041.764164,75009547352.82338,13962725730.85149,6506295167.1692095,92659.96326307788,5483220.820777713
20241,11545,금천구,CS200001,일반교습학원,LL,다이나믹,202.11535693542308,52.76576021139123,4.085504475748627,-1.0799771956189048,15154140620.148708,1435839230.881802,16441692730.252739,108.52109173593007,3305349466.0717683,1980117884.039448,80463995133.77571,14592147049.183126,7036837829.249229,114830.15382421551,5272739.744422944
20242,11545,금천구,CS200001,일반교습학원,LL,다이나믹,201.80296561499142,52.83624740966744,4.199963588727417,-1.03113499338228,8467623106.655741,1450256817.9061682,16656707639.050564,111.15698576506853,3451207808.805026,1915671247.5451689,73422836158.59686,14167675419.780846,5985597679.170723,115355.32681174729,5224831.248190708
20243,11545,금천구,CS200001,일반교습학원,LL,다이나믹,200.99920135776236,52.81923223653176,4.543243870155541,-1.1287878930469337,15911533572.455034,1504455523.5785625,15945870189.971098,114.06413793464671,3171754916.9792724,1879681573.5760043,81368693593.30133,14530661344.542152,5591929071.378916,116176.45465503557,5231663.376866725
20233,11545,금천구,CS200003,예술학원,LL,다이나믹,162.50123806116366,51.97776192433717,2.9442199822508925,6.341964774151658,17681368214.728985,1591986887.5731828,16073573831.642965,103.67797473874643,3534587776.5658774,1800277479.821584,77921659569.60136,13686860000.230206,2049304871.7712152,115072.43677268067,5327898.731883145
20234,11545,금천구,CS200003,예술학원,LL,다이나믹,161.5368327008388,52.69131572027656,2.2342735458625116,3.420304433578104,12082475000.088343,1438904784.1623402,16291260777.431934,105.95330194866057,3227147718.8289447,1811635041.764164,75009547352.82338,13962725730.85149,6506295167.1692095,92659.96326307788,5483220.820777713
20241,11545,금천구,CS200003,예술학원,LL,다이나믹,162.53100317768485,52.76576021139123,3.668009075066834,3.6065533973957415,15154140620.148708,1435839230.881802,16441692730.252739,108.52109173593007,3305349466.0717683,1980117884.039448,80463995133.77571,14592147049.183126,7036837829.249229,114830.15382421551,5272739.744422944
20242,11545,금천구,CS200003,예술학원,LL,다이나믹,163.4517998761249,52.83624740966744,3.6457218795890487,1.6863798969753092,8467623106.655741,1450256817.9061682,16656707639.050564,111.15698576506853,3451207808.805026,1915671247.5451689,73422836158.59686,14167675419.780846,5985597679.170723,115355.32681174729,5224831.248190708
20243,11545,금천구,CS200003,예술학원,LL,다이나믹,161.41029486006008,52.81923223653176,6.316342461761428,4.622857077151328,15911533572.455034,1504455523.5785625,15945870189.971098,114.06413793464671,3171754916.9792724,1879681573.5760043,81368693593.30133,14530661344.542152,5591929071.378916,116176.45465503557,5231663.376866725
20233,11545,금천구,CS200016,당구장,LL,다이나믹,94.9925183911123,51.97776192433717,0.6333369224552752,0.5200403616190232,17681368214.728985,1591986887.5731828,16073573831.642965,103.67797473874643,3534587776.5658774,1800277479.821584,77921659569.60136,13686860000.230206,2049304871.7712152,115072.43677268067,5327898.731883145
20234,11545,금천구,CS200016,당구장,LL,다이나믹,95.0110114115337,52.69131572027656,2.240598099915955,1.3845314631939087,12082475000.088343,1438904784.1623402,16291260777.431934,105.95330194866057,3227147718.8289447,1811635041.764164,75009547352.82338,13962725730.85149,6506295167.1692095,92659.96326307788,5483220.820777713
20241,11545,금천구,CS200016,당구장,LL,다이나믹,92.38204869255604,52.76576021139123,0.05335261965204552,1.184028333458148,15154140620.148708,1435839230.881802,16441692730.252739,108.52109173593007,3305349466.0717683,1980117884.039448,80463995133.77571,14592147049.183126,7036837829.249229,114830.15382421551,5272739.744422944
20242,11545,금천구,CS200016,당구장,LL,다이나믹,91.22230586177876,52.83624740966744,0.10553076135329564,0.17230962635237668,8467623106.655741,1450256817.9061682,16656707639.050564,111.15698576506853,3451207808.805026,1915671247.5451689,73422836158.59686,14167675419.780846,5985597679.170723,115355.32681174729,5224831.248190708
20243,11545,금천구,CS200016,당구장,LL,다이나믹,90.09164401283893,52.81923223653176,-0.565399004341955,-0.5896190809624062,15911533572.455034,1504455523.5785625,15945870189.971098,114.06413793464671,3171754916.9792724,1879681573.5760043,81368693593.30133,14530661344.542152,5591929071.378916,116176.45465503557,5231663.376866725
20233,11545,금천구,CS200017,골프연습장,LL,다이나믹,60.18004178074644,51.97776192433717,1.3676241529164126,6.613523919135433,17681368214.728985,1591986887.5731828,16073573831.642965,103.67797473874643,3534587776.5658774,1800277479.821584,77921659569.60136,13686860000.230206,2049304871.7712152,115072.43677268067,5327898.731883145
20234,11545,금천구,CS200017,골프연습장,LL,다이나믹,62.26721943498897,52.69131572027656,0.2446988667960842,3.885104827582806,12082475000.088343,1438904784.1623402,16291260777.431934,105.95330194866057,3227147718.8289447,1811635041.764164,75009547352.82338,13962725730.85149,6506295167.1692095,92659.96326307788,5483220.820777713
20241,11545,금천구,CS200017,골프연습장,LL,다이나믹,65.61811353043926,52.76576021139123,1.199642084028514,4.984908024495095,15154140620.148708,1435839230.881802,16441692730.252739,108.52109173593007,3305349466.0717683,1980117884.039448,80463995133.77571,14592147049.183126,7036837829.249229,114830.15382421551,5272739.744422944
20242,11545,금천구,CS200017,골프연습장,LL,다이나믹,69.28500441198683,52.83624740966744,1.951859406216929,7.802849434062109,8467623106.655741,1450256817.9061682,16656707639.050564,111.15698576506853,3451207808.805026,1915671247.5451689,73422836158.59686,14167675419.780846,5985597679.170723,115355.32681174729,5224831.248190708
20243,11545,금천구,CS200017,골프연습장,LL,다이나믹,73.44936042709912,52.81923223653176,0.8673761938448754,7.533822029543351,15911533572.455034,1504455523.5785625,15945870189.971098,114.06413793464671,3171754916.9792724,1879681573.5760043,81368693593.30133,14530661344.542152,5591929071.378916,116176.45465503557,5231663.376866725
20233,11545,금천구,CS200019,PC방,LL,다이나믹,23.33989224428558,51.97776192433717,3.6878229889067766,0.279550873199891,17681368214.728985,1591986887.5731828,16073573831.642965,103.67797473874643,3534587776.5658774,1800277479.821584,77921659569.60136,13686860000.230206,2049304871.7712152,115072.43677268067,5327898.731883145
20234,11545,금천구,CS200019,PC방,LL,다이나믹,21.150242421345204,52.69131572027656,1.182804746124062,0.07979810059553816,12082475000.088343,1438904784.1623402,16291260777.431934,105.95330194866057,3227147718.8289447,1811635041.764164,75009547352.82338,13962725730.85149,6506295167.1692095,92659.96326307788,5483220.820777713
20241,11545,금천구,CS200019,PC방,LL,다이나믹,19.930093478727905,52.76576021139123,2.728896896230917,-0.447347624774182,15154140620.148708,1435839230.881802,16441692730.252739,108.52109173593007,3305349466.0717683,1980117884.039448,80463995133.77571,14592147049.183126,7036837829.249229,114830.15382421551,5272739.744422944
20242,11545,금천구,CS200019,PC방,LL,다이나믹,14.54262396749621,52.83624740966744,3.3472183929707557,-0.9343378026024856,8467623106.655741,1450256817.9061682,16656707639.050564,111.15698576506853,3451207808.805026,1915671247.5451689,73422836158.59686,14167675419.780846,5985597679.170723,115355.32681174729,5224831.248190708
20243,11545,금천구,CS200019,PC방,LL,다이나믹,15.034215266851794,52.81923223653176,2.543841772555232,0.09135676925816139,15911533572.455034,1504455523.5785625,15945870189.971098,114.06413793464671,3171754916.9792724,1879681573.5760043,81368693593.30133,14530661344.542152,5591929071.378916,116176.45465503557,5231663.376866725
20233,11545,금천구,CS200026,자동차미용,LL,다이나믹,47.16211529458498,51.97776192433717,1.0405217280370918,1.3649864445230016,17681368214.728985,1591986887.5731828,16073573831.642965,103.67797473874643,3534587776.5658774,1800277479.821584,77921659569.60136,13686860000.230206,2049304871.7712152,115072.43677268067,5327898.731883145
20234,11545,금천구,CS200026,자동차미용,LL,다이나믹,47.55123769934348,52.69131572027656,0.4476163287709861,0.8428744099389716,12082475000.088343,1438904784.1623402,16291260777.431934,105.95330194866057,3227147718.8289447,1811635041.764164,75009547352.82338,13962725730.85149,6506295167.1692095,92659.96326307788,5483220.820777713
20241,11545,금천구,CS200026,자동차미용,LL,다이나믹,47.34605557561321,52.76576021139123,1.114239177138851,0.23765210008157167,15154140620.148708,1435839230.881802,16441692730.252739,108.52109173593007,3305349466.0717683,1980117884.039448,80463995133.77571,14592147049.183126,7036837829.249229,114830.15382421551,5272739.744422944
20242,11545,금천구,CS200026,자동차미용,LL,다이나믹,49.04568205830011,52.83624740966744,0.8819025657265616,2.207955480622664,8467623106.655741,1450256817.9061682,16656707639.050564,111.15698576506853,3451207808.805026,1915671247.5451689,73422836158.59686,14167675419.780846,5985597679.170723,115355.32681174729,5224831.248190708
20243,11545,금천구,CS200026,자동차미용,LL,다이나믹,49.49928987124113,52.81923223653176,1.0478643129591196,1.4205189055689371,15911533572.455034,1504455523.5785625,15945870189.971098,114.06413793464671,3171754916.9792724,1879681573.5760043,81368693593.30133,14530661344.542152,5591929071.378916,116176.45465503557,5231663.376866725
20233,11545,금천구,CS200031,세탁소,LL,다이나믹,143.5326672813518,51.97776192433717,2.283786970012634,2.3932282372118867,17681368214.728985,1591986887.5731828,16073573831.642965,103.67797473874643,3534587776.5658774,1800277479.821584,77921659569.60136,13686860000.230206,2049304871.7712152,115072.43677268067,5327898.731883145
20234,11545,금천구,CS200031,세탁소,LL,다이나믹,147.51177094070974,52.69131572027656,0.8965854678625544,2.9911144514020833,12082475000.088343,1438904784.1623402,16291260777.431934,105.95330194866057,3227147718.8289447,1811635041.764164,75009547352.82338,13962725730.85149,6506295167.1692095,92659.96326307788,5483220.820777713
20241,11545,금천구,CS200031,세탁소,LL,다이나믹,149.02248511474662,52.76576021139123,0.6579940678373841,2.9996453171444677,15154140620.148708,1435839230.881802,16441692730.252739,108.52109173593007,3305349466.0717683,1980117884.039448,80463995133.77571,14592147049.183126,7036837829.249229,114830.15382421551,5272739.744422944
20242,11545,금천구,CS200031,세탁소,LL,다이나믹,151.9558719928429,52.83624740966744,1.3943167590483334,3.4439078850166505,8467623106.655741,1450256817.9061682,16656707639.050564,111.15698576506853,3451207808.805026,1915671247.5451689,73422836158.59686,14167675419.780846,5985597679.170723,115355.32681174729,5224831.248190708
20243,11545,금천구,CS200031,세탁소,LL,다이나믹,153.5329633416999,52.81923223653176,1.3752909095225845,2.347813798267515,15911533572.455034,1504455523.5785625,15945870189.971098,114.06413793464671,3171754916.9792724,1879681573.5760043,81368693593.30133,14530661344.542152,5591929071.378916,116176.45465503557,5231663.376866725
20233,11545,금천구,CS200032,가전제품수리,LL,다이나믹,106.30967916445373,51.97776192433717,1.6889264095788197,3.0819680232113935,17681368214.728985,1591986887.5731828,16073573831.642965,103.67797473874643,3534587776.5658774,1800277479.821584,77921659569.60136,13686860000.230206,2049304871.7712152,115072.43677268067,5327898.731883145
20234,11545,금천구,CS200032,가전제품수리,LL,다이나믹,107.39482308149344,52.69131572027656,1.2531268673102163,3.375600543276195,12082475000.088343,1438904784.1623402,16291260777.431934,105.95330194866057,3227147718.8289447,1811635041.764164,75009547352.82338,13962725730.85149,6506295167.1692095,92659.96326307788,5483220.820777713
20241,11545,금천구,CS200032,가전제품수리,LL,다이나믹,109.97719859509121,52.76576021139123,1.5611389292432318,4.206520813894582,15154140620.148708,1435839230.881802,16441692730.252739,108.52109173593007,3305349466.0717683,1980117884.039448,80463995133.77571,14592147049.183126,7036837829.249229,114830.15382421551,5272739.744422944
20242,11545,금천구,CS200032,가전제품수리,LL,다이나믹,110.1377871997748,52.83624740966744,1.9127206336677638,3.108060011471837,8467623106.655741,1450256817.9061682,16656707639.050564,111.15698576506853,3451207808.805026,1915671247.5451689,73422836158.59686,14167675419.780846,5985597679.170723,115355.32681174729,5224831.248190708
20243,11545,금천구,CS200032,가전제품수리,LL,다이나믹,111.98560593346487,52.81923223653176,1.8578379649243764,3.168977339261851,15911533572.455034,1504455523.5785625,15945870189.971098,114.06413793464671,3171754916.9792724,1879681573.5760043,81368693593.30133,14530661344.542152,5591929071.378916,116176.45465503557,5231663.376866725
20233,11545,금천구,CS200037,노래방,LL,다이나믹,183.19736723640486,51.97776192433717,6.0041499209235685,3.63516436689897,17681368214.728985,1591986887.5731828,16073573831.642965,103.67797473874643,3534587776.5658774,1800277479.821584,77921659569.60136,13686860000.230206,2049304871.7712152,115072.43677268067,5327898.731883145
20234,11545,금천구,CS200037,노래방,LL,다이나믹,182.8323518297873,52.69131572027656,4.096647161505997,2.969959329001476,12082475000.088343,1438904784.1623402,16291260777.431934,105.95330194866057,3227147718.8289447,1811635041.764164,75009547352.82338,13962725730.85149,6506295167.1692095,92659.96326307788,5483220.820777713
20241,11545,금천구,CS200037,노래방,LL,다이나믹,183.14538612714463,52.76576021139123,3.7137264479428715,4.217630625212351,15154140620.148708,1435839230.881802,16441692730.252739,108.52109173593007,3305349466.0717683,1980117884.039448,80463995133.77571,14592147049.183126,7036837829.249229,114830.15382421551,5272739.744422944
20242,11545,금천구,CS200037,노래방,LL,다이나믹,181.0588621900095,52.83624740966744,7.947607204381322,4.781892666736454,8467623106.655741,1450256817.9061682,16656707639.050564,111.15698576506853,3451207808.805026,1915671247.5451689,73422836158.59686,14167675419.780846,5985597679.170723,115355.32681174729,5224831.248190708
20243,11545,금천구,CS200037,노래방,LL,다이나믹,176.94807751597034,52.81923223653176,8.744653494115191,2.6271978899077384,15911533572.455034,1504455523.5785625,15945870189.971098,114.06413793464671,3171754916.9792724,1879681573.5760043,81368693593.30133,14530661344.542152,5591929071.378916,116176.45465503557,5231663.376866725
20233,11545,금천구,CS300001,슈퍼마켓,LL,다이나믹,373.04347505543865,51.97776192433717,11.433072639138524,7.26446702061166,17681368214.728985,1591986887.5731828,16073573831.642965,103.67797473874643,3534587776.5658774,1800277479.821584,77921659569.60136,13686860000.230206,2049304871.7712152,115072.43677268067,5327898.731883145
20234,11545,금천구,CS300001,슈퍼마켓,LL,다이나믹,369.7675730498001,52.69131572027656,15.066590154503999,9.957784447863663,12082475000.088343,1438904784.1623402,16291260777.431934,105.95330194866057,3227147718.8289447,1811635041.764164,75009547352.82338,13962725730.85149,6506295167.1692095,92659.96326307788,5483220.820777713
20241,11545,금천구,CS300001,슈퍼마켓,LL,다이나믹,370.11620184985804,52.76576021139123,10.571758207090376,15.701479257024342,15154140620.148708,1435839230.881802,16441692730.252739,108.52109173593007,3305349466.0717683,1980117884.039448,80463995133.77571,14592147049.183126,7036837829.249229,114830.15382421551,5272739.744422944
20242,11545,금천구,CS300001,슈퍼마켓,LL,다이나믹,370.6129717770419,52.83624740966744,7.371801261108299,14.046000205776966,8467623106.655741,1450256817.9061682,16656707639.050564,111.15698576506853,3451207808.805026,1915671247.5451689,73422836158.59686,14167675419.780846,5985597679.170723,115355.32681174729,5224831.248190708
20243,11545,금천구,CS300001,슈퍼마켓,LL,다이나믹,367.8713596164801,52.81923223653176,11.050091378654098,9.801688040078194,15911533572.455034,1504455523.5785625,15945870189.971098,114.06413793464671,3171754916.9792724,1879681573.5760043,81368693593.30133,14530661344.542152,5591929071.378916,116176.45465503557,5231663.376866725
20233,11545,금천구,CS300002,편의점,LL,다이나믹,340.05185158267864,51.97776192433717,11.622799963002176,8.160078108038917,17681368214.728985,1591986887.5731828,16073573831.642965,103.67797473874643,3534587776.5658774,1800277479.821584,77921659569.60136,13686860000.230206,2049304871.7712152,115072.43677268067,5327898.731883145
20234,11545,금천구,CS300002,편의점,LL,다이나믹,341.8867662424283,52.69131572027656,5.262056921384547,9.432686009544627,12082475000.088343,1438904784.1623402,16291260777.431934,105.95330194866057,3227147718.8289447,1811635041.764164,75009547352.82338,13962725730.85149,6506295167.1692095,92659.96326307788,5483220.820777713
20241,11545,금천구,CS300002,편의점,LL,다이나믹,339.49311673281204,52.76576021139123,9.380925524908719,9.144773737368022,15154140620.148708,1435839230.881802,16441692730.252739,108.52109173593007,3305349466.0717683,1980117884.039448,80463995133.77571,14592147049.183126,7036837829.249229,114830.15382421551,5272739.744422944
20242,11545,금천구,CS300002,편의점,LL,다이나믹,340.1746694402226,52.83624740966744,7.572003370031207,7.498395629746466,8467623106.655741,1450256817.9061682,16656707639.050564,111.15698576506853,3451207808.805026,1915671247.5451689,73422836158.59686,14167675419.780846,5985597679.170723,115355.32681174729,5224831.248190708
20243,11545,금천구,CS300002,편의점,LL,다이나믹,342.5436066551335,52.81923223653176,6.5273796345729505,6.26470751104313,15911533572.455034,1504455523.5785625,15945870189.971098,114.06413793464671,3171754916.9792724,1879681573.5760043,81368693593.30133,14530661344.542152,5591929071.378916,116176.45465503557,5231663.376866725
20233,11545,금천구,CS300004,핸드폰,LL,다이나믹,150.40592270285234,51.97776192433717,7.73495710661661,1.0000052730701612,17681368214.728985,1591986887.5731828,16073573831.642965,103.67797473874643,3534587776.5658774,1800277479.821584,77921659569.60136,13686860000.230206,2049304871.7712152,115072.43677268067,5327898.731883145
20234,11545,금천구,CS300004,핸드폰,LL,다이나믹,146.23006232008544,52.69131572027656,5.437740796089041,-2.627275153886271,12082475000.088343,1438904784.1623402,16291260777.431934,105.95330194866057,3227147718.8289447,1811635041.764164,75009547352.82338,13962725730.85149,6506295167.1692095,92659.96326307788,5483220.820777713
20241,11545,금천구,CS300004,핸드폰,LL,다이나믹,140.74631862251564,52.76576021139123,7.508877066885012,-2.9411975770852563,15154140620.148708,1435839230.881802,16441692730.252739,108.52109173593007,3305349466.0717683,1980117884.039448,80463995133.77571,14592147049.183126,7036837829.249229,114830.15382421551,5272739.744422944
20242,11545,금천구,CS300004,핸드폰,LL,다이나믹,137.22318363342808,52.83624740966744,6.656782054019309,-3.068249035111772,8467623106.655741,1450256817.9061682,16656707639.050564,111.15698576506853,3451207808.805026,1915671247.5451689,73422836158.59686,14167675419.780846,5985597679.170723,115355.32681174729,5224831.248190708
20243,11545,금천구,CS300004,핸드폰,LL,다이나믹,133.9619653169826,52.81923223653176,8.067150159433979,-2.017382316020949,15911533572.455034,1504455523.5785625,15945870189.971098,114.06413793464671,3171754916.9792724,1879681573.5760043,81368693593.30133,14530661344.542152,5591929071.378916,116176.45465503557,5231663.376866725
20233,11545,금천구,CS300006,미곡판매,LL,다이나믹,51.91295991408416,51.97776192433717,1.3910621441626025,0.9544196097781436,17681368214.728985,1591986887.5731828,16073573831.642965,103.67797473874643,3534587776.5658774,1800277479.821584,77921659569.60136,13686860000.230206,2049304871.7712152,115072.43677268067,5327898.731883145
20234,11545,금천구,CS300006,미곡판매,LL,다이나믹,50.727632456117426,52.69131572027656,1.5528099626034018,-0.7689081189262322,12082475000.088343,1438904784.1623402,16291260777.431934,105.95330194866057,3227147718.8289447,1811635041.764164,75009547352.82338,13962725730.85149,6506295167.1692095,92659.96326307788,5483220.820777713
20241,11545,금천구,CS300006,미곡판매,LL,다이나믹,50.20047810963902,52.76576021139123,1.057454236813209,-0.5135494766439141,15154140620.148708,1435839230.881802,16441692730.252739,108.52109173593007,3305349466.0717683,1980117884.039448,80463995133.77571,14592147049.183126,7036837829.249229,114830.15382421551,5272739.744422944
20242,11545,금천구,CS300006,미곡판매,LL,다이나믹,48.58355246939148,52.83624740966744,1.2778072481726563,-0.7703884378158108,8467623106.655741,1450256817.9061682,16656707639.050564,111.15698576506853,3451207808.805026,1915671247.5451689,73422836158.59686,14167675419.780846,5985597679.170723,115355.32681174729,5224831.248190708
20243,11545,금천구,CS300006,미곡판매,LL,다이나믹,47.47897307233111,52.81923223653176,1.393362992612737,-0.547893410756151,15911533572.455034,1504455523.5785625,15945870189.971098,114.06413793464671,3171754916.9792724,1879681573.5760043,81368693593.30133,14530661344.542152,5591929071.378916,116176.45465503557,5231663.376866725
20233,11545,금천구,CS300007,육류판매,LL,다이나믹,430.5604070262196,51.97776192433717,2.677901287189564,0.6892506955462547,17681368214.728985,1591986887.5731828,16073573831.642965,103.67797473874643,3534587776.5658774,1800277479.821584,77921659569.60136,13686860000.230206,2049304871.7712152,115072.43677268067,5327898.731883145
20234,11545,금천구,CS300007,육류판매,LL,다이나믹,427.0786917719183,52.69131572027656,6.165430797976102,-1.4553697128182566,12082475000.088343,1438904784.1623402,16291260777.431934,105.95330194866057,3227147718.8289447,1811635041.764164,75009547352.82338,13962725730.85149,6506295167.1692095,92659.96326307788,5483220.820777713
20241,11545,금천구,CS300007,육류판매,LL,다이나믹,426.01736146494255,52.76576021139123,11.22102489357117,3.2659912550554906,15154140620.148708,1435839230.881802,16441692730.252739,108.52109173593007,3305349466.0717683,1980117884.039448,80463995133.77571,14592147049.183126,7036837829.249229,114830.15382421551,5272739.744422944
20242,11545,금천구,CS300007,육류판매,LL,다이나믹,425.81500448886464,52.83624740966744,2.0143819452170115,1.4041367028477896,8467623106.655741,1450256817.9061682,16656707639.050564,111.15698576506853,3451207808.805026,1915671247.5451689,73422836158.59686,14167675419.780846,5985597679.170723,115355.32681174729,5224831.248190708
20243,11545,금천구,CS300007,육류판매,LL,다이나믹,423.8984915099602,52.81923223653176,2.9944313602951826,-0.7938966380628183,15911533572.455034,1504455523.5785625,15945870189.971098,114.06413793464671,3171754916.9792724,1879681573.5760043,81368693593.30133,14530661344.542152,5591929071.378916,116176.45465503557,5231663.376866725
20233,11545,금천구,CS300008,수산물판매,LL,다이나믹,96.16539188626274,51.97776192433717,2.1208506605014525,-1.538461100537347,17681368214.728985,1591986887.5731828,16073573831.642965,103.67797473874643,3534587776.5658774,1800277479.821584,77921659569.60136,13686860000.230206,2049304871.7712152,115072.43677268067,5327898.731883145
20234,11545,금천구,CS300008,수산물판매,LL,다이나믹,95.22700916735128,52.69131572027656,1.3381557332317393,0.08881710410356791,12082475000.088343,1438904784.1623402,16291260777.431934,105.95330194866057,3227147718.8289447,1811635041.764164,75009547352.82338,13962725730.85149,6506295167.1692095,92659.96326307788,5483220.820777713
20241,11545,금천구,CS300008,수산물판매,LL,다이나믹,93.77258883777928,52.76576021139123,2.9563653439253863,0.3051866913920318,15154140620.148708,1435839230.881802,16441692730.252739,108.52109173593007,3305349466.0717683,1980117884.039448,80463995133.77571,14592147049.183126,7036837829.249229,114830.15382421551,5272739.744422944
20242,11545,금천구,CS300008,수산물판매,LL,다이나믹,90.99213527229288,52.83624740966744,3.0002557497278697,0.4667269725260903,8467623106.655741,1450256817.9061682,16656707639.050564,111.15698576506853,3451207808.805026,1915671247.5451689,73422836158.59686,14167675419.780846,5985597679.170723,115355.32681174729,5224831.248190708
20243,11545,금천구,CS300008,수산물판매,LL,다이나믹,90.06285938249151,52.81923223653176,0.6579461504913557,-2.0515138509697497,15911533572.455034,1504455523.5785625,15945870189.971098,114.06413793464671,3171754916.9792724,1879681573.5760043,81368693593.30133,14530661344.542152,5591929071.378916,116176.45465503557,5231663.376866725
20233,11545,금천구,CS300009,청과상,LL,다이나믹,139.46244081553712,51.97776192433717,0.532601737509939,4.7707288294442565,17681368214.728985,1591986887.5731828,16073573831.642965,103.67797473874643,3534587776.5658774,1800277479.821584,77921659569.60136,13686860000.230206,2049304871.7712152,115072.43677268067,5327898.731883145
20234,11545,금천구,CS300009,청과상,LL,다이나믹,134.78744314859034,52.69131572027656,2.916193802339562,-0.0444285570348546,12082475000.088343,1438904784.1623402,16291260777.431934,105.95330194866057,3227147718.8289447,1811635041.764164,75009547352.82338,13962725730.85149,6506295167.1692095,92659.96326307788,5483220.820777713
20241,11545,금천구,CS300009,청과상,LL,다이나믹,136.58748849074823,52.76576021139123,-2.1949557599855054,3.649314770998119,15154140620.148708,1435839230.881802,16441692730.252739,108.52109173593007,3305349466.0717683,1980117884.039448,80463995133.77571,14592147049.183126,7036837829.249229,114830.15382421551,5272739.744422944
20242,11545,금천구,CS300009,청과상,LL,다이나믹,137.4092033929527,52.83624740966744,-3.151458134960998,-0.4401451222372952,8467623106.655741,1450256817.9061682,16656707639.050564,111.15698576506853,3451207808.805026,1915671247.5451689,73422836158.59686,14167675419.780846,5985597679.170723,115355.32681174729,5224831.248190708
20243,11545,금천구,CS300009,청과상,LL,다이나믹,135.11018371309044,52.81923223653176,0.3220380407344412,0.6981816036205313,15911533572.455034,1504455523.5785625,15945870189.971098,114.06413793464671,3171754916.9792724,1879681573.5760043,81368693593.30133,14530661344.542152,5591929071.378916,116176.45465503557,5231663.376866725
20233,11545,금천구,CS300010,반찬가게,LL,다이나믹,312.28347835853396,51.97776192433717,7.78043156158391,10.523213160245723,17681368214.728985,1591986887.5731828,16073573831.642965,103.67797473874643,3534587776.5658774,1800277479.821584,77921659569.60136,13686860000.230206,2049304871.7712152,115072.43677268067,5327898.731883145
20234,11545,금천구,CS300010,반찬가게,LL,다이나믹,317.24167620115065,52.69131572027656,9.10131210161935,9.452137174044253,12082475000.088343,1438904784.1623402,16291260777.431934,105.95330194866057,3227147718.8289447,1811635041.764164,75009547352.82338,13962725730.85149,6506295167.1692095,92659.96326307788,5483220.820777713
20241,11545,금천구,CS300010,반찬가게,LL,다이나믹,323.3583324531825,52.76576021139123,5.760995602105128,9.647863946167858,15154140620.148708,1435839230.881802,16441692730.252739,108.52109173593007,3305349466.0717683,1980117884.039448,80463995133.77571,14592147049.183126,7036837829.249229,114830.15382421551,5272739.744422944
20242,11545,금천구,CS300010,반찬가게,LL,다이나믹,324.97829575004084,52.83624740966744,10.080043059233763,11.81499317159953,8467623106.655741,1450256817.9061682,16656707639.050564,111.15698576506853,3451207808.805026,1915671247.5451689,73422836158.59686,14167675419.780846,5985597679.170723,115355.32681174729,5224831.248190708
20243,11545,금천구,CS300010,반찬가게,LL,다이나믹,326.6801608803767,52.81923223653176,8.462969174980886,9.45433914888274,15911533572.455034,1504455523.5785625,15945870189.971098,114.06413793464671,3171754916.9792724,1879681573.5760043,81368693593.30133,14530661344.542152,5591929071.378916,116176.45465503557,5231663.376866725
20233,11545,금천구,CS300011,일반의류,LL,다이나믹,1069.6106315565194,51.97776192433717,41.776400782827565,7.257076166869545,17681368214.728985,1591986887.5731828,16073573831.642965,103.67797473874643,3534587776.5658774,1800277479.821584,77921659569.60136,13686860000.230206,2049304871.7712152,115072.43677268067,5327898.731883145
20234,11545,금천구,CS300011,일반의류,LL,다이나믹,1057.2676068974422,52.69131572027656,40.408612559188306,2.961829848133285,12082475000.088343,1438904784.1623402,16291260777.431934,105.95330194866057,3227147718.8289447,1811635041.764164,75009547352.82338,13962725730.85149,6506295167.1692095,92659.96326307788,5483220.820777713
20241,11545,금천구,CS300011,일반의류,LL,다이나믹,1048.2173237052389,52.76576021139123,32.79222619653046,-19.57798748217389,15154140620.148708,1435839230.881802,16441692730.252739,108.52109173593007,3305349466.0717683,1980117884.039448,80463995133.77571,14592147049.183126,7036837829.249229,114830.15382421551,5272739.744422944
20242,11545,금천구,CS300011,일반의류,LL,다이나믹,1016.7115105999178,52.83624740966744,48.16758677666678,-8.0140469216026,8467623106.655741,1450256817.9061682,16656707639.050564,111.15698576506853,3451207808.805026,1915671247.5451689,73422836158.59686,14167675419.780846,5985597679.170723,115355.32681174729,5224831.248190708
20243,11545,금천구,CS300011,일반의류,LL,다이나믹,982.7000500821634,52.81923223653176,52.38652196454798,-11.235186353864366,15911533572.455034,1504455523.5785625,15945870189.971098,114.06413793464671,3171754916.9792724,1879681573.5760043,81368693593.30133,14530661344.542152,5591929071.378916,116176.45465503557,5231663.376866725
20233,11545,금천구,CS300014,신발,LL,다이나믹,107.98139256996762,51.97776192433717,4.380480631864499,0.7705569440542508,17681368214.728985,1591986887.5731828,16073573831.642965,103.67797473874643,3534587776.5658774,1800277479.821584,77921659569.60136,13686860000.230206,2049304871.7712152,115072.43677268067,5327898.731883145
20234,11545,금천구,CS300014,신발,LL,다이나믹,105.33007111213972,52.69131572027656,2.9911119339018946,-0.04153939124618933,12082475000.088343,1438904784.1623402,16291260777.431934,105.95330194866057,3227147718.8289447,1811635041.764164,75009547352.82338,13962725730.85149,6506295167.1692095,92659.96326307788,5483220.820777713
20241,11545,금천구,CS300014,신발,LL,다이나믹,104.81821323206015,52.76576021139123,3.57566455714013,-0.47861536847792396,15154140620.148708,1435839230.881802,16441692730.252739,108.52109173593007,3305349466.0717683,1980117884.039448,80463995133.77571,14592147049.183126,7036837829.249229,114830.15382421551,5272739.744422944
20242,11545,금천구,CS300014,신발,LL,다이나믹,103.50166863222985,52.83624740966744,4.7578715619648255,1.436675206473793,8467623106.655741,1450256817.9061682,16656707639.050564,111.15698576506853,3451207808.805026,1915671247.5451689,73422836158.59686,14167675419.780846,5985597679.170723,115355.32681174729,5224831.248190708
20243,11545,금천구,CS300014,신발,LL,다이나믹,103.96396975256529,52.81923223653176,4.05759572928274,0.565745991779145,15911533572.455034,1504455523.5785625,15945870189.971098,114.06413793464671,3171754916.9792724,1879681573.5760043,81368693593.30133,14530661344.542152,5591929071.378916,116176.45465503557,5231663.376866725
20233,11545,금천구,CS300015,가방,LL,다이나믹,71.19612176442554,51.97776192433717,2.147035356263499,2.324272915088633,17681368214.728985,1591986887.5731828,16073573831.642965,103.67797473874643,3534587776.5658774,1800277479.821584,77921659569.60136,13686860000.230206,2049304871.7712152,115072.43677268067,5327898.731883145
20234,11545,금천구,CS300015,가방,LL,다이나믹,70.19211466936626,52.69131572027656,1.8936591182441311,-1.0009915325453553,12082475000.088343,1438904784.1623402,16291260777.431934,105.95330194866057,3227147718.8289447,1811635041.764164,75009547352.82338,13962725730.85149,6506295167.1692095,92659.96326307788,5483220.820777713
20241,11545,금천구,CS300015,가방,LL,다이나믹,71.08492253548874,52.76576021139123,1.332142059275312,-0.923080840559375,15154140620.148708,1435839230.881802,16441692730.252739,108.52109173593007,3305349466.0717683,1980117884.039448,80463995133.77571,14592147049.183126,7036837829.249229,114830.15382421551,5272739.744422944
20242,11545,금천구,CS300015,가방,LL,다이나믹,69.5426424455969,52.83624740966744,2.299750427830303,0.08004345803054036,8467623106.655741,1450256817.9061682,16656707639.050564,111.15698576506853,3451207808.805026,1915671247.5451689,73422836158.59686,14167675419.780846,5985597679.170723,115355.32681174729,5224831.248190708
20243,11545,금천구,CS300015,가방,LL,다이나믹,67.9568147968759,52.81923223653176,3.087177058698672,-0.555563959005738,15911533572.455034,1504455523.5785625,15945870189.971098,114.06413793464671,3171754916.9792724,1879681573.5760043,81368693593.30133,14530661344.542152,5591929071.378916,116176.45465503557,5231663.376866725
20233,11545,금천구,CS300016,안경,LL,다이나믹,45.45112146361347,51.97776192433717,0.8998631609967045,1.922546979214276,17681368214.728985,1591986887.5731828,16073573831.642965,103.67797473874643,3534587776.5658774,1800277479.821584,77921659569.60136,13686860000.230206,2049304871.7712152,115072.43677268067,5327898.731883145
20234,11545,금천구,CS300016,안경,LL,다이나믹,46.82074967746763,52.69131572027656,1.1702556982766108,0.7462333911170851,12082475000.088343,1438904784.1623402,16291260777.431934,105.95330194866057,3227147718.8289447,1811635041.764164,75009547352.82338,13962725730.85149,6506295167.1692095,92659.96326307788,5483220.820777713
20241,11545,금천구,CS300016,안경,LL,다이나믹,46.580531503372065,52.76576021139123,0.6998498660794213,0.6466575571435955,15154140620.148708,1435839230.881802,16441692730.252739,108.52109173593007,3305349466.0717683,1980117884.039448,80463995133.77571,14592147049.183126,7036837829.249229,114830.15382421551,5272739.744422944
20242,11545,금천구,CS300016,안경,LL,다이나믹,45.62137804165641,52.83624740966744,0.7176687129319202,1.273063311928148,8467623106.655741,1450256817.9061682,16656707639.050564,111.15698576506853,3451207808.805026,1915671247.5451689,73422836158.59686,14167675419.780846,5985597679.170723,115355.32681174729,5224831.248190708
20243,11545,금천구,CS300016,안경,LL,다이나믹,45.10160753911397,52.81923223653176,0.7645294786898083,1.8612513257980152,15911533572.455034,1504455523.5785625,15945870189.971098,114.06413793464671,3171754916.9792724,1879681573.5760043,81368693593.30133,14530661344.542152,5591929071.378916,116176.45465503557,5231663.376866725
20233,11545,금천구,CS300020,서적,LL,다이나믹,99.33839737535473,51.97776192433717,3.297769748564942,-0.83288588079907,17681368214.728985,1591986887.5731828,16073573831.642965,103.67797473874643,3534587776.5658774,1800277479.821584,77921659569.60136,13686860000.230206,2049304871.7712152,115072.43677268067,5327898.731883145
20234,11545,금천구,CS300020,서적,LL,다이나믹,98.74733805491263,52.69131572027656,5.692259555588414,-0.5171993213392493,12082475000.088343,1438904784.1623402,16291260777.431934,105.95330194866057,3227147718.8289447,1811635041.764164,75009547352.82338,13962725730.85149,6506295167.1692095,92659.96326307788,5483220.820777713
20241,11545,금천구,CS300020,서적,LL,다이나믹,73.25142560664,52.76576021139123,31.12645236481396,-0.8310709435488519,15154140620.148708,1435839230.881802,16441692730.252739,108.52109173593007,3305349466.0717683,1980117884.039448,80463995133.77571,14592147049.183126,7036837829.249229,114830.15382421551,5272739.744422944
20242,11545,금천구,CS300020,서적,LL,다이나믹,73.62604556671201,52.83624740966744,5.451998622014212,-0.629637344273069,8467623106.655741,1450256817.9061682,16656707639.050564,111.15698576506853,3451207808.805026,1915671247.5451689,73422836158.59686,14167675419.780846,5985597679.170723,115355.32681174729,5224831.248190708
20243,11545,금천구,CS300020,서적,LL,다이나믹,74.4182094715592,52.81923223653176,4.379895718930639,-1.370778901928662,15911533572.455034,1504455523.5785625,15945870189.971098,114.06413793464671,3171754916.9792724,1879681573.5760043,81368693593.30133,14530661344.542152,5591929071.378916,116176.45465503557,5231663.376866725
20233,11545,금천구,CS300021,문구,LL,다이나믹,171.29262791554427,51.97776192433717,0.363696112851168,1.9984630848627258,17681368214.728985,1591986887.5731828,16073573831.642965,103.67797473874643,3534587776.5658774,1800277479.821584,77921659569.60136,13686860000.230206,2049304871.7712152,115072.43677268067,5327898.731883145
20234,11545,금천구,CS300021,문구,LL,다이나믹,171.68349922417974,52.69131572027656,3.2155955742648636,1.8818485409952492,12082475000.088343,1438904784.1623402,16291260777.431934,105.95330194866057,3227147718.8289447,1811635041.764164,75009547352.82338,13962725730.85149,6506295167.1692095,92659.96326307788,5483220.820777713
20241,11545,금천구,CS300021,문구,LL,다이나믹,171.29679200105502,52.76576021139123,2.28730165056949,2.63599590752109,15154140620.148708,1435839230.881802,16441692730.252739,108.52109173593007,3305349466.0717683,1980117884.039448,80463995133.77571,14592147049.183126,7036837829.249229,114830.15382421551,5272739.744422944
20242,11545,금천구,CS300021,문구,LL,다이나믹,169.46912861814448,52.83624740966744,2.1492782888173823,0.24714887323543433,8467623106.655741,1450256817.9061682,16656707639.050564,111.15698576506853,3451207808.805026,1915671247.5451689,73422836158.59686,14167675419.780846,5985597679.170723,115355.32681174729,5224831.248190708
20243,11545,금천구,CS300021,문구,LL,다이나믹,170.0033785422047,52.81923223653176,0.6047267030091914,1.1778967829352127,15911533572.455034,1504455523.5785625,15945870189.971098,114.06413793464671,3171754916.9792724,1879681573.5760043,81368693593.30133,14530661344.542152,5591929071.378916,116176.45465503557,5231663.376866725
20233,11545,금천구,CS300022,화장품,LL,다이나믹,647.8353441151,51.97776192433717,9.521576623402524,13.688084935247858,17681368214.728985,1591986887.5731828,16073573831.642965,103.67797473874643,3534587776.5658774,1800277479.821584,77921659569.60136,13686860000.230206,2049304871.7712152,115072.43677268067,5327898.731883145
20234,11545,금천구,CS300022,화장품,LL,다이나믹,633.0259866250224,52.69131572027656,17.544989046906586,2.2822509994416205,12082475000.088343,1438904784.1623402,16291260777.431934,105.95330194866057,3227147718.8289447,1811635041.764164,75009547352.82338,13962725730.85149,6506295167.1692095,92659.96326307788,5483220.820777713
20241,11545,금천구,CS300022,화장품,LL,다이나믹,640.5285767754988,52.76576021139123,8.057186073675272,16.00251976283465,15154140620.148708,1435839230.881802,16441692730.252739,108.52109173593007,3305349466.0717683,1980117884.039448,80463995133.77571,14592147049.183126,7036837829.249229,114830.15382421551,5272739.744422944
20242,11545,금천구,CS300022,화장품,LL,다이나믹,639.9462562842593,52.83624740966744,6.757148947011036,10.452902807165465,8467623106.655741,1450256817.9061682,16656707639.050564,111.15698576506853,3451207808.805026,1915671247.5451689,73422836158.59686,14167675419.780846,5985597679.170723,115355.32681174729,5224831.248190708
20243,11545,금천구,CS300022,화장품,LL,다이나믹,639.9139759623582,52.81923223653176,5.546719605730753,5.883551096947729,15911533572.455034,1504455523.5785625,15945870189.971098,114.06413793464671,3171754916.9792724,1879681573.5760043,81368693593.30133,14530661344.542152,5591929071.378916,116176.45465503557,5231663.376866725
20233,11545,금천구,CS300024,운동/경기용품,LL,다이나믹,155.76998067609918,51.97776192433717,2.322669967762565,-0.7127800034260439,17681368214.728985,1591986887.5731828,16073573831.642965,103.67797473874643,3534587776.5658774,1800277479.821584,77921659569.60136,13686860000.230206,2049304871.7712152,115072.43677268067,5327898.731883145
20234,11545,금천구,CS300024,운동/경기용품,LL,다이나믹,154.2174980023946,52.69131572027656,1.5640888892512335,0.3649543753611202,12082475000.088343,1438904784.1623402,16291260777.431934,105.95330194866057,3227147718.8289447,1811635041.764164,75009547352.82338,13962725730.85149,6506295167.1692095,92659.96326307788,5483220.820777713
20241,11545,금천구,CS300024,운동/경기용품,LL,다이나믹,154.58053071802638,52.76576021139123,2.552156309400649,-0.025389887162699853,15154140620.148708,1435839230.881802,16441692730.252739,108.52109173593007,3305349466.0717683,1980117884.039448,80463995133.77571,14592147049.183126,7036837829.249229,114830.15382421551,5272739.744422944
20242,11545,금천구,CS300024,운동/경기용품,LL,다이나믹,153.0045239953977,52.83624740966744,3.2698839668670012,-1.3499156202281122,8467623106.655741,1450256817.9061682,16656707639.050564,111.15698576506853,3451207808.805026,1915671247.5451689,73422836158.59686,14167675419.780846,5985597679.170723,115355.32681174729,5224831.248190708
20243,11545,금천구,CS300024,운동/경기용품,LL,다이나믹,150.11147177317042,52.81923223653176,2.1849797677405385,-1.9742977137708713,15911533572.455034,1504455523.5785625,15945870189.971098,114.06413793464671,3171754916.9792724,1879681573.5760043,81368693593.30133,14530661344.542152,5591929071.378916,116176.45465503557,5231663.376866725
20233,11545,금천구,CS300025,자전거 및 기타운송장비,LL,다이나믹,18.95078609608218,51.97776192433717,0.49050314157600694,0.07722909412114987,17681368214.728985,1591986887.5731828,16073573831.642965,103.67797473874643,3534587776.5658774,1800277479.821584,77921659569.60136,13686860000.230206,2049304871.7712152,115072.43677268067,5327898.731883145
20234,11545,금천구,CS300025,자전거 및 기타운송장비,LL,다이나믹,17.564048846360507,52.69131572027656,0.8436458826038516,0.7777913722235011,12082475000.088343,1438904784.1623402,16291260777.431934,105.95330194866057,3227147718.8289447,1811635041.764164,75009547352.82338,13962725730.85149,6506295167.1692095,92659.96326307788,5483220.820777713
20241,11545,금천구,CS300025,자전거 및 기타운송장비,LL,다이나믹,17.231817610110866,52.76576021139123,0.3247817912605733,0.168517836867488,15154140620.148708,1435839230.881802,16441692730.252739,108.52109173593007,3305349466.0717683,1980117884.039448,80463995133.77571,14592147049.183126,7036837829.249229,114830.15382421551,5272739.744422944
20242,11545,금천구,CS300025,자전거 및 기타운송장비,LL,다이나믹,17.794489192090563,52.83624740966744,0.34516591448766254,0.37811624481693173,8467623106.655741,1450256817.9061682,16656707639.050564,111.15698576506853,3451207808.805026,1915671247.5451689,73422836158.59686,14167675419.780846,5985597679.170723,115355.32681174729,5224831.248190708
20243,11545,금천구,CS300025,자전거 및 기타운송장비,LL,다이나믹,17.70074854436539,52.81923223653176,0.6479635987596428,0.22143257443625342,15911533572.455034,1504455523.5785625,15945870189.971098,114.06413793464671,3171754916.9792724,1879681573.5760043,81368693593.30133,14530661344.542152,5591929071.378916,116176.45465503557,5231663.376866725
20233,11545,금천구,CS300026,완구,LL,다이나믹,27.7242646081969,51.97776192433717,0.5026613887222614,-0.40992523733622965,17681368214.728985,1591986887.5731828,16073573831.642965,103.67797473874643,3534587776.5658774,1800277479.821584,77921659569.60136,13686860000.230206,2049304871.7712152,115072.43677268067,5327898.731883145
20234,11545,금천구,CS300026,완구,LL,다이나믹,27.56093039194744,52.69131572027656,0.5156421394017473,-0.03954341343170503,12082475000.088343,1438904784.1623402,16291260777.431934,105.95330194866057,3227147718.8289447,1811635041.764164,75009547352.82338,13962725730.85149,6506295167.1692095,92659.96326307788,5483220.820777713
20241,11545,금천구,CS300026,완구,LL,다이나믹,27.827652350696855,52.76576021139123,0.09588900195106309,-0.009932353836385882,15154140620.148708,1435839230.881802,16441692730.252739,108.52109173593007,3305349466.0717683,1980117884.039448,80463995133.77571,14592147049.183126,7036837829.249229,114830.15382421551,5272739.744422944
20242,11545,금천구,CS300026,완구,LL,다이나믹,28.010095392261842,52.83624740966744,0.08815760467086958,0.8708898051682441,8467623106.655741,1450256817.9061682,16656707639.050564,111.15698576506853,3451207808.805026,1915671247.5451689,73422836158.59686,14167675419.780846,5985597679.170723,115355.32681174729,5224831.248190708
20243,11545,금천구,CS300026,완구,LL,다이나믹,27.575303388244905,52.81923223653176,0.4019626188261227,-0.6557933171716,15911533572.455034,1504455523.5785625,15945870189.971098,114.06413793464671,3171754916.9792724,1879681573.5760043,81368693593.30133,14530661344.542152,5591929071.378916,116176.45465503557,5231663.376866725
20233,11545,금천구,CS300027,섬유제품,LL,다이나믹,107.40489877253371,51.97776192433717,-0.0819020287827339,8.791137111826854,17681368214.728985,1591986887.5731828,16073573831.642965,103.67797473874643,3534587776.5658774,1800277479.821584,77921659569.60136,13686860000.230206,2049304871.7712152,115072.43677268067,5327898.731883145
20234,11545,금천구,CS300027,섬유제품,LL,다이나믹,107.70468039796772,52.69131572027656,0.5546659251899243,4.16009318438029,12082475000.088343,1438904784.1623402,16291260777.431934,105.95330194866057,3227147718.8289447,1811635041.764164,75009547352.82338,13962725730.85149,6506295167.1692095,92659.96326307788,5483220.820777713
20241,11545,금천구,CS300027,섬유제품,LL,다이나믹,110.79196079508343,52.76576021139123,1.0094411006260187,9.239823384375894,15154140620.148708,1435839230.881802,16441692730.252739,108.52109173593007,3305349466.0717683,1980117884.039448,80463995133.77571,14592147049.183126,7036837829.249229,114830.15382421551,5272739.744422944
20242,11545,금천구,CS300027,섬유제품,LL,다이나믹,121.50474505375573,52.83624740966744,-0.07379457354588859,10.727296235847334,8467623106.655741,1450256817.9061682,16656707639.050564,111.15698576506853,3451207808.805026,1915671247.5451689,73422836158.59686,14167675419.780846,5985597679.170723,115355.32681174729,5224831.248190708
20243,11545,금천구,CS300027,섬유제품,LL,다이나믹,130.6442036245488,52.81923223653176,-0.363904292500303,10.997702495936743,15911533572.455034,1504455523.5785625,15945870189.971098,114.06413793464671,3171754916.9792724,1879681573.5760043,81368693593.30133,14530661344.542152,5591929071.378916,116176.45465503557,5231663.376866725
20233,11545,금천구,CS300029,애완동물,LL,다이나믹,69.59162110646542,51.97776192433717,0.9262735551959391,4.614880298565979,17681368214.728985,1591986887.5731828,16073573831.642965,103.67797473874643,3534587776.5658774,1800277479.821584,77921659569.60136,13686860000.230206,2049304871.7712152,115072.43677268067,5327898.731883145
20234,11545,금천구,CS300029,애완동물,LL,다이나믹,72.073446241278,52.69131572027656,2.7564623141205673,2.770763705132543,12082475000.088343,1438904784.1623402,16291260777.431934,105.95330194866057,3227147718.8289447,1811635041.764164,75009547352.82338,13962725730.85149,6506295167.1692095,92659.96326307788,5483220.820777713
20241,11545,금천구,CS300029,애완동물,LL,다이나믹,76.86686089760752,52.76576021139123,1.1294352806021903,2.631217814853017,15154140620.148708,1435839230.881802,16441692730.252739,108.52109173593007,3305349466.0717683,1980117884.039448,80463995133.77571,14592147049.183126,7036837829.249229,114830.15382421551,5272739.744422944
20242,11545,금천구,CS300029,애완동물,LL,다이나믹,77.45310887170113,52.83624740966744,2.907019671555524,2.163618778869562,8467623106.655741,1450256817.9061682,16656707639.050564,111.15698576506853,3451207808.805026,1915671247.5451689,73422836158.59686,14167675419.780846,5985597679.170723,115355.32681174729,5224831.248190708
20243,11545,금천구,CS300029,애완동물,LL,다이나믹,76.62711656873246,52.81923223653176,1.0598733708039736,4.417450984683875,15911533572.455034,1504455523.5785625,15945870189.971098,114.06413793464671,3171754916.9792724,1879681573.5760043,81368693593.30133,14530661344.542152,5591929071.378916,116176.45465503557,5231663.376866725
20233,11545,금천구,CS300031,가구,LL,다이나믹,85.88480256329223,51.97776192433717,2.63233383179175,3.0179453015718067,17681368214.728985,1591986887.5731828,16073573831.642965,103.67797473874643,3534587776.5658774,1800277479.821584,77921659569.60136,13686860000.230206,2049304871.7712152,115072.43677268067,5327898.731883145
20234,11545,금천구,CS300031,가구,LL,다이나믹,85.00488700248742,52.69131572027656,2.0289566733456037,0.76295596900923,12082475000.088343,1438904784.1623402,16291260777.431934,105.95330194866057,3227147718.8289447,1811635041.764164,75009547352.82338,13962725730.85149,6506295167.1692095,92659.96326307788,5483220.820777713
20241,11545,금천구,CS300031,가구,LL,다이나믹,85.57419685725654,52.76576021139123,1.4352863768756947,0.6041425304597274,15154140620.148708,1435839230.881802,16441692730.252739,108.52109173593007,3305349466.0717683,1980117884.039448,80463995133.77571,14592147049.183126,7036837829.249229,114830.15382421551,5272739.744422944
20242,11545,금천구,CS300031,가구,LL,다이나믹,84.3009377662341,52.83624740966744,1.7628335502067924,-0.15507109581583145,8467623106.655741,1450256817.9061682,16656707639.050564,111.15698576506853,3451207808.805026,1915671247.5451689,73422836158.59686,14167675419.780846,5985597679.170723,115355.32681174729,5224831.248190708
20243,11545,금천구,CS300031,가구,LL,다이나믹,85.43743105596273,52.81923223653176,1.9835979754627204,1.1452527768354146,15911533572.455034,1504455523.5785625,15945870189.971098,114.06413793464671,3171754916.9792724,1879681573.5760043,81368693593.30133,14530661344.542152,5591929071.378916,116176.45465503557,5231663.376866725
20233,11545,금천구,CS300032,가전제품,LL,다이나믹,145.5114622062709,51.97776192433717,-0.17444545749689144,1.071041225514011,17681368214.728985,1591986887.5731828,16073573831.642965,103.67797473874643,3534587776.5658774,1800277479.821584,77921659569.60136,13686860000.230206,2049304871.7712152,115072.43677268067,5327898.731883145
20234,11545,금천구,CS300032,가전제품,LL,다이나믹,145.18612862240087,52.69131572027656,3.2085600796696125,1.9131620596186956,12082475000.088343,1438904784.1623402,16291260777.431934,105.95330194866057,3227147718.8289447,1811635041.764164,75009547352.82338,13962725730.85149,6506295167.1692095,92659.96326307788,5483220.820777713
20241,11545,금천구,CS300032,가전제품,LL,다이나믹,148.3626459548353,52.76576021139123,1.1218105565274226,0.13660958665225142,15154140620.148708,1435839230.881802,16441692730.252739,108.52109173593007,3305349466.0717683,1980117884.039448,80463995133.77571,14592147049.183126,7036837829.249229,114830.15382421551,5272739.744422944
20242,11545,금천구,CS300032,가전제품,LL,다이나믹,147.22237338531423,52.83624740966744,1.4817854634903755,1.1787286191821549,8467623106.655741,1450256817.9061682,16656707639.050564,111.15698576506853,3451207808.805026,1915671247.5451689,73422836158.59686,14167675419.780846,5985597679.170723,115355.32681174729,5224831.248190708
20243,11545,금천구,CS300032,가전제품,LL,다이나믹,149.27321137844476,52.81923223653176,0.7304163907132837,2.211488409892234,15911533572.455034,1504455523.5785625,15945870189.971098,114.06413793464671,3171754916.9792724,1879681573.5760043,81368693593.30133,14530661344.542152,5591929071.378916,116176.45465503557,5231663.376866725
20233,11545,금천구,CS300036,조명용품,LL,다이나믹,733.9939198891343,51.97776192433717,7.477357568056012,-1.9467842701598055,17681368214.728985,1591986887.5731828,16073573831.642965,103.67797473874643,3534587776.5658774,1800277479.821584,77921659569.60136,13686860000.230206,2049304871.7712152,115072.43677268067,5327898.731883145
20234,11545,금천구,CS300036,조명용품,LL,다이나믹,724.5564891271548,52.69131572027656,9.668517140649895,-2.407719614721503,12082475000.088343,1438904784.1623402,16291260777.431934,105.95330194866057,3227147718.8289447,1811635041.764164,75009547352.82338,13962725730.85149,6506295167.1692095,92659.96326307788,5483220.820777713
20241,11545,금천구,CS300036,조명용품,LL,다이나믹,713.6288353318715,52.76576021139123,4.636259449568286,-7.020252317159056,15154140620.148708,1435839230.881802,16441692730.252739,108.52109173593007,3305349466.0717683,1980117884.039448,80463995133.77571,14592147049.183126,7036837829.249229,114830.15382421551,5272739.744422944
20242,11545,금천구,CS300036,조명용품,LL,다이나믹,702.8862465642908,52.83624740966744,4.559703542133665,-4.118431062254039,8467623106.655741,1450256817.9061682,16656707639.050564,111.15698576506853,3451207808.805026,1915671247.5451689,73422836158.59686,14167675419.780846,5985597679.170723,115355.32681174729,5224831.248190708
20243,11545,금천구,CS300036,조명용품,LL,다이나믹,690.5238895997014,52.81923223653176,7.187134581133803,-6.281581032243103,15911533572.455034,1504455523.5785625,15945870189.971098,114.06413793464671,3171754916.9792724,1879681573.5760043,81368693593.30133,14530661344.542152,5591929071.378916,116176.45465503557,5231663.376866725
20233,11545,금천구,CS300043,전자상거래업,LL,다이나믹,2121.1631468400515,51.97776192433717,48.63734873852475,58.95200734551427,17681368214.728985,1591986887.5731828,16073573831.642965,103.67797473874643,3534587776.5658774,1800277479.821584,77921659569.60136,13686860000.230206,2049304871.7712152,115072.43677268067,5327898.731883145
20234,11545,금천구,CS300043,전자상거래업,LL,다이나믹,2046.7976816397982,52.69131572027656,66.37359455676305,-5.825671519069317,12082475000.088343,1438904784.1623402,16291260777.431934,105.95330194866057,3227147718.8289447,1811635041.764164,75009547352.82338,13962725730.85149,6506295167.1692095,92659.96326307788,5483220.820777713
20241,11545,금천구,CS300043,전자상거래업,LL,다이나믹,2002.1874023789212,52.76576021139123,59.13638227209502,-2.8932362788029,15154140620.148708,1435839230.881802,16441692730.252739,108.52109173593007,3305349466.0717683,1980117884.039448,80463995133.77571,14592147049.183126,7036837829.249229,114830.15382421551,5272739.744422944
20242,11545,금천구,CS300043,전자상거래업,LL,다이나믹,1978.0829155927738,52.83624740966744,51.57586792025649,6.240086350880695,8467623106.655741,1450256817.9061682,16656707639.050564,111.15698576506853,3451207808.805026,1915671247.5451689,73422836158.59686,14167675419.780846,5985597679.170723,115355.32681174729,5224831.248190708
20243,11545,금천구,CS300043,전자상거래업,LL,다이나믹,2005.004659786645,52.81923223653176,41.299021624038076,31.886500107227103,15911533572.455034,1504455523.5785625,15945870189.971098,114.06413793464671,3171754916.9792724,1879681573.5760043,81368693593.30133,14530661344.542152,5591929071.378916,116176.45465503557,5231663.376866725
